investor_id,first_sip_date,last_sip_date,total_sip_transactions,total_sip_amount_inr,max_sip_gap_days,average_sip_gap_days,continuity_status,state,city,city_tier,age_group,gender,annual_income_lakh,kyc_status
INV000001,2024-11-04,2025-01-19,2,47946,76.0,76.0,At Risk,Haryana,Gurugram,T30,36-45,Male,19.9,Verified
INV000002,2024-03-29,2025-05-17,3,7874,238.0,207.0,At Risk,Maharashtra,Pune,T30,46-55,Male,24.0,Verified
INV000003,2024-07-16,2025-03-11,2,17861,238.0,238.0,At Risk,Gujarat,Ahmedabad,T30,26-35,Female,10.6,Verified
INV000004,2024-03-16,2025-05-17,6,48256,265.0,85.4,At Risk,Punjab,Chandigarh,T30,26-35,Male,20.0,Verified
INV000005,2024-09-13,2024-10-11,3,57646,19.0,14.0,Continuous,Punjab,Amritsar,B30,26-35,Female,10.4,Verified
INV000006,2024-01-02,2025-05-11,5,48582,295.0,123.75,At Risk,Madhya Pradesh,Bhopal,B30,46-55,Female,43.0,Verified
INV000007,2024-01-03,2025-02-24,5,82420,177.0,104.5,At Risk,Uttar Pradesh,Kanpur,B30,26-35,Male,21.9,Verified
INV000008,2024-05-27,2025-05-14,6,72853,165.0,70.4,At Risk,Punjab,Amritsar,B30,26-35,Female,18.6,Verified
INV000009,2024-02-20,2024-11-02,4,97638,162.0,85.33,At Risk,Haryana,Gurugram,T30,26-35,Male,17.1,Verified
INV000010,2024-04-11,2025-03-01,6,32183,139.0,64.8,At Risk,Maharashtra,Pune,T30,36-45,Male,13.6,Verified
INV000011,2024-01-03,2024-08-31,7,93920,125.0,40.17,At Risk,West Bengal,Kolkata,T30,26-35,Male,9.6,Verified
INV000012,2024-03-27,2025-04-30,8,40139,132.0,57.0,At Risk,Uttar Pradesh,Kanpur,B30,46-55,Male,51.6,Verified
INV000013,2024-04-18,2025-03-16,7,75613,104.0,55.33,At Risk,Maharashtra,Nashik,B30,18-25,Male,5.2,Verified
INV000014,2024-02-23,2025-05-20,7,140315,128.0,75.33,At Risk,Tamil Nadu,Chennai,T30,18-25,Male,4.3,Verified
INV000015,2025-01-05,2025-01-05,1,48468,0.0,0.0,Continuous,Gujarat,Surat,T30,36-45,Male,27.8,Verified
INV000016,2024-06-18,2024-06-18,1,28090,0.0,0.0,Continuous,Tamil Nadu,Chennai,T30,26-35,Female,21.0,Verified
INV000017,2025-03-23,2025-03-23,1,12884,0.0,0.0,Continuous,Gujarat,Surat,T30,46-55,Female,31.5,Verified
INV000018,2025-01-18,2025-03-09,2,11817,50.0,50.0,At Risk,Telangana,Hyderabad,T30,56+,Male,37.9,Verified
INV000019,2024-01-17,2025-03-02,3,38049,406.0,205.0,At Risk,Gujarat,Ahmedabad,T30,18-25,Female,5.1,Verified
INV000020,2024-06-28,2024-07-14,2,5642,16.0,16.0,Continuous,Delhi,Noida,T30,36-45,Female,17.0,Pending
INV000021,2024-06-06,2025-03-21,3,73676,282.0,144.0,At Risk,Uttar Pradesh,Agra,B30,46-55,Male,76.8,Verified
INV000022,2024-05-18,2024-06-27,2,12221,40.0,40.0,At Risk,Telangana,Hyderabad,T30,36-45,Male,37.4,Verified
INV000023,2024-03-21,2025-05-05,8,202529,115.0,58.57,At Risk,West Bengal,Kolkata,T30,46-55,Female,61.9,Verified
INV000024,2024-05-05,2025-03-04,5,66955,167.0,75.75,At Risk,Delhi,Gurugram,T30,36-45,Female,27.0,Verified
INV000025,2024-05-01,2024-05-01,1,13678,0.0,0.0,Continuous,Haryana,Gurugram,T30,26-35,Male,11.5,Pending
INV000026,2024-01-18,2025-03-27,4,51782,157.0,144.67,At Risk,West Bengal,Kolkata,T30,36-45,Male,29.5,Verified
INV000027,2024-05-29,2025-05-05,2,19078,341.0,341.0,At Risk,Punjab,Chandigarh,T30,26-35,Male,20.7,Verified
INV000028,2024-02-07,2025-05-20,6,84262,238.0,93.6,At Risk,Gujarat,Surat,T30,18-25,Female,6.1,Verified
INV000029,2024-05-16,2025-05-15,7,90012,96.0,60.67,At Risk,Rajasthan,Udaipur,B30,26-35,Female,7.6,Verified
INV000030,2024-02-19,2025-03-06,9,76470,100.0,47.62,At Risk,Delhi,Noida,T30,18-25,Female,5.1,Verified
INV000031,2024-07-13,2025-04-29,3,13721,276.0,145.0,At Risk,Madhya Pradesh,Indore,T30,36-45,Male,27.3,Pending
INV000032,2024-03-01,2025-01-02,4,20796,166.0,102.33,At Risk,Delhi,Noida,T30,36-45,Male,21.8,Verified
INV000033,2024-06-24,2025-05-09,8,46033,87.0,45.57,At Risk,Delhi,New Delhi,T30,36-45,Female,12.4,Verified
INV000034,2025-02-10,2025-02-10,1,936,0.0,0.0,Continuous,Punjab,Chandigarh,T30,26-35,Male,24.5,Verified
INV000035,2024-11-11,2025-04-04,2,1710,144.0,144.0,At Risk,Gujarat,Ahmedabad,T30,26-35,Male,20.9,Verified
INV000036,2024-05-29,2024-09-05,2,11059,99.0,99.0,At Risk,West Bengal,Kolkata,T30,36-45,Male,49.7,Verified
INV000037,2024-11-22,2025-01-24,2,9367,63.0,63.0,At Risk,Rajasthan,Udaipur,B30,26-35,Male,7.5,Verified
INV000038,2024-08-14,2025-03-09,4,72030,183.0,69.0,At Risk,West Bengal,Kolkata,T30,56+,Female,22.4,Verified
INV000039,2024-04-27,2025-04-05,6,99338,129.0,68.6,At Risk,Madhya Pradesh,Bhopal,B30,26-35,Male,6.5,Verified
INV000040,2024-06-26,2025-02-01,5,75547,118.0,55.0,At Risk,Karnataka,Mysore,B30,26-35,Male,14.7,Verified
INV000041,2024-09-30,2024-09-30,1,2747,0.0,0.0,Continuous,Karnataka,Mysore,B30,46-55,Male,25.0,Verified
INV000042,2025-03-14,2025-05-21,4,86054,32.0,22.67,Continuous,Punjab,Amritsar,B30,26-35,Female,15.3,Pending
INV000043,2025-03-31,2025-03-31,1,22261,0.0,0.0,Continuous,Madhya Pradesh,Indore,T30,26-35,Male,23.7,Verified
INV000044,2025-01-11,2025-01-28,2,1876,17.0,17.0,Continuous,Karnataka,Mysore,B30,36-45,Male,34.9,Verified
INV000045,2024-03-13,2025-03-01,6,114438,109.0,70.6,At Risk,Uttar Pradesh,Lucknow,T30,36-45,Male,26.2,Pending
INV000046,2025-02-14,2025-05-26,4,33006,54.0,33.67,At Risk,Gujarat,Ahmedabad,T30,26-35,Female,24.5,Verified
INV000047,2024-01-10,2024-03-27,2,18994,77.0,77.0,At Risk,Haryana,Faridabad,B30,36-45,Male,23.6,Verified
INV000048,2024-03-27,2025-03-30,9,40327,168.0,46.0,At Risk,Rajasthan,Jaipur,T30,36-45,Female,15.0,Verified
INV000049,2024-01-20,2025-05-29,3,37744,425.0,247.5,At Risk,Maharashtra,Nashik,B30,36-45,Male,23.8,Verified
INV000050,2024-08-12,2025-01-02,2,23732,143.0,143.0,At Risk,Maharashtra,Pune,T30,36-45,Male,13.4,Verified
INV000051,2024-02-27,2024-07-25,3,13220,82.0,74.5,At Risk,Haryana,Gurugram,T30,36-45,Male,21.0,Verified
INV000052,2024-03-31,2024-09-28,6,24378,120.0,36.2,At Risk,Tamil Nadu,Coimbatore,B30,26-35,Male,19.1,Verified
INV000053,2025-04-29,2025-05-06,2,9834,7.0,7.0,Continuous,Maharashtra,Pune,T30,36-45,Male,52.3,Verified
INV000054,2024-05-30,2025-02-27,5,16934,103.0,68.25,At Risk,Telangana,Hyderabad,T30,46-55,Female,37.5,Pending
INV000055,2024-01-30,2025-03-05,5,60729,156.0,100.0,At Risk,Karnataka,Bangalore,T30,26-35,Male,13.5,Verified
INV000056,2024-01-10,2025-01-18,6,60977,161.0,74.8,At Risk,Haryana,Faridabad,B30,26-35,Female,22.5,Verified
INV000057,2024-04-30,2025-04-13,8,90907,149.0,49.71,At Risk,Tamil Nadu,Chennai,T30,36-45,Male,59.9,Verified
INV000058,2024-02-08,2024-12-11,5,17010,121.0,76.75,At Risk,Maharashtra,Mumbai,T30,26-35,Male,19.9,Verified
INV000059,2024-01-10,2024-01-10,1,1764,0.0,0.0,Continuous,Maharashtra,Nashik,B30,18-25,Male,5.2,Verified
INV000060,2024-04-26,2024-07-25,2,24574,90.0,90.0,At Risk,Madhya Pradesh,Indore,T30,36-45,Male,45.6,Verified
INV000061,2024-02-21,2024-04-01,3,4229,25.0,20.0,Continuous,Tamil Nadu,Chennai,T30,26-35,Female,23.3,Verified
INV000062,2024-01-30,2025-05-08,5,96430,215.0,116.0,At Risk,Haryana,Faridabad,B30,46-55,Male,22.9,Verified
INV000063,2024-01-19,2025-03-30,3,9210,403.0,218.0,At Risk,Uttar Pradesh,Agra,B30,46-55,Male,88.9,Verified
INV000065,2024-05-06,2025-04-08,4,116319,165.0,112.33,At Risk,Maharashtra,Mumbai,T30,46-55,Female,43.2,Verified
INV000066,2024-11-25,2025-03-03,2,27388,98.0,98.0,At Risk,Haryana,Faridabad,B30,56+,Male,64.2,Verified
INV000067,2024-10-29,2024-10-29,1,538,0.0,0.0,Continuous,Delhi,Gurugram,T30,36-45,Male,19.7,Verified
INV000069,2024-02-14,2025-05-01,10,156054,129.0,49.11,At Risk,Gujarat,Ahmedabad,T30,56+,Female,35.9,Verified
INV000070,2024-03-14,2024-09-14,3,9644,145.0,92.0,At Risk,West Bengal,Kolkata,T30,56+,Female,20.1,Verified
INV000071,2024-03-28,2024-06-09,4,158957,57.0,24.33,At Risk,Madhya Pradesh,Bhopal,B30,26-35,Female,18.2,Pending
INV000072,2024-03-24,2025-05-13,6,49372,247.0,83.0,At Risk,Gujarat,Ahmedabad,T30,18-25,Female,6.4,Verified
INV000073,2024-03-20,2025-04-10,9,113509,112.0,48.25,At Risk,Punjab,Amritsar,B30,18-25,Male,5.5,Verified
INV000074,2024-01-08,2025-05-30,8,106669,191.0,72.57,At Risk,Rajasthan,Jaipur,T30,26-35,Female,8.4,Verified
INV000075,2024-05-01,2025-05-10,6,147761,102.0,74.8,At Risk,Madhya Pradesh,Bhopal,B30,36-45,Male,27.2,Verified
INV000076,2024-02-06,2025-05-10,6,50910,203.0,91.8,At Risk,Gujarat,Ahmedabad,T30,56+,Female,67.1,Verified
INV000078,2025-05-17,2025-05-17,1,28687,0.0,0.0,Continuous,Haryana,Faridabad,B30,26-35,Male,20.2,Verified
INV000079,2024-06-02,2025-04-27,6,42160,90.0,65.8,At Risk,Gujarat,Surat,T30,26-35,Male,17.0,Verified
INV000080,2024-06-27,2025-02-25,4,41699,173.0,81.0,At Risk,Telangana,Hyderabad,T30,26-35,Male,12.4,Verified
INV000081,2024-01-01,2025-05-03,7,54704,167.0,81.33,At Risk,Gujarat,Surat,T30,36-45,Male,31.0,Verified
INV000082,2024-01-09,2025-05-25,7,27594,351.0,83.67,At Risk,Rajasthan,Udaipur,B30,26-35,Female,19.6,Verified
INV000083,2024-08-11,2024-08-11,1,572,0.0,0.0,Continuous,Uttar Pradesh,Kanpur,B30,56+,Female,42.0,Verified
INV000084,2024-02-10,2024-12-12,4,48068,155.0,102.0,At Risk,West Bengal,Kolkata,T30,26-35,Male,11.2,Verified
INV000085,2024-02-02,2025-02-01,5,43372,300.0,91.25,At Risk,Gujarat,Surat,T30,26-35,Female,14.6,Verified
INV000086,2024-02-05,2025-03-13,10,81221,167.0,44.67,At Risk,Karnataka,Mysore,B30,18-25,Female,4.1,Verified
INV000087,2024-02-20,2025-05-29,6,105288,202.0,92.8,At Risk,Rajasthan,Jaipur,T30,36-45,Male,56.2,Verified
INV000088,2024-07-24,2024-08-02,2,9738,9.0,9.0,Continuous,Delhi,Noida,T30,26-35,Male,20.4,Verified
INV000089,2024-05-29,2025-05-28,4,16620,177.0,121.33,At Risk,Maharashtra,Mumbai,T30,26-35,Female,11.2,Verified
INV000090,2024-07-08,2025-04-25,3,12373,249.0,145.5,At Risk,Rajasthan,Udaipur,B30,26-35,Female,23.7,Verified
INV000091,2024-01-04,2024-11-07,8,55134,105.0,44.0,At Risk,Haryana,Gurugram,T30,26-35,Male,14.6,Verified
INV000092,2024-10-18,2024-11-02,3,2680,14.0,7.5,Continuous,Haryana,Gurugram,T30,18-25,Female,3.7,Verified
INV000093,2024-01-30,2024-12-28,7,141515,91.0,55.5,At Risk,Maharashtra,Mumbai,T30,36-45,Female,59.0,Verified
INV000094,2024-04-04,2024-11-14,6,49928,95.0,44.8,At Risk,West Bengal,Kolkata,T30,18-25,Male,3.7,Verified
INV000095,2024-04-19,2025-04-01,6,92823,155.0,69.4,At Risk,West Bengal,Kolkata,T30,18-25,Male,6.5,Verified
INV000096,2024-12-14,2024-12-16,2,17236,2.0,2.0,Continuous,Gujarat,Surat,T30,26-35,Female,13.9,Verified
INV000097,2024-05-10,2025-04-02,7,155107,183.0,54.5,At Risk,Karnataka,Mysore,B30,18-25,Male,6.0,Verified
INV000098,2024-10-02,2025-04-25,5,22158,103.0,51.25,At Risk,Telangana,Hyderabad,T30,36-45,Male,33.8,Verified
INV000099,2024-03-19,2025-03-21,5,27061,206.0,91.75,At Risk,Haryana,Gurugram,T30,36-45,Male,43.5,Verified
INV000100,2024-02-04,2025-04-09,3,82724,275.0,215.0,At Risk,Rajasthan,Udaipur,B30,56+,Male,57.2,Verified
INV000101,2024-02-08,2025-05-08,8,112802,197.0,65.0,At Risk,Madhya Pradesh,Indore,T30,26-35,Male,20.8,Verified
INV000102,2024-02-11,2025-05-13,8,114074,109.0,65.29,At Risk,Gujarat,Surat,T30,26-35,Male,21.9,Verified
INV000103,2024-02-08,2025-03-31,6,20675,232.0,83.4,At Risk,Punjab,Chandigarh,T30,26-35,Female,18.2,Verified
INV000104,2024-01-06,2025-04-10,5,55345,247.0,115.0,At Risk,Madhya Pradesh,Indore,T30,26-35,Male,8.1,Pending
INV000105,2024-01-02,2025-02-04,8,86911,87.0,57.0,At Risk,Punjab,Chandigarh,T30,56+,Male,41.4,Verified
INV000106,2024-12-09,2025-03-31,2,56771,112.0,112.0,At Risk,Uttar Pradesh,Kanpur,B30,18-25,Female,5.1,Verified
INV000107,2024-05-04,2024-11-20,3,19084,200.0,100.0,At Risk,Maharashtra,Mumbai,T30,26-35,Male,14.7,Verified
INV000108,2024-10-11,2025-02-28,3,14990,71.0,70.0,At Risk,Uttar Pradesh,Agra,B30,36-45,Male,26.2,Verified
INV000109,2024-02-29,2025-03-05,9,67651,63.0,46.25,At Risk,Karnataka,Bangalore,T30,26-35,Female,15.0,Verified
INV000110,2024-04-26,2024-12-26,3,16633,194.0,122.0,At Risk,Uttar Pradesh,Agra,B30,46-55,Female,85.3,Verified
INV000111,2024-12-16,2024-12-16,1,11558,0.0,0.0,Continuous,Karnataka,Bangalore,T30,56+,Male,42.5,Verified
INV000112,2024-02-13,2024-10-11,3,21780,216.0,120.5,At Risk,Tamil Nadu,Chennai,T30,26-35,Male,20.5,Verified
INV000113,2024-02-11,2024-12-29,8,84349,144.0,46.0,At Risk,Punjab,Chandigarh,T30,26-35,Female,7.3,Verified
INV000114,2024-05-17,2024-05-17,1,2628,0.0,0.0,Continuous,West Bengal,Kolkata,T30,36-45,Male,59.6,Verified
INV000115,2024-02-02,2025-03-29,4,31235,218.0,140.33,At Risk,Tamil Nadu,Coimbatore,B30,36-45,Male,16.6,Verified
INV000116,2024-04-27,2025-03-08,3,16533,282.0,157.5,At Risk,West Bengal,Kolkata,T30,18-25,Male,3.2,Verified
INV000117,2024-04-04,2025-03-22,4,23230,126.0,117.33,At Risk,Karnataka,Bangalore,T30,26-35,Female,15.6,Verified
INV000118,2024-09-01,2025-03-22,5,32373,152.0,50.5,At Risk,Telangana,Hyderabad,T30,26-35,Male,20.2,Verified
INV000119,2024-09-14,2025-02-03,2,34154,142.0,142.0,At Risk,Rajasthan,Jaipur,T30,26-35,Female,16.8,Verified
INV000120,2024-05-28,2025-01-18,3,30449,223.0,117.5,At Risk,Tamil Nadu,Chennai,T30,26-35,Male,24.4,Verified
INV000121,2024-06-13,2024-11-30,2,10103,170.0,170.0,At Risk,Telangana,Hyderabad,T30,18-25,Male,7.8,Verified
INV000122,2024-03-25,2024-03-25,1,46110,0.0,0.0,Continuous,Madhya Pradesh,Bhopal,B30,36-45,Male,50.0,Verified
INV000123,2024-03-28,2025-03-21,7,113633,142.0,59.67,At Risk,Punjab,Chandigarh,T30,46-55,Male,73.3,Verified
INV000124,2024-02-15,2025-04-24,4,28267,344.0,144.67,At Risk,Punjab,Amritsar,B30,36-45,Female,46.2,Verified
INV000125,2024-06-16,2025-05-25,5,50689,123.0,85.75,At Risk,Tamil Nadu,Coimbatore,B30,36-45,Male,35.6,Verified
INV000126,2025-01-25,2025-01-25,1,548,0.0,0.0,Continuous,Maharashtra,Mumbai,T30,26-35,Male,19.4,Pending
INV000127,2025-02-01,2025-02-01,1,9781,0.0,0.0,Continuous,Delhi,Gurugram,T30,18-25,Male,7.3,Verified
INV000128,2024-03-19,2025-05-03,6,38273,181.0,82.0,At Risk,Rajasthan,Jaipur,T30,36-45,Female,50.9,Verified
INV000129,2024-03-06,2025-05-14,5,61583,256.0,108.5,At Risk,Punjab,Amritsar,B30,26-35,Female,21.4,Verified
INV000130,2024-08-17,2025-02-03,2,25533,170.0,170.0,At Risk,Madhya Pradesh,Indore,T30,56+,Female,69.4,Verified
INV000131,2024-04-05,2025-03-07,7,102201,123.0,56.0,At Risk,Telangana,Hyderabad,T30,36-45,Female,16.8,Verified
INV000132,2024-05-12,2025-05-02,6,88403,139.0,71.0,At Risk,Karnataka,Bangalore,T30,46-55,Female,37.1,Verified
INV000133,2024-02-15,2025-05-01,6,74695,265.0,88.2,At Risk,Karnataka,Bangalore,T30,26-35,Female,11.5,Verified
INV000134,2024-01-20,2024-07-12,3,14726,106.0,87.0,At Risk,Punjab,Chandigarh,T30,36-45,Female,50.2,Verified
INV000135,2024-01-24,2024-09-20,3,27923,238.0,120.0,At Risk,Punjab,Amritsar,B30,18-25,Male,5.7,Verified
INV000136,2024-09-02,2024-09-02,1,820,0.0,0.0,Continuous,Gujarat,Surat,T30,18-25,Male,3.7,Verified
INV000137,2024-05-25,2025-01-24,4,67583,150.0,81.33,At Risk,Rajasthan,Jaipur,T30,26-35,Female,12.0,Verified
INV000138,2024-05-06,2025-05-22,6,156066,220.0,76.2,At Risk,Telangana,Hyderabad,T30,26-35,Male,24.7,Verified
INV000139,2024-03-24,2024-03-24,1,6583,0.0,0.0,Continuous,Punjab,Chandigarh,T30,18-25,Female,7.6,Pending
INV000140,2024-04-09,2024-09-13,2,59751,157.0,157.0,At Risk,Punjab,Amritsar,B30,56+,Male,74.0,Verified
INV000141,2025-03-18,2025-03-18,1,8219,0.0,0.0,Continuous,Maharashtra,Pune,T30,26-35,Male,22.1,Verified
INV000143,2024-02-28,2025-01-01,4,96152,237.0,102.67,At Risk,Haryana,Gurugram,T30,26-35,Male,23.8,Verified
INV000144,2024-01-04,2025-01-03,3,11051,265.0,182.5,At Risk,Delhi,Noida,T30,26-35,Male,19.1,Verified
INV000145,2024-02-17,2025-05-09,6,127034,282.0,89.4,At Risk,Delhi,New Delhi,T30,26-35,Male,9.3,Verified
INV000146,2024-02-12,2025-01-11,6,88618,171.0,66.8,At Risk,Delhi,Gurugram,T30,26-35,Male,14.1,Verified
INV000147,2024-05-11,2025-04-24,4,63649,216.0,116.0,At Risk,Rajasthan,Jaipur,T30,26-35,Male,15.7,Pending
INV000148,2024-03-11,2025-05-01,9,90012,168.0,52.0,At Risk,Telangana,Hyderabad,T30,18-25,Female,3.5,Pending
INV000150,2024-02-15,2025-03-24,5,14915,176.0,100.75,At Risk,Karnataka,Mysore,B30,18-25,Male,3.5,Verified
INV000151,2024-04-14,2025-01-12,3,82907,219.0,136.5,At Risk,Delhi,New Delhi,T30,18-25,Male,5.1,Verified
INV000152,2024-11-21,2024-11-21,1,55234,0.0,0.0,Continuous,Haryana,Faridabad,B30,56+,Female,58.1,Verified
INV000153,2024-06-20,2024-10-30,4,18065,97.0,44.0,At Risk,Karnataka,Mysore,B30,26-35,Male,14.1,Verified
INV000154,2024-05-07,2025-01-18,5,37245,90.0,64.0,At Risk,Haryana,Faridabad,B30,36-45,Male,51.3,Verified
INV000155,2024-06-18,2025-01-28,7,57530,99.0,37.33,At Risk,Madhya Pradesh,Bhopal,B30,26-35,Female,17.4,Verified
INV000156,2024-01-08,2025-05-01,4,16322,344.0,159.67,At Risk,Telangana,Hyderabad,T30,46-55,Male,29.1,Verified
INV000158,2024-03-07,2025-04-23,5,80381,144.0,103.0,At Risk,Madhya Pradesh,Bhopal,B30,36-45,Male,26.1,Verified
INV000159,2024-04-19,2025-05-26,3,38250,218.0,201.0,At Risk,West Bengal,Kolkata,T30,36-45,Male,12.1,Verified
INV000160,2024-08-03,2024-10-16,3,45447,69.0,37.0,At Risk,Tamil Nadu,Chennai,T30,36-45,Female,26.8,Verified
INV000161,2024-02-23,2025-05-06,7,44287,213.0,73.0,At Risk,Rajasthan,Jaipur,T30,18-25,Female,6.8,Pending
INV000162,2024-03-06,2025-05-15,2,18379,435.0,435.0,At Risk,Haryana,Gurugram,T30,26-35,Female,25.0,Verified
INV000163,2024-01-06,2025-03-08,8,58271,80.0,61.0,At Risk,Uttar Pradesh,Kanpur,B30,46-55,Male,70.4,Verified
INV000164,2024-04-17,2025-02-20,6,25253,208.0,61.8,At Risk,Rajasthan,Udaipur,B30,18-25,Male,6.0,Verified
INV000165,2024-03-30,2025-05-29,4,70454,249.0,141.67,At Risk,Punjab,Chandigarh,T30,36-45,Female,18.8,Pending
INV000166,2024-01-06,2025-05-18,4,10913,368.0,166.0,At Risk,Telangana,Hyderabad,T30,26-35,Male,24.4,Verified
INV000167,2024-01-09,2025-02-02,5,33355,195.0,97.5,At Risk,Gujarat,Ahmedabad,T30,56+,Male,55.3,Verified
INV000168,2024-02-22,2024-02-22,1,2090,0.0,0.0,Continuous,Rajasthan,Jaipur,T30,26-35,Male,9.7,Verified
INV000169,2024-03-17,2025-04-28,7,48708,145.0,67.83,At Risk,Rajasthan,Jaipur,T30,26-35,Male,6.9,Verified
INV000170,2024-08-13,2024-08-31,2,15598,18.0,18.0,Continuous,Haryana,Gurugram,T30,36-45,Female,12.4,Verified
INV000171,2024-01-11,2024-04-18,2,1032,98.0,98.0,At Risk,Delhi,Noida,T30,18-25,Female,6.2,Verified
INV000172,2024-04-12,2025-05-17,4,70516,298.0,133.33,At Risk,Delhi,Noida,T30,36-45,Male,53.2,Verified
INV000173,2024-04-18,2025-03-30,7,78387,165.0,57.67,At Risk,Maharashtra,Mumbai,T30,26-35,Male,7.6,Verified
INV000174,2024-01-27,2025-05-19,5,26905,315.0,119.5,At Risk,Karnataka,Bangalore,T30,36-45,Male,58.1,Verified
INV000175,2024-01-12,2025-05-28,7,71320,170.0,83.67,At Risk,Karnataka,Bangalore,T30,26-35,Male,17.3,Verified
INV000176,2024-02-08,2025-03-17,3,54541,204.0,201.5,At Risk,Rajasthan,Jaipur,T30,26-35,Male,13.4,Verified
INV000177,2024-01-16,2025-04-18,8,51520,278.0,65.43,At Risk,Rajasthan,Jaipur,T30,26-35,Male,17.6,Verified
INV000178,2024-06-08,2025-01-24,2,8750,230.0,230.0,At Risk,West Bengal,Kolkata,T30,56+,Female,43.0,Verified
INV000179,2024-05-25,2024-10-31,5,78677,85.0,39.75,At Risk,Rajasthan,Udaipur,B30,26-35,Male,10.0,Verified
INV000180,2024-05-07,2025-03-12,6,15924,229.0,61.8,At Risk,Tamil Nadu,Coimbatore,B30,46-55,Female,24.7,Verified
INV000181,2024-01-05,2024-11-21,3,19264,286.0,160.5,At Risk,Uttar Pradesh,Lucknow,T30,36-45,Male,36.2,Verified
INV000182,2024-04-15,2025-01-22,5,25383,182.0,70.5,At Risk,Tamil Nadu,Chennai,T30,36-45,Male,38.1,Verified
INV000183,2024-02-20,2025-05-14,9,86040,216.0,56.12,At Risk,Tamil Nadu,Coimbatore,B30,26-35,Male,9.8,Verified
INV000184,2024-02-10,2024-02-10,1,6111,0.0,0.0,Continuous,Gujarat,Ahmedabad,T30,36-45,Male,53.1,Verified
INV000185,2024-05-04,2024-11-16,2,14773,196.0,196.0,At Risk,Telangana,Hyderabad,T30,46-55,Male,50.3,Pending
INV000189,2024-01-14,2024-11-16,3,12718,216.0,153.5,At Risk,Uttar Pradesh,Lucknow,T30,36-45,Male,47.3,Verified
INV000190,2024-10-21,2025-05-29,5,33261,97.0,55.0,At Risk,Madhya Pradesh,Indore,T30,26-35,Female,8.2,Verified
INV000191,2024-04-12,2025-03-17,7,68656,161.0,56.5,At Risk,Karnataka,Bangalore,T30,26-35,Male,23.1,Verified
INV000192,2024-02-11,2025-03-16,5,17971,208.0,99.75,At Risk,Haryana,Faridabad,B30,26-35,Male,24.4,Verified
INV000193,2024-01-28,2025-05-08,4,31619,392.0,155.33,At Risk,Delhi,Gurugram,T30,26-35,Female,11.6,Verified
INV000194,2024-05-23,2025-05-06,7,61857,109.0,58.0,At Risk,Maharashtra,Pune,T30,36-45,Male,21.6,Verified
INV000195,2024-04-08,2025-04-30,6,21739,114.0,77.4,At Risk,Madhya Pradesh,Bhopal,B30,36-45,Female,56.5,Verified
INV000196,2024-03-17,2025-05-05,7,80685,176.0,69.0,At Risk,Tamil Nadu,Chennai,T30,26-35,Male,17.9,Pending
INV000197,2025-02-26,2025-02-26,1,20100,0.0,0.0,Continuous,Maharashtra,Mumbai,T30,18-25,Male,6.9,Verified
INV000198,2024-09-07,2024-09-07,1,462,0.0,0.0,Continuous,Punjab,Chandigarh,T30,46-55,Male,21.5,Verified
INV000199,2024-08-13,2025-02-24,4,8715,153.0,65.0,At Risk,Telangana,Hyderabad,T30,36-45,Female,15.7,Verified
INV000200,2024-01-16,2024-12-22,4,59351,244.0,113.67,At Risk,Rajasthan,Udaipur,B30,18-25,Male,4.0,Verified
INV000201,2024-01-17,2025-03-01,9,98278,100.0,51.12,At Risk,Madhya Pradesh,Indore,T30,46-55,Male,87.0,Verified
INV000202,2024-03-21,2025-03-04,2,28207,348.0,348.0,At Risk,Haryana,Gurugram,T30,18-25,Male,4.1,Pending
INV000203,2024-03-19,2024-09-06,5,47750,98.0,42.75,At Risk,Maharashtra,Nashik,B30,26-35,Male,16.0,Verified
INV000204,2025-01-23,2025-03-12,2,70371,48.0,48.0,At Risk,Punjab,Chandigarh,T30,36-45,Male,17.7,Verified
INV000205,2024-01-27,2025-04-09,8,72091,193.0,62.57,At Risk,Haryana,Faridabad,B30,18-25,Male,4.4,Verified
INV000206,2024-09-26,2024-09-26,1,1631,0.0,0.0,Continuous,Punjab,Amritsar,B30,26-35,Male,9.8,Verified
INV000207,2024-04-25,2025-05-10,5,66956,238.0,95.0,At Risk,Madhya Pradesh,Indore,T30,26-35,Female,18.0,Verified
INV000208,2024-06-19,2024-06-19,1,2572,0.0,0.0,Continuous,Gujarat,Surat,T30,36-45,Male,28.3,Verified
INV000209,2025-01-05,2025-01-05,1,503,0.0,0.0,Continuous,Haryana,Faridabad,B30,18-25,Female,5.7,Verified
INV000210,2024-01-14,2025-05-23,8,93572,163.0,70.71,At Risk,Rajasthan,Jaipur,T30,26-35,Male,9.1,Verified
INV000211,2024-02-07,2025-05-16,5,34288,214.0,116.0,At Risk,Punjab,Chandigarh,T30,26-35,Male,17.0,Verified
INV000212,2024-06-18,2024-06-18,1,5127,0.0,0.0,Continuous,Rajasthan,Udaipur,B30,36-45,Male,54.3,Verified
INV000213,2024-03-09,2024-12-04,4,11428,163.0,90.0,At Risk,Punjab,Chandigarh,T30,26-35,Male,19.6,Verified
INV000214,2024-01-11,2025-04-29,6,67357,306.0,94.8,At Risk,Madhya Pradesh,Indore,T30,26-35,Female,20.7,Verified
INV000215,2024-01-18,2025-03-30,5,62098,388.0,109.25,At Risk,Maharashtra,Nashik,B30,26-35,Female,18.3,Verified
INV000216,2024-06-22,2024-12-23,4,68956,107.0,61.33,At Risk,Karnataka,Mysore,B30,26-35,Male,21.9,Verified
INV000217,2024-02-04,2025-05-09,6,44146,183.0,92.0,At Risk,Tamil Nadu,Chennai,T30,56+,Male,50.1,Verified
INV000218,2024-05-31,2024-05-31,1,8003,0.0,0.0,Continuous,Karnataka,Mysore,B30,36-45,Male,18.8,Verified
INV000219,2024-07-01,2025-03-10,3,42184,217.0,126.0,At Risk,Gujarat,Ahmedabad,T30,26-35,Male,22.3,Verified
INV000220,2024-01-12,2025-02-18,5,18162,253.0,100.75,At Risk,Uttar Pradesh,Lucknow,T30,36-45,Male,48.1,Verified
INV000221,2024-11-28,2025-04-16,5,12195,60.0,34.75,At Risk,Uttar Pradesh,Agra,B30,36-45,Female,46.2,Verified
INV000222,2024-07-09,2024-11-05,4,18868,59.0,39.67,At Risk,Maharashtra,Mumbai,T30,36-45,Male,46.7,Pending
INV000223,2024-01-13,2025-04-16,5,84544,172.0,114.75,At Risk,West Bengal,Kolkata,T30,26-35,Male,6.3,Verified
INV000224,2024-07-23,2025-03-04,4,79877,138.0,74.67,At Risk,Telangana,Hyderabad,T30,26-35,Male,23.6,Verified
INV000225,2024-02-10,2025-02-20,4,22825,175.0,125.33,At Risk,Delhi,New Delhi,T30,56+,Male,44.0,Verified
INV000226,2024-06-11,2025-02-19,4,22203,100.0,84.33,At Risk,West Bengal,Kolkata,T30,36-45,Female,39.3,Verified
INV000227,2024-03-09,2024-10-11,3,25988,182.0,108.0,At Risk,Haryana,Gurugram,T30,36-45,Male,29.1,Verified
INV000228,2024-01-10,2025-05-02,9,239176,188.0,59.75,At Risk,Karnataka,Bangalore,T30,26-35,Male,7.2,Verified
INV000229,2024-08-08,2025-05-06,5,32517,102.0,67.75,At Risk,Punjab,Amritsar,B30,26-35,Male,11.0,Verified
INV000230,2024-01-24,2024-09-23,5,36391,112.0,60.75,At Risk,Haryana,Faridabad,B30,18-25,Male,3.3,Verified
INV000231,2024-02-10,2024-08-16,5,17319,87.0,47.0,At Risk,Rajasthan,Udaipur,B30,26-35,Female,22.9,Verified
INV000232,2024-04-12,2024-04-12,1,7200,0.0,0.0,Continuous,Uttar Pradesh,Agra,B30,26-35,Male,15.7,Verified
INV000233,2024-01-10,2024-01-10,1,2177,0.0,0.0,Continuous,Madhya Pradesh,Indore,T30,46-55,Male,16.3,Verified
INV000234,2024-01-01,2025-05-02,5,88987,340.0,121.75,At Risk,Tamil Nadu,Coimbatore,B30,26-35,Male,23.8,Verified
INV000235,2024-05-09,2024-12-18,4,15601,140.0,74.33,At Risk,Delhi,New Delhi,T30,26-35,Male,8.5,Verified
INV000236,2024-01-18,2025-05-02,8,112217,112.0,67.14,At Risk,Karnataka,Bangalore,T30,36-45,Male,26.2,Verified
INV000237,2024-10-09,2024-10-09,1,4141,0.0,0.0,Continuous,Delhi,Gurugram,T30,36-45,Male,43.0,Verified
INV000238,2024-02-08,2025-05-21,6,146422,287.0,93.6,At Risk,Telangana,Hyderabad,T30,36-45,Male,26.3,Verified
INV000239,2024-04-16,2025-03-24,8,161292,105.0,48.86,At Risk,Punjab,Amritsar,B30,36-45,Female,13.2,Verified
INV000240,2024-10-30,2024-10-30,1,2145,0.0,0.0,Continuous,West Bengal,Kolkata,T30,26-35,Female,6.8,Verified
INV000241,2024-06-24,2025-01-31,3,18523,144.0,110.5,At Risk,Telangana,Hyderabad,T30,26-35,Female,16.5,Verified
INV000242,2024-07-12,2024-11-14,3,13738,119.0,62.5,At Risk,Maharashtra,Nashik,B30,36-45,Male,40.2,Verified
INV000243,2024-01-25,2025-04-10,6,58145,137.0,88.2,At Risk,Punjab,Chandigarh,T30,26-35,Male,21.5,Verified
INV000244,2024-02-19,2024-04-29,4,59256,38.0,23.33,At Risk,Telangana,Hyderabad,T30,26-35,Male,24.9,Verified
INV000245,2024-02-08,2025-05-14,6,46023,164.0,92.2,At Risk,Punjab,Amritsar,B30,26-35,Male,6.2,Verified
INV000246,2024-01-18,2024-10-21,4,54530,117.0,92.33,At Risk,Tamil Nadu,Chennai,T30,26-35,Male,19.7,Verified
INV000248,2025-01-03,2025-01-03,1,1963,0.0,0.0,Continuous,Madhya Pradesh,Indore,T30,36-45,Female,28.6,Verified
INV000249,2024-04-09,2025-01-07,7,194759,162.0,45.5,At Risk,Punjab,Amritsar,B30,26-35,Male,13.4,Verified
INV000251,2024-06-04,2025-01-13,2,18933,223.0,223.0,At Risk,Haryana,Faridabad,B30,26-35,Male,19.4,Verified
INV000252,2024-01-25,2024-10-03,6,103128,96.0,50.4,At Risk,Gujarat,Surat,T30,46-55,Female,24.4,Verified
INV000253,2025-04-16,2025-04-16,1,26261,0.0,0.0,Continuous,Delhi,New Delhi,T30,26-35,Female,7.2,Verified
INV000254,2024-08-26,2025-05-02,2,51387,249.0,249.0,At Risk,Haryana,Gurugram,T30,18-25,Female,3.7,Verified
INV000255,2024-03-05,2024-11-03,6,34653,103.0,48.6,At Risk,Haryana,Gurugram,T30,26-35,Female,19.9,Verified
INV000256,2024-03-02,2025-02-16,6,31902,155.0,70.2,At Risk,Delhi,New Delhi,T30,36-45,Male,14.0,Pending
INV000257,2024-05-03,2025-05-11,5,75200,197.0,93.25,At Risk,Gujarat,Surat,T30,36-45,Male,27.9,Verified
INV000258,2024-05-31,2024-05-31,1,11103,0.0,0.0,Continuous,Gujarat,Surat,T30,26-35,Male,11.6,Verified
INV000259,2024-01-25,2025-01-12,6,81938,165.0,70.6,At Risk,Tamil Nadu,Coimbatore,B30,36-45,Male,17.2,Verified
INV000260,2024-01-08,2025-02-28,8,139633,206.0,59.57,At Risk,Delhi,Gurugram,T30,18-25,Male,4.1,Verified
INV000261,2024-01-14,2025-02-11,4,49611,234.0,131.33,At Risk,Gujarat,Ahmedabad,T30,18-25,Male,3.5,Verified
INV000262,2024-04-18,2025-04-28,8,47209,122.0,53.57,At Risk,Telangana,Hyderabad,T30,36-45,Male,47.6,Verified
INV000263,2024-01-11,2025-05-04,8,157678,271.0,68.43,At Risk,Madhya Pradesh,Bhopal,B30,56+,Male,21.8,Verified
INV000264,2025-05-17,2025-05-17,1,1079,0.0,0.0,Continuous,Telangana,Hyderabad,T30,36-45,Female,30.6,Verified
INV000265,2024-01-25,2025-05-20,10,203433,140.0,53.44,At Risk,Madhya Pradesh,Bhopal,B30,36-45,Male,14.1,Verified
INV000266,2024-02-01,2024-11-30,4,42214,109.0,101.0,At Risk,Madhya Pradesh,Indore,T30,56+,Male,67.6,Verified
INV000267,2024-02-25,2025-02-06,5,81631,200.0,86.75,At Risk,Telangana,Hyderabad,T30,26-35,Male,17.7,Verified
INV000268,2024-01-22,2025-01-30,7,79605,143.0,62.33,At Risk,Haryana,Gurugram,T30,18-25,Female,4.7,Verified
INV000269,2024-01-21,2024-07-19,2,6494,180.0,180.0,At Risk,Punjab,Amritsar,B30,46-55,Male,47.3,Verified
INV000270,2024-02-23,2024-07-02,2,3778,130.0,130.0,At Risk,Maharashtra,Mumbai,T30,18-25,Male,7.6,Verified
INV000271,2024-06-08,2025-05-16,2,11753,342.0,342.0,At Risk,Tamil Nadu,Coimbatore,B30,26-35,Female,6.4,Pending
INV000272,2024-07-28,2025-05-13,4,70152,228.0,96.33,At Risk,Karnataka,Mysore,B30,46-55,Male,24.8,Verified
INV000273,2025-03-19,2025-03-19,1,11637,0.0,0.0,Continuous,Delhi,New Delhi,T30,46-55,Male,93.4,Verified
INV000274,2024-03-09,2025-04-16,5,52121,175.0,100.75,At Risk,Uttar Pradesh,Kanpur,B30,26-35,Male,23.7,Verified
INV000275,2024-07-17,2024-08-03,2,24306,17.0,17.0,Continuous,Karnataka,Mysore,B30,26-35,Male,10.2,Verified
INV000276,2024-03-08,2024-11-03,4,30774,187.0,80.0,At Risk,Telangana,Hyderabad,T30,36-45,Female,38.3,Pending
INV000277,2024-08-29,2024-08-29,1,4236,0.0,0.0,Continuous,Rajasthan,Udaipur,B30,46-55,Male,28.1,Verified
INV000278,2024-03-25,2025-03-14,2,1029,354.0,354.0,At Risk,Rajasthan,Jaipur,T30,26-35,Male,22.1,Verified
INV000279,2024-03-01,2025-02-11,9,61623,133.0,43.38,At Risk,Gujarat,Ahmedabad,T30,26-35,Male,12.4,Verified
INV000280,2024-01-22,2025-04-12,9,145194,191.0,55.75,At Risk,Punjab,Amritsar,B30,26-35,Female,22.9,Verified
INV000281,2024-04-04,2024-04-04,1,942,0.0,0.0,Continuous,Punjab,Chandigarh,T30,26-35,Male,20.5,Pending
INV000282,2025-03-18,2025-05-10,2,10998,53.0,53.0,At Risk,Uttar Pradesh,Agra,B30,36-45,Female,55.7,Verified
INV000283,2024-02-11,2025-01-16,6,24362,195.0,68.0,At Risk,West Bengal,Kolkata,T30,46-55,Male,18.1,Verified
INV000284,2024-08-31,2025-02-21,4,76466,162.0,58.0,At Risk,Karnataka,Mysore,B30,26-35,Male,7.0,Verified
INV000285,2024-04-25,2024-09-12,2,2722,140.0,140.0,At Risk,Madhya Pradesh,Indore,T30,18-25,Female,3.6,Verified
INV000286,2024-01-15,2025-04-19,5,20755,215.0,115.0,At Risk,Madhya Pradesh,Indore,T30,26-35,Female,9.8,Verified
INV000287,2024-01-17,2025-03-11,7,64351,301.0,69.83,At Risk,Uttar Pradesh,Kanpur,B30,56+,Female,15.9,Verified
INV000288,2024-01-07,2025-04-08,5,111133,218.0,114.25,At Risk,Telangana,Hyderabad,T30,26-35,Male,10.1,Verified
INV000289,2024-01-21,2025-04-04,8,81640,142.0,62.71,At Risk,Delhi,Gurugram,T30,36-45,Male,54.2,Verified
INV000290,2024-04-10,2024-04-10,1,2480,0.0,0.0,Continuous,Punjab,Chandigarh,T30,26-35,Male,17.9,Verified
INV000291,2024-02-13,2025-05-03,6,76178,196.0,89.0,At Risk,Madhya Pradesh,Indore,T30,18-25,Female,6.2,Verified
INV000292,2024-05-13,2025-02-13,7,123656,95.0,46.0,At Risk,Uttar Pradesh,Lucknow,T30,18-25,Male,3.3,Verified
INV000293,2024-01-09,2024-10-17,7,70574,91.0,47.0,At Risk,Karnataka,Mysore,B30,26-35,Female,19.3,Verified
INV000294,2024-02-13,2024-09-18,5,42127,164.0,54.5,At Risk,Maharashtra,Nashik,B30,36-45,Female,30.8,Verified
INV000295,2024-06-28,2024-07-06,2,9626,8.0,8.0,Continuous,Rajasthan,Jaipur,T30,56+,Male,76.0,Verified
INV000296,2024-05-19,2024-10-24,2,75242,158.0,158.0,At Risk,Madhya Pradesh,Indore,T30,26-35,Male,16.7,Pending
INV000297,2024-02-01,2025-04-29,6,22338,163.0,90.6,At Risk,Gujarat,Ahmedabad,T30,26-35,Male,13.0,Verified
INV000298,2024-03-15,2025-03-20,5,13776,122.0,92.5,At Risk,Uttar Pradesh,Kanpur,B30,18-25,Male,6.3,Verified
INV000299,2024-03-22,2025-05-22,6,45557,240.0,85.2,At Risk,Delhi,Noida,T30,26-35,Male,24.4,Verified
INV000300,2024-06-21,2024-11-21,3,14575,131.0,76.5,At Risk,Madhya Pradesh,Bhopal,B30,18-25,Male,3.8,Verified
INV000301,2024-08-25,2025-05-26,5,79466,111.0,68.5,At Risk,Gujarat,Ahmedabad,T30,56+,Male,14.8,Verified
INV000302,2024-06-24,2024-06-24,1,1667,0.0,0.0,Continuous,Telangana,Hyderabad,T30,36-45,Male,31.3,Verified
INV000303,2024-02-10,2025-04-03,3,14993,280.0,209.0,At Risk,West Bengal,Kolkata,T30,18-25,Female,5.0,Verified
INV000304,2024-02-01,2025-03-27,7,79554,204.0,70.0,At Risk,West Bengal,Kolkata,T30,36-45,Male,25.6,Verified
INV000305,2024-01-27,2024-07-10,4,115136,110.0,55.0,At Risk,Rajasthan,Udaipur,B30,36-45,Male,21.4,Verified
INV000306,2024-12-01,2025-05-02,3,11664,115.0,76.0,At Risk,Maharashtra,Mumbai,T30,26-35,Female,19.4,Verified
INV000307,2024-05-04,2024-10-13,2,12867,162.0,162.0,At Risk,Telangana,Hyderabad,T30,18-25,Male,7.8,Verified
INV000308,2024-02-04,2025-05-17,5,20116,212.0,117.0,At Risk,West Bengal,Kolkata,T30,36-45,Male,52.4,Verified
INV000309,2024-01-08,2025-01-06,8,63146,157.0,52.0,At Risk,Delhi,Gurugram,T30,26-35,Male,18.1,Verified
INV000310,2024-02-25,2025-05-25,7,46368,164.0,75.83,At Risk,Delhi,Noida,T30,36-45,Male,58.4,Verified
INV000311,2024-01-25,2024-11-24,3,35987,287.0,152.0,At Risk,Punjab,Amritsar,B30,36-45,Male,29.2,Verified
INV000312,2024-02-02,2025-05-26,5,81778,203.0,119.75,At Risk,Gujarat,Ahmedabad,T30,18-25,Male,7.1,Verified
INV000313,2024-07-17,2025-05-23,2,8609,310.0,310.0,At Risk,Tamil Nadu,Chennai,T30,18-25,Female,3.1,Verified
INV000314,2024-03-01,2024-09-24,4,25676,171.0,69.0,At Risk,West Bengal,Kolkata,T30,26-35,Male,20.5,Verified
INV000315,2024-02-25,2024-10-09,4,22652,183.0,75.67,At Risk,Telangana,Hyderabad,T30,18-25,Male,3.2,Verified
INV000316,2024-03-06,2025-02-16,5,19722,184.0,86.75,At Risk,Karnataka,Bangalore,T30,46-55,Female,39.5,Verified
INV000317,2024-03-10,2025-05-23,4,89858,250.0,146.33,At Risk,West Bengal,Kolkata,T30,36-45,Male,50.2,Verified
INV000318,2024-01-29,2025-05-30,6,69726,175.0,97.4,At Risk,Madhya Pradesh,Bhopal,B30,46-55,Female,47.5,Verified
INV000319,2024-02-17,2025-05-03,7,40143,201.0,73.5,At Risk,Maharashtra,Mumbai,T30,56+,Male,74.8,Verified
INV000320,2024-03-10,2024-12-15,5,50090,119.0,70.0,At Risk,Uttar Pradesh,Kanpur,B30,26-35,Male,19.7,Verified
INV000321,2024-01-03,2025-03-15,7,91225,204.0,72.83,At Risk,Maharashtra,Mumbai,T30,26-35,Male,24.2,Verified
INV000322,2024-01-15,2024-09-13,3,16080,206.0,121.0,At Risk,Rajasthan,Jaipur,T30,18-25,Male,5.9,Verified
INV000323,2024-12-21,2025-05-04,3,58186,111.0,67.0,At Risk,Telangana,Hyderabad,T30,26-35,Female,23.0,Verified
INV000325,2024-06-17,2025-01-30,2,15414,227.0,227.0,At Risk,Haryana,Faridabad,B30,26-35,Male,20.9,Verified
INV000326,2024-05-29,2025-04-03,3,12576,220.0,154.5,At Risk,Madhya Pradesh,Bhopal,B30,26-35,Female,11.0,Verified
INV000327,2024-01-13,2024-03-03,2,3412,50.0,50.0,At Risk,Uttar Pradesh,Kanpur,B30,26-35,Male,9.2,Verified
INV000328,2024-03-09,2025-01-03,9,64273,73.0,37.5,At Risk,Madhya Pradesh,Bhopal,B30,26-35,Male,19.6,Verified
INV000329,2024-01-31,2024-10-23,4,5399,163.0,88.67,At Risk,Tamil Nadu,Chennai,T30,18-25,Male,6.5,Verified
INV000330,2024-01-04,2025-02-18,4,78597,196.0,137.0,At Risk,Madhya Pradesh,Bhopal,B30,26-35,Female,11.9,Verified
INV000331,2024-01-23,2025-01-12,8,124378,163.0,50.71,At Risk,Madhya Pradesh,Indore,T30,36-45,Male,15.5,Verified
INV000332,2024-09-25,2024-12-16,4,38247,64.0,27.33,At Risk,Telangana,Hyderabad,T30,36-45,Female,12.9,Verified
INV000333,2024-02-14,2025-05-10,4,78960,379.0,150.33,At Risk,Maharashtra,Nashik,B30,26-35,Male,14.8,Verified
INV000334,2024-07-06,2024-12-06,7,43720,60.0,25.5,At Risk,Uttar Pradesh,Lucknow,T30,56+,Male,22.6,Verified
INV000335,2024-01-25,2025-05-19,6,68848,279.0,96.0,At Risk,Maharashtra,Mumbai,T30,26-35,Male,11.6,Verified
INV000336,2024-12-14,2025-05-13,2,3390,150.0,150.0,At Risk,Delhi,Noida,T30,26-35,Male,17.7,Verified
INV000337,2024-03-15,2025-05-03,5,45013,297.0,103.5,At Risk,Haryana,Faridabad,B30,56+,Female,73.4,Verified
INV000338,2025-03-07,2025-03-07,1,57900,0.0,0.0,Continuous,Gujarat,Surat,T30,46-55,Female,20.9,Verified
INV000339,2024-02-15,2025-05-30,6,74556,195.0,94.0,At Risk,Uttar Pradesh,Kanpur,B30,26-35,Male,22.3,Verified
INV000340,2024-03-31,2024-08-06,5,16047,60.0,32.0,At Risk,Delhi,Gurugram,T30,26-35,Female,21.4,Verified
INV000341,2024-02-18,2025-03-05,8,76460,191.0,54.43,At Risk,Delhi,New Delhi,T30,26-35,Male,19.6,Verified
INV000342,2024-07-20,2024-07-20,1,7174,0.0,0.0,Continuous,Gujarat,Surat,T30,36-45,Male,49.6,Verified
INV000343,2024-06-21,2025-02-24,2,10563,248.0,248.0,At Risk,Punjab,Chandigarh,T30,36-45,Male,28.5,Pending
INV000344,2024-10-04,2025-02-03,5,43861,55.0,30.5,At Risk,Madhya Pradesh,Bhopal,B30,36-45,Male,56.7,Pending
INV000345,2025-02-12,2025-02-12,1,4370,0.0,0.0,Continuous,Haryana,Faridabad,B30,56+,Male,75.5,Verified
INV000346,2024-06-20,2024-06-20,1,16931,0.0,0.0,Continuous,Haryana,Faridabad,B30,26-35,Male,22.0,Verified
INV000347,2024-10-13,2024-10-13,1,5631,0.0,0.0,Continuous,West Bengal,Kolkata,T30,18-25,Male,7.7,Verified
INV000348,2024-02-17,2024-11-27,2,27792,284.0,284.0,At Risk,Madhya Pradesh,Bhopal,B30,46-55,Female,94.4,Verified
INV000349,2024-02-05,2024-12-20,4,12082,156.0,106.33,At Risk,Maharashtra,Mumbai,T30,18-25,Female,3.8,Verified
INV000350,2024-04-12,2024-07-06,2,16928,85.0,85.0,At Risk,Uttar Pradesh,Lucknow,T30,46-55,Male,32.0,Verified
INV000351,2024-06-06,2025-05-18,5,113992,158.0,86.5,At Risk,Madhya Pradesh,Indore,T30,56+,Female,62.9,Pending
INV000352,2024-03-02,2025-01-19,5,76719,225.0,80.75,At Risk,Tamil Nadu,Chennai,T30,46-55,Male,21.1,Verified
INV000353,2024-05-19,2024-05-19,1,49922,0.0,0.0,Continuous,Maharashtra,Pune,T30,26-35,Female,24.6,Verified
INV000354,2024-01-29,2025-05-12,3,19776,262.0,234.5,At Risk,Telangana,Hyderabad,T30,26-35,Male,21.2,Pending
INV000355,2025-05-23,2025-05-23,1,55250,0.0,0.0,Continuous,Maharashtra,Mumbai,T30,26-35,Male,16.7,Verified
INV000356,2024-06-13,2025-03-12,6,72865,157.0,54.4,At Risk,Haryana,Faridabad,B30,56+,Male,71.7,Verified
INV000357,2024-09-05,2025-02-23,3,56746,88.0,85.5,At Risk,Rajasthan,Udaipur,B30,26-35,Male,24.5,Verified
INV000358,2025-02-26,2025-02-26,1,3156,0.0,0.0,Continuous,Maharashtra,Nashik,B30,26-35,Male,7.2,Verified
INV000359,2024-02-19,2025-04-27,9,93451,197.0,54.12,At Risk,Tamil Nadu,Chennai,T30,18-25,Male,3.1,Verified
INV000360,2024-01-11,2025-05-13,5,72198,184.0,122.0,At Risk,Maharashtra,Mumbai,T30,36-45,Female,55.3,Verified
INV000361,2024-03-10,2024-09-22,3,23700,108.0,98.0,At Risk,Maharashtra,Pune,T30,46-55,Male,27.1,Verified
INV000363,2024-02-12,2025-05-19,7,59677,153.0,77.0,At Risk,Madhya Pradesh,Bhopal,B30,26-35,Male,22.6,Verified
INV000364,2024-07-15,2025-01-20,3,63594,142.0,94.5,At Risk,Delhi,Noida,T30,26-35,Male,9.1,Verified
INV000366,2024-06-23,2025-02-24,4,76007,234.0,82.0,At Risk,Telangana,Hyderabad,T30,36-45,Male,55.4,Verified
INV000367,2024-01-09,2024-06-26,4,10541,116.0,56.33,At Risk,Haryana,Gurugram,T30,36-45,Male,38.5,Verified
INV000368,2025-05-24,2025-05-24,1,17493,0.0,0.0,Continuous,Uttar Pradesh,Agra,B30,26-35,Male,16.2,Verified
INV000369,2024-03-06,2024-10-11,6,22654,112.0,43.8,At Risk,Delhi,Gurugram,T30,26-35,Male,20.7,Verified
INV000370,2024-01-02,2025-04-13,5,52274,257.0,116.75,At Risk,Delhi,Noida,T30,26-35,Female,12.4,Verified
INV000371,2024-01-18,2025-03-08,8,71985,147.0,59.29,At Risk,Uttar Pradesh,Agra,B30,26-35,Male,14.6,Verified
INV000372,2024-03-03,2025-01-24,7,89873,121.0,54.5,At Risk,Gujarat,Surat,T30,36-45,Male,12.4,Verified
INV000373,2024-07-13,2024-08-30,2,24390,48.0,48.0,At Risk,Gujarat,Surat,T30,26-35,Male,8.0,Verified
INV000374,2024-01-20,2025-02-06,4,97927,246.0,127.67,At Risk,West Bengal,Kolkata,T30,18-25,Female,4.1,Verified
INV000376,2024-10-22,2024-10-22,1,6910,0.0,0.0,Continuous,Tamil Nadu,Chennai,T30,18-25,Male,3.0,Verified
INV000377,2024-02-23,2024-12-20,5,78141,202.0,75.25,At Risk,Karnataka,Bangalore,T30,26-35,Male,19.8,Verified
INV000378,2024-02-01,2024-09-23,3,30205,196.0,117.5,At Risk,Madhya Pradesh,Bhopal,B30,26-35,Male,8.7,Verified
INV000379,2024-10-26,2025-01-22,3,60315,74.0,44.0,At Risk,Maharashtra,Pune,T30,46-55,Male,52.0,Verified
INV000380,2024-01-18,2025-05-17,6,72700,272.0,97.0,At Risk,Haryana,Gurugram,T30,56+,Male,24.2,Verified
INV000381,2024-11-02,2024-11-02,1,5501,0.0,0.0,Continuous,Telangana,Hyderabad,T30,36-45,Female,41.2,Verified
INV000382,2024-04-26,2024-04-26,1,5503,0.0,0.0,Continuous,Gujarat,Ahmedabad,T30,26-35,Male,20.5,Verified
INV000383,2024-02-13,2025-04-17,5,39552,203.0,107.25,At Risk,Telangana,Hyderabad,T30,26-35,Female,23.4,Verified
INV000384,2024-04-28,2025-03-07,5,68361,133.0,78.25,At Risk,Tamil Nadu,Coimbatore,B30,18-25,Female,6.5,Verified
INV000385,2024-04-14,2025-01-17,4,27374,147.0,92.67,At Risk,Karnataka,Mysore,B30,18-25,Female,7.5,Verified
INV000386,2024-01-04,2024-01-04,1,57205,0.0,0.0,Continuous,Haryana,Faridabad,B30,36-45,Male,14.2,Verified
INV000387,2024-01-22,2024-08-15,3,11978,161.0,103.0,At Risk,Gujarat,Surat,T30,36-45,Male,53.8,Verified
INV000388,2024-02-27,2025-05-01,9,109420,119.0,53.62,At Risk,Maharashtra,Nashik,B30,36-45,Male,33.6,Verified
INV000389,2024-02-01,2024-10-13,3,20023,209.0,127.5,At Risk,Delhi,Gurugram,T30,46-55,Male,50.2,Verified
INV000390,2024-04-06,2025-01-02,3,102028,211.0,135.5,At Risk,Karnataka,Bangalore,T30,26-35,Male,24.9,Verified
INV000391,2025-03-16,2025-03-16,1,868,0.0,0.0,Continuous,Tamil Nadu,Chennai,T30,18-25,Male,6.3,Pending
INV000392,2024-02-10,2025-05-18,7,39530,205.0,77.17,At Risk,Gujarat,Surat,T30,26-35,Female,16.6,Verified
INV000393,2024-08-28,2024-10-10,2,43455,43.0,43.0,At Risk,Maharashtra,Mumbai,T30,36-45,Male,53.1,Verified
INV000394,2024-01-25,2025-01-19,5,65359,242.0,90.0,At Risk,Maharashtra,Mumbai,T30,26-35,Male,12.2,Verified
INV000395,2024-04-13,2025-03-13,7,23004,119.0,55.67,At Risk,Delhi,Noida,T30,18-25,Male,3.4,Verified
INV000396,2024-01-24,2025-03-15,6,46049,153.0,83.2,At Risk,Rajasthan,Jaipur,T30,46-55,Male,38.5,Verified
INV000397,2024-04-12,2025-05-01,4,3959,205.0,128.0,At Risk,Gujarat,Ahmedabad,T30,36-45,Female,25.4,Verified
INV000399,2024-01-08,2025-03-29,10,58193,68.0,49.56,At Risk,Karnataka,Bangalore,T30,26-35,Male,14.3,Verified
INV000400,2024-05-01,2025-03-10,6,21256,101.0,62.6,At Risk,Punjab,Chandigarh,T30,26-35,Male,22.1,Verified
INV000401,2025-03-21,2025-05-24,4,50948,32.0,21.33,Continuous,Uttar Pradesh,Agra,B30,26-35,Male,20.5,Verified
INV000402,2024-08-21,2025-05-30,4,14519,172.0,94.0,At Risk,Telangana,Hyderabad,T30,18-25,Male,4.8,Verified
INV000403,2024-05-30,2025-03-17,6,74178,90.0,58.2,At Risk,Rajasthan,Jaipur,T30,18-25,Female,7.7,Verified
INV000404,2025-02-17,2025-02-17,1,2721,0.0,0.0,Continuous,Telangana,Hyderabad,T30,36-45,Female,35.5,Verified
INV000405,2024-01-15,2024-03-20,2,9002,65.0,65.0,At Risk,Karnataka,Mysore,B30,56+,Female,8.6,Pending
INV000406,2024-08-17,2024-08-17,1,2852,0.0,0.0,Continuous,Rajasthan,Jaipur,T30,26-35,Male,20.8,Verified
INV000407,2024-02-03,2025-03-21,6,112123,157.0,82.4,At Risk,Tamil Nadu,Coimbatore,B30,36-45,Male,32.8,Verified
INV000408,2024-04-15,2024-12-05,6,47374,125.0,46.8,At Risk,Punjab,Amritsar,B30,56+,Male,62.3,Verified
INV000409,2024-01-28,2025-02-06,2,6064,375.0,375.0,At Risk,Delhi,New Delhi,T30,26-35,Male,10.7,Verified
INV000410,2024-03-05,2025-03-09,5,37556,198.0,92.25,At Risk,Rajasthan,Jaipur,T30,18-25,Female,5.3,Verified
INV000411,2024-02-12,2024-08-31,4,85039,101.0,67.0,At Risk,West Bengal,Kolkata,T30,26-35,Female,11.1,Verified
INV000412,2024-07-06,2025-05-08,8,87441,70.0,43.71,At Risk,Rajasthan,Udaipur,B30,18-25,Male,7.4,Verified
INV000413,2024-01-20,2025-03-05,5,54889,317.0,102.5,At Risk,Haryana,Gurugram,T30,36-45,Female,49.8,Verified
INV000414,2024-01-12,2025-04-20,8,95455,233.0,66.29,At Risk,Tamil Nadu,Chennai,T30,36-45,Male,21.9,Verified
INV000415,2024-03-30,2025-05-01,7,42775,128.0,66.17,At Risk,Maharashtra,Pune,T30,36-45,Female,20.3,Verified
INV000416,2024-09-10,2025-01-07,2,4016,119.0,119.0,At Risk,Maharashtra,Nashik,B30,26-35,Male,6.8,Verified
INV000417,2024-06-22,2025-05-01,4,22125,268.0,104.33,At Risk,Haryana,Gurugram,T30,26-35,Female,13.5,Pending
INV000418,2024-01-16,2025-03-25,6,113497,238.0,86.8,At Risk,Rajasthan,Jaipur,T30,26-35,Female,13.6,Verified
INV000419,2024-09-15,2025-04-27,3,13528,201.0,112.0,At Risk,Haryana,Gurugram,T30,56+,Female,27.6,Verified
INV000420,2024-02-02,2024-02-02,1,15774,0.0,0.0,Continuous,Haryana,Gurugram,T30,26-35,Male,11.7,Verified
INV000421,2024-04-25,2025-01-25,4,44980,202.0,91.67,At Risk,Tamil Nadu,Chennai,T30,36-45,Male,31.9,Verified
INV000422,2024-01-20,2024-01-20,1,4429,0.0,0.0,Continuous,Punjab,Amritsar,B30,46-55,Male,94.1,Pending
INV000423,2024-03-01,2025-03-11,3,15602,265.0,187.5,At Risk,Delhi,Gurugram,T30,26-35,Female,6.2,Verified
INV000424,2025-01-13,2025-01-13,1,8995,0.0,0.0,Continuous,Punjab,Amritsar,B30,36-45,Male,49.4,Verified
INV000425,2025-02-21,2025-05-11,3,13108,70.0,39.5,At Risk,Rajasthan,Jaipur,T30,56+,Male,77.2,Verified
INV000426,2024-09-14,2024-10-23,2,18264,39.0,39.0,At Risk,West Bengal,Kolkata,T30,18-25,Male,3.6,Pending
INV000427,2024-02-04,2025-03-21,7,106145,116.0,68.5,At Risk,Punjab,Amritsar,B30,56+,Female,18.6,Verified
INV000428,2024-01-01,2024-12-31,8,54350,164.0,52.14,At Risk,Delhi,Gurugram,T30,36-45,Male,27.2,Verified
INV000429,2024-01-22,2025-02-11,6,117284,187.0,77.2,At Risk,Gujarat,Surat,T30,36-45,Female,41.7,Verified
INV000430,2024-02-18,2025-05-09,4,118892,264.0,148.67,At Risk,Punjab,Amritsar,B30,18-25,Male,3.3,Verified
INV000431,2024-01-03,2024-12-13,5,32159,168.0,86.25,At Risk,Madhya Pradesh,Bhopal,B30,18-25,Female,4.6,Verified
INV000432,2024-02-12,2025-04-19,3,25847,306.0,216.0,At Risk,Maharashtra,Pune,T30,18-25,Female,6.7,Verified
INV000433,2024-05-03,2025-01-24,5,31556,166.0,66.5,At Risk,Punjab,Amritsar,B30,36-45,Male,56.4,Verified
INV000434,2024-03-05,2024-03-05,1,2353,0.0,0.0,Continuous,Gujarat,Surat,T30,46-55,Male,28.1,Verified
INV000435,2025-03-09,2025-03-09,1,59022,0.0,0.0,Continuous,Karnataka,Mysore,B30,56+,Male,57.0,Verified
INV000436,2024-08-02,2025-05-21,5,65446,170.0,73.0,At Risk,Rajasthan,Jaipur,T30,26-35,Male,14.4,Verified
INV000437,2024-01-01,2025-05-04,6,32739,295.0,97.8,At Risk,Telangana,Hyderabad,T30,26-35,Female,6.1,Verified
INV000438,2024-06-01,2024-12-02,2,6765,184.0,184.0,At Risk,Delhi,New Delhi,T30,26-35,Male,11.6,Verified
INV000439,2024-12-09,2025-03-16,5,23483,59.0,24.25,At Risk,Rajasthan,Udaipur,B30,56+,Male,23.4,Verified
INV000440,2024-01-17,2025-05-18,8,33647,162.0,69.57,At Risk,Uttar Pradesh,Agra,B30,18-25,Male,6.7,Verified
INV000441,2024-06-28,2025-04-28,6,45638,151.0,60.8,At Risk,Tamil Nadu,Chennai,T30,26-35,Female,8.3,Verified
INV000442,2024-02-16,2025-04-26,3,7756,375.0,217.5,At Risk,Delhi,Noida,T30,26-35,Male,16.2,Verified
INV000443,2024-01-14,2025-01-21,2,13335,373.0,373.0,At Risk,Punjab,Chandigarh,T30,26-35,Male,18.7,Verified
INV000444,2024-04-26,2025-04-27,6,76737,129.0,73.2,At Risk,Maharashtra,Pune,T30,36-45,Female,42.1,Verified
INV000445,2024-01-24,2025-04-30,9,52898,129.0,57.75,At Risk,Madhya Pradesh,Bhopal,B30,26-35,Female,24.7,Pending
INV000446,2024-02-13,2024-08-24,6,31195,101.0,38.6,At Risk,Rajasthan,Jaipur,T30,26-35,Female,23.8,Verified
INV000449,2024-06-13,2025-02-02,6,59567,70.0,46.8,At Risk,Haryana,Faridabad,B30,18-25,Male,6.8,Verified
INV000450,2024-03-06,2024-03-06,1,21149,0.0,0.0,Continuous,West Bengal,Kolkata,T30,26-35,Female,18.4,Verified
INV000452,2024-03-09,2025-04-08,9,84270,123.0,49.38,At Risk,Tamil Nadu,Coimbatore,B30,26-35,Male,18.1,Verified
INV000453,2024-07-02,2025-04-22,4,49714,243.0,98.0,At Risk,Rajasthan,Udaipur,B30,46-55,Male,40.4,Verified
INV000454,2024-01-03,2025-04-12,3,35819,420.0,232.5,At Risk,Uttar Pradesh,Lucknow,T30,18-25,Female,6.6,Verified
INV000455,2024-12-09,2025-02-22,2,16211,75.0,75.0,At Risk,Punjab,Chandigarh,T30,18-25,Male,3.2,Verified
INV000456,2024-04-13,2024-10-11,5,47781,75.0,45.25,At Risk,Karnataka,Mysore,B30,26-35,Male,17.2,Verified
INV000457,2024-02-25,2025-05-27,6,32725,256.0,91.4,At Risk,Haryana,Faridabad,B30,26-35,Female,22.3,Verified
INV000458,2024-05-05,2025-03-28,5,17466,187.0,81.75,At Risk,Rajasthan,Udaipur,B30,56+,Male,18.9,Verified
INV000459,2024-04-22,2024-12-24,4,89870,195.0,82.0,At Risk,West Bengal,Kolkata,T30,26-35,Female,21.5,Verified
INV000460,2024-03-02,2024-10-05,6,35369,107.0,43.4,At Risk,Delhi,Noida,T30,36-45,Male,47.1,Verified
INV000461,2024-01-05,2024-05-19,3,98422,90.0,67.5,At Risk,Punjab,Chandigarh,T30,36-45,Male,26.9,Pending
INV000462,2024-04-23,2024-07-11,2,53418,79.0,79.0,At Risk,Haryana,Gurugram,T30,56+,Female,42.3,Verified
INV000463,2024-01-09,2025-02-03,7,144163,181.0,65.17,At Risk,Gujarat,Ahmedabad,T30,26-35,Male,8.9,Verified
INV000465,2024-04-23,2025-02-25,4,66368,236.0,102.67,At Risk,Maharashtra,Nashik,B30,26-35,Male,20.8,Verified
INV000466,2024-01-26,2025-04-10,7,125151,135.0,73.33,At Risk,Haryana,Faridabad,B30,18-25,Male,4.4,Verified
INV000467,2024-01-01,2025-05-25,10,65408,272.0,56.67,At Risk,Karnataka,Bangalore,T30,18-25,Female,7.1,Verified
INV000468,2024-02-02,2024-02-02,1,3014,0.0,0.0,Continuous,Uttar Pradesh,Agra,B30,36-45,Male,23.5,Verified
INV000469,2024-03-30,2025-05-27,7,34180,183.0,70.5,At Risk,Tamil Nadu,Coimbatore,B30,18-25,Male,4.7,Verified
INV000470,2024-02-29,2025-04-05,2,43708,401.0,401.0,At Risk,Madhya Pradesh,Bhopal,B30,26-35,Male,17.8,Verified
INV000471,2024-04-16,2024-12-14,3,51736,185.0,121.0,At Risk,West Bengal,Kolkata,T30,18-25,Male,4.2,Verified
INV000472,2024-03-02,2024-03-02,1,41483,0.0,0.0,Continuous,Uttar Pradesh,Lucknow,T30,46-55,Male,70.1,Verified
INV000473,2024-03-15,2025-01-24,4,108177,245.0,105.0,At Risk,Karnataka,Mysore,B30,36-45,Male,15.4,Verified
INV000474,2024-01-23,2025-03-12,5,25773,203.0,103.5,At Risk,Madhya Pradesh,Bhopal,B30,46-55,Male,83.3,Verified
INV000475,2024-01-23,2024-04-22,2,20311,90.0,90.0,At Risk,West Bengal,Kolkata,T30,56+,Female,49.7,Verified
INV000476,2024-01-05,2024-01-25,3,98307,18.0,10.0,Continuous,Gujarat,Surat,T30,46-55,Female,21.2,Verified
INV000477,2025-03-31,2025-03-31,1,7464,0.0,0.0,Continuous,Uttar Pradesh,Lucknow,T30,18-25,Female,5.3,Verified
INV000478,2024-01-01,2024-03-02,2,60372,61.0,61.0,At Risk,Gujarat,Surat,T30,36-45,Female,16.5,Verified
INV000479,2024-08-06,2024-11-13,2,58383,99.0,99.0,At Risk,Maharashtra,Pune,T30,18-25,Male,4.2,Verified
INV000480,2024-02-08,2025-04-03,5,37737,189.0,105.0,At Risk,Maharashtra,Mumbai,T30,18-25,Male,6.2,Pending
INV000481,2024-02-14,2025-05-28,4,41099,286.0,156.33,At Risk,Madhya Pradesh,Bhopal,B30,26-35,Female,13.4,Verified
INV000482,2024-03-31,2024-12-23,3,88120,202.0,133.5,At Risk,Maharashtra,Mumbai,T30,26-35,Male,7.6,Verified
INV000483,2024-01-18,2025-05-25,8,142115,252.0,70.43,At Risk,Haryana,Gurugram,T30,18-25,Male,7.7,Verified
INV000484,2024-02-28,2024-02-28,1,44058,0.0,0.0,Continuous,Uttar Pradesh,Agra,B30,26-35,Male,21.7,Pending
INV000485,2024-02-08,2025-03-30,4,21963,270.0,138.67,At Risk,Rajasthan,Jaipur,T30,26-35,Male,19.5,Verified
INV000487,2024-01-12,2024-12-30,5,108421,215.0,88.25,At Risk,Telangana,Hyderabad,T30,36-45,Male,41.7,Verified
INV000488,2024-03-12,2025-01-13,4,32148,222.0,102.33,At Risk,Karnataka,Mysore,B30,56+,Male,31.4,Verified
INV000489,2024-10-03,2025-04-19,4,32126,76.0,66.0,At Risk,Uttar Pradesh,Agra,B30,18-25,Male,7.4,Verified
INV000490,2024-01-14,2024-09-01,2,26821,231.0,231.0,At Risk,Delhi,New Delhi,T30,26-35,Male,10.0,Verified
INV000491,2024-02-02,2025-05-22,6,43008,202.0,95.0,At Risk,Madhya Pradesh,Indore,T30,56+,Male,58.2,Verified
INV000492,2024-02-09,2025-04-20,4,36704,286.0,145.33,At Risk,Telangana,Hyderabad,T30,36-45,Male,12.4,Verified
INV000493,2024-03-01,2025-05-03,10,130085,201.0,47.56,At Risk,Punjab,Chandigarh,T30,18-25,Male,4.2,Verified
INV000494,2024-05-28,2025-01-05,4,83366,162.0,74.0,At Risk,Punjab,Amritsar,B30,56+,Male,30.4,Verified
INV000495,2024-03-23,2024-06-30,5,65926,64.0,24.75,At Risk,Gujarat,Surat,T30,26-35,Female,7.6,Verified
INV000496,2024-04-10,2025-03-01,5,56728,175.0,81.25,At Risk,Maharashtra,Mumbai,T30,36-45,Male,14.3,Verified
INV000497,2024-03-23,2025-05-28,7,72087,191.0,71.83,At Risk,Madhya Pradesh,Bhopal,B30,36-45,Male,45.7,Verified
INV000498,2024-04-23,2024-04-23,1,2000,0.0,0.0,Continuous,Telangana,Hyderabad,T30,26-35,Female,22.1,Verified
INV000499,2024-01-28,2025-05-09,7,127344,157.0,77.83,At Risk,Delhi,New Delhi,T30,36-45,Female,59.5,Verified
INV000500,2024-02-24,2024-11-16,3,37012,193.0,133.0,At Risk,West Bengal,Kolkata,T30,26-35,Female,19.9,Verified
INV000501,2024-02-16,2024-09-04,3,30878,129.0,100.5,At Risk,Punjab,Chandigarh,T30,18-25,Male,4.0,Verified
INV000502,2024-12-15,2024-12-15,1,5007,0.0,0.0,Continuous,Delhi,Gurugram,T30,36-45,Female,40.9,Verified
INV000503,2024-07-07,2024-07-07,1,27005,0.0,0.0,Continuous,Madhya Pradesh,Bhopal,B30,26-35,Female,22.2,Verified
INV000504,2024-09-14,2024-09-14,1,2723,0.0,0.0,Continuous,Karnataka,Mysore,B30,26-35,Male,17.4,Verified
INV000505,2024-03-06,2024-12-11,4,87515,120.0,93.33,At Risk,Rajasthan,Jaipur,T30,36-45,Male,40.9,Verified
INV000506,2024-06-21,2024-11-11,3,30433,80.0,71.5,At Risk,Gujarat,Ahmedabad,T30,36-45,Female,43.0,Verified
INV000507,2024-02-27,2025-04-23,7,58920,249.0,70.17,At Risk,Gujarat,Ahmedabad,T30,36-45,Male,44.1,Verified
INV000509,2024-09-17,2025-01-17,3,22654,107.0,61.0,At Risk,Madhya Pradesh,Bhopal,B30,56+,Male,26.5,Pending
INV000510,2024-01-17,2024-07-25,2,23703,190.0,190.0,At Risk,West Bengal,Kolkata,T30,46-55,Male,55.0,Verified
INV000511,2024-01-21,2025-02-22,4,61822,206.0,132.67,At Risk,Punjab,Chandigarh,T30,46-55,Male,88.7,Verified
INV000512,2024-02-18,2025-05-01,9,73426,112.0,54.75,At Risk,Punjab,Amritsar,B30,46-55,Male,82.6,Verified
INV000513,2025-02-01,2025-05-15,2,9171,103.0,103.0,At Risk,Telangana,Hyderabad,T30,26-35,Male,12.8,Pending
INV000514,2024-06-02,2025-03-31,4,30557,158.0,100.67,At Risk,West Bengal,Kolkata,T30,36-45,Male,43.2,Pending
INV000516,2025-02-22,2025-02-22,1,1004,0.0,0.0,Continuous,Uttar Pradesh,Lucknow,T30,36-45,Male,27.3,Verified
INV000517,2024-01-17,2024-02-26,3,29680,39.0,20.0,At Risk,Punjab,Amritsar,B30,36-45,Female,31.8,Verified
INV000518,2024-11-05,2024-11-05,1,2946,0.0,0.0,Continuous,Uttar Pradesh,Agra,B30,26-35,Male,11.9,Verified
INV000519,2024-07-19,2025-02-20,3,59902,208.0,108.0,At Risk,Haryana,Faridabad,B30,26-35,Female,6.3,Verified
INV000520,2024-02-23,2024-07-01,3,11531,89.0,64.5,At Risk,West Bengal,Kolkata,T30,46-55,Female,59.4,Verified
INV000521,2024-07-07,2024-11-24,3,9397,73.0,70.0,At Risk,West Bengal,Kolkata,T30,26-35,Male,9.7,Verified
INV000522,2024-01-12,2025-05-30,6,28275,309.0,100.8,At Risk,Punjab,Chandigarh,T30,26-35,Female,10.8,Verified
INV000523,2024-05-04,2025-05-08,5,21159,206.0,92.25,At Risk,West Bengal,Kolkata,T30,36-45,Male,13.1,Verified
INV000524,2024-06-19,2025-05-15,7,118571,91.0,55.0,At Risk,West Bengal,Kolkata,T30,56+,Male,37.4,Verified
INV000525,2024-06-25,2025-03-27,5,78605,126.0,68.75,At Risk,Gujarat,Ahmedabad,T30,56+,Female,12.6,Verified
INV000526,2024-12-20,2025-03-25,3,17674,58.0,47.5,At Risk,Tamil Nadu,Coimbatore,B30,26-35,Female,16.5,Verified
INV000527,2024-09-07,2025-05-19,6,115570,116.0,50.8,At Risk,Telangana,Hyderabad,T30,26-35,Male,12.1,Verified
INV000528,2025-04-22,2025-04-22,1,5187,0.0,0.0,Continuous,Telangana,Hyderabad,T30,56+,Male,58.0,Pending
INV000529,2024-06-08,2025-03-31,6,23027,110.0,59.2,At Risk,Maharashtra,Mumbai,T30,18-25,Male,4.7,Verified
INV000530,2024-02-04,2024-08-30,3,64425,142.0,104.0,At Risk,West Bengal,Kolkata,T30,18-25,Male,5.3,Verified
INV000531,2024-07-19,2025-04-27,7,151584,82.0,47.0,At Risk,Delhi,Gurugram,T30,56+,Male,64.9,Verified
INV000532,2024-05-27,2025-03-15,5,29625,102.0,73.0,At Risk,Madhya Pradesh,Bhopal,B30,26-35,Male,9.0,Verified
INV000533,2024-02-20,2025-05-09,4,98523,225.0,148.0,At Risk,Rajasthan,Jaipur,T30,56+,Male,25.1,Verified
INV000534,2024-01-12,2024-01-12,1,7393,0.0,0.0,Continuous,Punjab,Amritsar,B30,36-45,Male,16.8,Verified
INV000535,2024-01-05,2025-04-11,4,51987,349.0,154.0,At Risk,Tamil Nadu,Coimbatore,B30,36-45,Male,18.7,Verified
INV000536,2024-02-28,2024-03-24,2,19215,25.0,25.0,Continuous,Delhi,New Delhi,T30,36-45,Female,29.6,Verified
INV000537,2024-09-22,2025-04-10,2,15423,200.0,200.0,At Risk,Uttar Pradesh,Lucknow,T30,36-45,Female,42.3,Verified
INV000538,2024-12-15,2025-03-04,3,88547,60.0,39.5,At Risk,West Bengal,Kolkata,T30,36-45,Male,26.5,Verified
INV000539,2024-01-26,2025-05-02,7,107371,153.0,77.0,At Risk,Haryana,Faridabad,B30,26-35,Female,13.4,Verified
INV000540,2024-02-19,2025-05-05,7,78276,123.0,73.5,At Risk,Tamil Nadu,Coimbatore,B30,26-35,Female,10.4,Verified
INV000541,2024-03-19,2024-05-14,2,23749,56.0,56.0,At Risk,Telangana,Hyderabad,T30,46-55,Female,22.9,Verified
INV000542,2024-01-07,2025-05-14,4,8791,336.0,164.33,At Risk,Haryana,Faridabad,B30,36-45,Male,20.3,Verified
INV000543,2024-01-11,2025-05-27,7,162711,218.0,83.67,At Risk,Haryana,Gurugram,T30,36-45,Male,45.4,Verified
INV000544,2024-01-20,2024-11-13,4,37410,159.0,99.33,At Risk,Madhya Pradesh,Bhopal,B30,18-25,Male,3.6,Verified
INV000545,2024-03-27,2025-05-04,6,48548,181.0,80.6,At Risk,Telangana,Hyderabad,T30,26-35,Male,23.6,Verified
INV000546,2024-01-14,2025-03-29,9,92002,154.0,55.0,At Risk,Karnataka,Mysore,B30,26-35,Male,9.5,Verified
INV000547,2024-03-15,2024-12-19,6,37135,140.0,55.8,At Risk,West Bengal,Kolkata,T30,26-35,Male,16.6,Verified
INV000548,2024-01-01,2025-02-05,4,11750,245.0,133.67,At Risk,Karnataka,Mysore,B30,36-45,Male,53.2,Verified
INV000549,2024-01-19,2025-05-14,6,86784,146.0,96.2,At Risk,Tamil Nadu,Coimbatore,B30,46-55,Female,59.6,Verified
INV000550,2024-02-03,2025-04-25,4,14026,410.0,149.0,At Risk,Rajasthan,Udaipur,B30,26-35,Male,6.7,Verified
INV000551,2024-04-15,2025-03-01,3,35347,192.0,160.0,At Risk,Maharashtra,Nashik,B30,26-35,Female,13.2,Verified
INV000552,2024-02-14,2025-05-23,5,27399,191.0,116.0,At Risk,Uttar Pradesh,Lucknow,T30,36-45,Female,35.8,Verified
INV000553,2024-04-22,2025-04-17,6,54698,172.0,72.0,At Risk,Rajasthan,Jaipur,T30,36-45,Male,50.4,Verified
INV000554,2024-02-18,2025-02-03,6,56741,171.0,70.2,At Risk,Delhi,Noida,T30,36-45,Male,12.3,Verified
INV000555,2025-02-06,2025-04-05,2,27356,58.0,58.0,At Risk,Tamil Nadu,Coimbatore,B30,26-35,Female,24.6,Verified
INV000556,2024-03-07,2025-03-09,8,126416,156.0,52.43,At Risk,Rajasthan,Udaipur,B30,18-25,Male,7.2,Verified
INV000557,2024-01-28,2025-03-13,5,65440,294.0,102.5,At Risk,West Bengal,Kolkata,T30,26-35,Male,10.3,Verified
INV000558,2024-08-22,2025-04-03,4,30231,113.0,74.67,At Risk,Punjab,Chandigarh,T30,56+,Female,22.1,Verified
INV000559,2025-01-05,2025-04-15,3,60025,72.0,50.0,At Risk,Madhya Pradesh,Indore,T30,26-35,Male,6.1,Verified
INV000560,2024-03-14,2024-07-16,3,19970,70.0,62.0,At Risk,Punjab,Chandigarh,T30,18-25,Male,3.4,Verified
INV000561,2024-08-16,2024-08-16,1,6189,0.0,0.0,Continuous,Rajasthan,Jaipur,T30,36-45,Male,37.3,Verified
INV000562,2024-03-08,2025-03-15,6,48292,197.0,74.4,At Risk,Gujarat,Ahmedabad,T30,36-45,Male,32.9,Verified
INV000563,2024-02-13,2025-05-16,7,59358,198.0,76.33,At Risk,Uttar Pradesh,Lucknow,T30,26-35,Male,15.5,Verified
INV000564,2024-10-24,2025-04-04,2,9356,162.0,162.0,At Risk,Maharashtra,Nashik,B30,56+,Female,58.4,Verified
INV000565,2024-02-03,2024-08-02,2,14056,181.0,181.0,At Risk,Uttar Pradesh,Agra,B30,26-35,Male,18.8,Verified
INV000566,2024-08-24,2025-03-22,7,120009,119.0,35.0,At Risk,Uttar Pradesh,Agra,B30,36-45,Male,18.2,Verified
INV000567,2024-05-14,2025-03-29,6,33277,166.0,63.8,At Risk,Delhi,New Delhi,T30,26-35,Male,9.1,Verified
INV000568,2024-03-13,2025-01-19,6,106953,180.0,62.4,At Risk,Delhi,New Delhi,T30,36-45,Male,48.4,Verified
INV000569,2024-07-16,2025-05-23,5,46322,285.0,77.75,At Risk,Madhya Pradesh,Indore,T30,26-35,Male,8.0,Verified
INV000570,2024-02-12,2025-05-28,8,136242,186.0,67.29,At Risk,Madhya Pradesh,Bhopal,B30,26-35,Male,16.2,Verified
INV000571,2024-08-30,2024-08-30,1,2325,0.0,0.0,Continuous,Rajasthan,Udaipur,B30,18-25,Male,6.7,Verified
INV000572,2024-03-04,2025-05-26,3,20500,261.0,224.0,At Risk,Gujarat,Surat,T30,36-45,Female,28.9,Verified
INV000573,2024-01-27,2024-11-27,7,114632,154.0,50.83,At Risk,Madhya Pradesh,Bhopal,B30,56+,Female,38.5,Pending
INV000574,2024-09-28,2024-10-04,2,23769,6.0,6.0,Continuous,Rajasthan,Jaipur,T30,46-55,Female,37.0,Verified
INV000575,2024-03-17,2025-03-10,6,43192,155.0,71.6,At Risk,Punjab,Amritsar,B30,26-35,Female,16.4,Verified
INV000576,2024-04-15,2025-02-13,5,10061,190.0,76.0,At Risk,Delhi,New Delhi,T30,46-55,Male,79.7,Verified
INV000577,2024-08-04,2024-12-11,5,66339,81.0,32.25,At Risk,Delhi,Noida,T30,36-45,Male,20.4,Verified
INV000578,2024-04-21,2025-05-27,7,91996,164.0,66.83,At Risk,Maharashtra,Nashik,B30,26-35,Male,10.9,Verified
INV000579,2025-05-30,2025-05-30,1,7859,0.0,0.0,Continuous,Gujarat,Surat,T30,46-55,Male,67.8,Verified
INV000580,2024-03-11,2024-10-20,5,73774,158.0,55.75,At Risk,Uttar Pradesh,Agra,B30,56+,Male,31.8,Verified
INV000581,2024-01-30,2025-05-14,7,58863,160.0,78.33,At Risk,Tamil Nadu,Coimbatore,B30,36-45,Male,26.4,Verified
INV000583,2024-12-21,2025-02-24,3,11270,55.0,32.5,At Risk,Punjab,Amritsar,B30,26-35,Male,8.7,Verified
INV000584,2024-01-30,2025-04-21,5,44110,191.0,111.75,At Risk,Uttar Pradesh,Kanpur,B30,46-55,Female,20.9,Verified
INV000585,2024-02-24,2024-12-16,5,67578,121.0,74.0,At Risk,Telangana,Hyderabad,T30,46-55,Female,47.0,Verified
INV000586,2024-01-23,2024-10-16,7,138122,111.0,44.5,At Risk,West Bengal,Kolkata,T30,36-45,Male,43.8,Verified
INV000587,2024-09-01,2025-03-18,5,17266,112.0,49.5,At Risk,Punjab,Chandigarh,T30,26-35,Male,15.5,Verified
INV000588,2025-04-15,2025-04-15,1,1886,0.0,0.0,Continuous,Gujarat,Surat,T30,36-45,Female,28.6,Verified
INV000589,2024-02-01,2025-05-19,9,69345,90.0,59.12,At Risk,Uttar Pradesh,Kanpur,B30,18-25,Female,6.3,Verified
INV000590,2024-09-29,2025-05-15,3,23777,182.0,114.0,At Risk,Gujarat,Ahmedabad,T30,36-45,Male,23.3,Verified
INV000591,2024-04-15,2025-05-07,7,15867,112.0,64.5,At Risk,Karnataka,Bangalore,T30,18-25,Male,4.1,Verified
INV000592,2024-02-26,2025-01-20,4,13946,268.0,109.67,At Risk,Maharashtra,Mumbai,T30,26-35,Male,21.2,Verified
INV000593,2024-03-27,2025-04-02,6,31078,179.0,74.2,At Risk,Telangana,Hyderabad,T30,56+,Male,50.2,Verified
INV000594,2024-09-02,2024-09-02,1,1095,0.0,0.0,Continuous,Telangana,Hyderabad,T30,18-25,Male,6.6,Verified
INV000595,2024-03-07,2025-04-28,5,25119,174.0,104.25,At Risk,Gujarat,Surat,T30,18-25,Male,7.6,Verified
INV000596,2024-02-01,2025-03-21,9,169915,140.0,51.75,At Risk,Madhya Pradesh,Indore,T30,56+,Male,21.3,Verified
INV000597,2024-02-03,2025-04-21,6,82488,198.0,88.6,At Risk,Gujarat,Surat,T30,46-55,Male,48.6,Verified
INV000598,2024-02-06,2025-02-13,4,42468,188.0,124.33,At Risk,Karnataka,Bangalore,T30,26-35,Male,16.6,Verified
INV000599,2024-01-13,2025-05-16,7,103758,171.0,81.5,At Risk,Gujarat,Ahmedabad,T30,36-45,Male,24.0,Verified
INV000600,2024-01-01,2025-03-20,4,39785,156.0,148.0,At Risk,Maharashtra,Mumbai,T30,26-35,Male,17.3,Verified
INV000601,2024-02-04,2024-11-24,5,32099,119.0,73.5,At Risk,Rajasthan,Jaipur,T30,46-55,Male,52.6,Verified
INV000602,2024-02-11,2025-03-29,5,41346,229.0,103.0,At Risk,West Bengal,Kolkata,T30,18-25,Male,8.0,Verified
INV000603,2024-01-01,2025-02-02,4,11214,236.0,132.67,At Risk,West Bengal,Kolkata,T30,26-35,Male,17.3,Verified
INV000604,2024-02-01,2025-02-18,4,78430,194.0,127.67,At Risk,Karnataka,Bangalore,T30,26-35,Male,9.5,Verified
INV000605,2024-05-31,2024-05-31,1,46223,0.0,0.0,Continuous,Uttar Pradesh,Agra,B30,36-45,Male,35.6,Verified
INV000606,2024-02-23,2024-12-15,4,7371,215.0,98.67,At Risk,Karnataka,Mysore,B30,18-25,Male,7.8,Verified
INV000607,2024-01-14,2025-02-17,7,38693,209.0,66.67,At Risk,Rajasthan,Jaipur,T30,56+,Male,33.9,Verified
INV000608,2024-01-09,2025-05-24,6,45475,324.0,100.2,At Risk,Haryana,Gurugram,T30,46-55,Male,83.5,Verified
INV000609,2024-01-01,2024-08-23,6,44212,87.0,47.0,At Risk,Tamil Nadu,Coimbatore,B30,18-25,Male,3.9,Verified
INV000611,2024-05-11,2025-04-22,5,22840,121.0,86.5,At Risk,Uttar Pradesh,Agra,B30,26-35,Male,11.4,Verified
INV000612,2024-01-16,2025-05-23,11,123648,169.0,49.3,At Risk,Punjab,Amritsar,B30,18-25,Male,6.3,Verified
INV000613,2024-08-22,2025-04-15,2,10756,236.0,236.0,At Risk,Uttar Pradesh,Lucknow,T30,26-35,Male,11.5,Verified
INV000614,2024-09-24,2024-09-27,2,16174,3.0,3.0,Continuous,Rajasthan,Udaipur,B30,26-35,Male,6.1,Verified
INV000615,2024-03-15,2025-02-13,7,29577,139.0,55.83,At Risk,Punjab,Amritsar,B30,36-45,Male,60.0,Verified
INV000616,2024-01-01,2025-05-07,5,34771,230.0,123.0,At Risk,Maharashtra,Nashik,B30,36-45,Male,50.4,Verified
INV000617,2025-03-25,2025-03-25,1,16790,0.0,0.0,Continuous,Delhi,Gurugram,T30,26-35,Female,11.8,Verified
INV000618,2025-02-27,2025-03-06,2,6996,7.0,7.0,Continuous,Madhya Pradesh,Indore,T30,26-35,Male,17.8,Verified
INV000619,2024-11-23,2025-05-22,5,28290,73.0,45.0,At Risk,West Bengal,Kolkata,T30,26-35,Male,12.6,Pending
INV000620,2024-07-10,2024-07-10,1,7741,0.0,0.0,Continuous,Telangana,Hyderabad,T30,26-35,Male,16.1,Verified
INV000621,2024-02-15,2025-01-30,2,50328,350.0,350.0,At Risk,Rajasthan,Udaipur,B30,56+,Female,45.8,Verified
INV000622,2024-01-23,2025-01-15,5,21061,293.0,89.5,At Risk,Haryana,Faridabad,B30,26-35,Male,18.0,Verified
INV000623,2024-04-14,2025-04-17,4,24900,238.0,122.67,At Risk,Tamil Nadu,Chennai,T30,46-55,Male,48.9,Verified
INV000624,2024-01-31,2024-08-08,7,131937,53.0,31.67,At Risk,West Bengal,Kolkata,T30,56+,Male,79.6,Verified
INV000625,2024-03-22,2025-05-28,6,23397,134.0,86.4,At Risk,Rajasthan,Jaipur,T30,46-55,Female,19.7,Verified
INV000626,2024-09-28,2025-05-19,3,18745,187.0,116.5,At Risk,Haryana,Gurugram,T30,26-35,Female,12.3,Verified
INV000627,2024-08-14,2024-08-14,1,4728,0.0,0.0,Continuous,Delhi,Noida,T30,36-45,Female,49.8,Verified
INV000628,2024-02-27,2024-12-27,2,59172,304.0,304.0,At Risk,Gujarat,Surat,T30,56+,Male,57.9,Verified
INV000629,2024-02-22,2025-01-27,4,22599,276.0,113.33,At Risk,West Bengal,Kolkata,T30,46-55,Male,96.4,Verified
INV000630,2024-01-31,2025-03-18,7,55182,161.0,68.67,At Risk,Uttar Pradesh,Kanpur,B30,26-35,Male,18.9,Verified
INV000631,2024-03-06,2024-12-01,6,45319,145.0,54.0,At Risk,Delhi,Noida,T30,36-45,Female,48.6,Verified
INV000632,2024-11-29,2024-11-29,1,56001,0.0,0.0,Continuous,Delhi,Gurugram,T30,36-45,Male,49.1,Verified
INV000633,2024-01-23,2025-03-29,5,71647,183.0,107.75,At Risk,Karnataka,Bangalore,T30,46-55,Male,69.2,Verified
INV000634,2024-01-22,2025-03-15,9,98595,147.0,52.25,At Risk,Karnataka,Bangalore,T30,26-35,Female,22.7,Verified
INV000635,2024-03-13,2025-03-23,6,30163,240.0,75.0,At Risk,Delhi,New Delhi,T30,18-25,Female,4.2,Verified
INV000636,2024-08-14,2024-12-04,3,21480,77.0,56.0,At Risk,Delhi,Noida,T30,46-55,Male,79.6,Verified
INV000637,2024-05-02,2024-07-17,3,30929,48.0,38.0,At Risk,Punjab,Chandigarh,T30,26-35,Male,13.9,Verified
INV000638,2024-01-13,2025-05-24,4,78419,246.0,165.67,At Risk,Rajasthan,Udaipur,B30,26-35,Male,12.7,Verified
INV000639,2024-12-09,2025-05-26,3,57175,129.0,84.0,At Risk,Tamil Nadu,Coimbatore,B30,18-25,Female,3.6,Verified
INV000640,2024-05-03,2024-05-03,1,8756,0.0,0.0,Continuous,Telangana,Hyderabad,T30,18-25,Male,5.3,Verified
INV000641,2024-08-03,2025-05-04,6,92825,126.0,54.8,At Risk,Punjab,Amritsar,B30,26-35,Male,14.5,Verified
INV000642,2024-03-19,2025-05-21,9,109817,139.0,53.5,At Risk,Gujarat,Surat,T30,26-35,Male,15.6,Verified
INV000643,2024-03-10,2025-01-13,4,6899,299.0,103.0,At Risk,Haryana,Faridabad,B30,26-35,Female,23.5,Verified
INV000644,2024-02-21,2024-03-26,4,10528,13.0,11.33,Continuous,West Bengal,Kolkata,T30,26-35,Male,9.1,Verified
INV000645,2024-02-12,2025-01-07,6,26646,127.0,66.0,At Risk,Karnataka,Bangalore,T30,18-25,Male,3.9,Verified
INV000646,2024-05-17,2025-05-26,7,76212,138.0,62.33,At Risk,Uttar Pradesh,Lucknow,T30,26-35,Female,23.9,Verified
INV000647,2024-07-31,2024-07-31,1,59775,0.0,0.0,Continuous,Punjab,Chandigarh,T30,46-55,Male,46.5,Verified
INV000648,2024-02-10,2024-08-24,4,32645,88.0,65.33,At Risk,Uttar Pradesh,Kanpur,B30,18-25,Female,5.8,Verified
INV000649,2024-01-11,2025-01-14,5,54134,294.0,92.25,At Risk,Tamil Nadu,Chennai,T30,36-45,Male,27.3,Verified
INV000650,2024-03-05,2025-05-13,3,16368,260.0,217.0,At Risk,Karnataka,Mysore,B30,26-35,Male,22.8,Verified
INV000651,2024-01-20,2025-05-04,6,34381,304.0,94.0,At Risk,Delhi,New Delhi,T30,18-25,Male,6.0,Verified
INV000652,2024-02-09,2025-05-23,6,34837,262.0,93.8,At Risk,Delhi,Gurugram,T30,26-35,Male,8.0,Pending
INV000653,2024-02-01,2024-07-14,2,26554,164.0,164.0,At Risk,Uttar Pradesh,Kanpur,B30,26-35,Female,18.6,Verified
INV000654,2025-01-02,2025-01-02,1,57906,0.0,0.0,Continuous,Rajasthan,Udaipur,B30,18-25,Female,7.9,Verified
INV000656,2024-04-13,2025-01-20,3,4897,197.0,141.0,At Risk,Gujarat,Surat,T30,18-25,Male,5.2,Verified
INV000657,2024-01-28,2025-04-25,8,103388,106.0,64.71,At Risk,Tamil Nadu,Coimbatore,B30,26-35,Female,11.4,Verified
INV000658,2024-05-10,2025-05-24,5,88353,191.0,94.75,At Risk,Gujarat,Ahmedabad,T30,26-35,Male,14.1,Verified
INV000659,2024-01-09,2025-05-23,4,65748,228.0,166.67,At Risk,Haryana,Faridabad,B30,26-35,Male,17.2,Verified
INV000660,2024-08-15,2025-03-13,5,113590,102.0,52.5,At Risk,Punjab,Chandigarh,T30,36-45,Male,14.1,Verified
INV000661,2024-03-22,2025-05-19,5,21151,227.0,105.75,At Risk,Haryana,Faridabad,B30,36-45,Male,46.8,Pending
INV000662,2024-01-02,2025-04-09,8,34238,185.0,66.14,At Risk,Gujarat,Surat,T30,36-45,Female,20.1,Verified
INV000663,2024-01-04,2025-04-20,6,83316,247.0,94.4,At Risk,Haryana,Gurugram,T30,26-35,Female,13.8,Pending
INV000664,2024-05-07,2025-02-06,4,39069,149.0,91.67,At Risk,West Bengal,Kolkata,T30,26-35,Male,21.1,Verified
INV000665,2024-05-22,2025-04-13,10,56140,148.0,36.22,At Risk,Rajasthan,Udaipur,B30,26-35,Female,6.6,Verified
INV000666,2024-03-22,2025-01-25,5,37905,170.0,77.25,At Risk,Maharashtra,Mumbai,T30,36-45,Male,49.7,Verified
INV000667,2024-05-21,2025-04-26,6,117715,134.0,68.0,At Risk,Telangana,Hyderabad,T30,26-35,Male,7.5,Verified
INV000668,2024-01-06,2025-05-28,3,15858,339.0,254.0,At Risk,Telangana,Hyderabad,T30,18-25,Male,4.8,Verified
INV000669,2024-02-26,2024-02-26,1,902,0.0,0.0,Continuous,Madhya Pradesh,Indore,T30,36-45,Male,25.2,Verified
INV000670,2024-07-23,2025-02-06,3,28574,143.0,99.0,At Risk,Uttar Pradesh,Kanpur,B30,26-35,Male,15.9,Verified
INV000671,2024-02-12,2025-02-21,4,26912,218.0,125.0,At Risk,Uttar Pradesh,Agra,B30,36-45,Female,15.3,Verified
INV000672,2024-11-17,2024-12-20,2,3281,33.0,33.0,Continuous,Rajasthan,Jaipur,T30,26-35,Male,18.8,Verified
INV000673,2024-01-13,2025-04-21,6,145533,235.0,92.8,At Risk,Maharashtra,Nashik,B30,36-45,Male,47.4,Verified
INV000674,2024-05-10,2024-05-10,1,27449,0.0,0.0,Continuous,Rajasthan,Udaipur,B30,26-35,Female,12.5,Verified
INV000675,2024-06-09,2025-04-19,6,23160,155.0,62.8,At Risk,Uttar Pradesh,Kanpur,B30,36-45,Male,27.9,Verified
INV000676,2024-05-10,2025-04-28,11,174741,106.0,35.3,At Risk,Rajasthan,Udaipur,B30,56+,Male,71.7,Verified
INV000677,2024-01-27,2024-01-27,1,2045,0.0,0.0,Continuous,Telangana,Hyderabad,T30,26-35,Male,16.6,Verified
INV000678,2024-04-12,2025-04-27,7,36623,140.0,63.33,At Risk,Gujarat,Surat,T30,26-35,Male,19.1,Verified
INV000679,2024-07-14,2024-11-27,3,20282,123.0,68.0,At Risk,Haryana,Faridabad,B30,46-55,Female,79.1,Verified
INV000680,2024-09-03,2025-02-08,2,2767,158.0,158.0,At Risk,Tamil Nadu,Chennai,T30,18-25,Female,4.1,Verified
INV000681,2024-03-22,2024-12-22,3,11354,246.0,137.5,At Risk,Delhi,New Delhi,T30,26-35,Male,23.4,Verified
INV000682,2024-04-28,2025-05-07,2,12001,374.0,374.0,At Risk,Delhi,New Delhi,T30,56+,Female,69.2,Verified
INV000683,2024-01-08,2025-03-19,9,47678,137.0,54.5,At Risk,Maharashtra,Mumbai,T30,26-35,Female,17.4,Verified
INV000684,2024-02-20,2025-03-29,3,41260,212.0,201.5,At Risk,Rajasthan,Udaipur,B30,26-35,Male,10.4,Verified
INV000685,2024-02-12,2024-02-12,1,435,0.0,0.0,Continuous,Karnataka,Bangalore,T30,18-25,Male,4.0,Verified
INV000686,2024-07-18,2024-07-18,1,15336,0.0,0.0,Continuous,Madhya Pradesh,Indore,T30,36-45,Male,51.9,Verified
INV000687,2024-05-03,2025-04-22,3,21362,223.0,177.0,At Risk,Maharashtra,Pune,T30,36-45,Male,41.0,Verified
INV000688,2025-01-04,2025-03-26,2,28378,81.0,81.0,At Risk,Madhya Pradesh,Bhopal,B30,36-45,Male,24.1,Verified
INV000689,2024-05-16,2025-03-09,5,41027,110.0,74.25,At Risk,Tamil Nadu,Chennai,T30,26-35,Female,19.8,Verified
INV000690,2024-04-23,2025-05-22,8,169171,134.0,56.29,At Risk,Delhi,Gurugram,T30,46-55,Male,98.7,Verified
INV000691,2024-01-27,2024-12-24,6,50363,163.0,66.4,At Risk,Tamil Nadu,Chennai,T30,18-25,Female,7.8,Verified
INV000692,2025-04-18,2025-04-18,1,1897,0.0,0.0,Continuous,Uttar Pradesh,Agra,B30,46-55,Female,37.5,Verified
INV000693,2024-04-12,2025-04-25,2,13174,378.0,378.0,At Risk,Haryana,Faridabad,B30,26-35,Male,11.0,Verified
INV000695,2024-03-01,2025-02-10,5,13748,229.0,86.5,At Risk,Gujarat,Surat,T30,36-45,Male,48.0,Verified
INV000696,2024-07-12,2025-05-22,4,26838,193.0,104.67,At Risk,Madhya Pradesh,Indore,T30,26-35,Male,10.7,Verified
INV000698,2024-02-20,2025-04-13,9,77848,219.0,52.25,At Risk,Madhya Pradesh,Bhopal,B30,18-25,Male,7.1,Verified
INV000699,2024-03-27,2024-10-27,6,51568,147.0,42.8,At Risk,Rajasthan,Jaipur,T30,18-25,Male,7.7,Verified
INV000700,2024-08-21,2024-12-20,3,25789,93.0,60.5,At Risk,Gujarat,Ahmedabad,T30,56+,Female,71.3,Verified
INV000701,2024-01-13,2025-05-29,7,51486,298.0,83.67,At Risk,West Bengal,Kolkata,T30,36-45,Female,55.6,Verified
INV000702,2024-05-11,2025-02-22,2,34324,287.0,287.0,At Risk,Tamil Nadu,Coimbatore,B30,46-55,Female,94.1,Pending
INV000703,2024-01-11,2024-12-22,3,13024,286.0,173.0,At Risk,Delhi,New Delhi,T30,26-35,Male,15.4,Verified
INV000704,2024-01-19,2025-02-27,5,11058,246.0,101.25,At Risk,Gujarat,Ahmedabad,T30,18-25,Male,4.5,Verified
INV000705,2024-09-12,2025-05-17,2,4660,247.0,247.0,At Risk,Delhi,Noida,T30,26-35,Male,6.9,Verified
INV000706,2024-03-19,2025-03-28,5,25657,221.0,93.5,At Risk,Telangana,Hyderabad,T30,26-35,Female,7.3,Verified
INV000707,2024-08-07,2025-05-09,9,50988,106.0,34.38,At Risk,Karnataka,Mysore,B30,36-45,Female,46.6,Verified
INV000708,2024-02-26,2025-03-27,4,16605,222.0,131.67,At Risk,Delhi,Noida,T30,26-35,Female,13.5,Verified
INV000709,2024-02-07,2025-03-04,7,143724,128.0,65.17,At Risk,Telangana,Hyderabad,T30,26-35,Female,13.6,Verified
INV000710,2024-02-27,2025-05-15,6,62975,264.0,88.6,At Risk,Delhi,Noida,T30,26-35,Male,6.1,Verified
INV000711,2024-02-07,2025-03-05,4,15652,247.0,130.67,At Risk,Karnataka,Bangalore,T30,56+,Male,28.3,Verified
INV000713,2024-06-19,2025-02-03,3,55284,177.0,114.5,At Risk,Delhi,Noida,T30,36-45,Female,23.7,Verified
INV000714,2024-06-07,2025-03-30,9,47519,95.0,37.0,At Risk,Uttar Pradesh,Kanpur,B30,26-35,Female,23.8,Verified
INV000715,2024-06-28,2025-02-18,5,7436,154.0,58.75,At Risk,Uttar Pradesh,Agra,B30,26-35,Male,24.2,Verified
INV000716,2024-12-05,2024-12-05,1,3300,0.0,0.0,Continuous,Maharashtra,Nashik,B30,56+,Male,15.1,Verified
INV000717,2024-02-07,2025-05-18,4,87704,282.0,155.33,At Risk,Tamil Nadu,Chennai,T30,46-55,Male,44.9,Verified
INV000718,2024-01-16,2024-12-28,7,52719,118.0,57.83,At Risk,Delhi,Gurugram,T30,26-35,Male,10.8,Verified
INV000719,2024-02-29,2025-05-11,7,131252,185.0,72.83,At Risk,Tamil Nadu,Coimbatore,B30,18-25,Male,6.8,Verified
INV000720,2024-01-19,2025-05-28,5,41139,217.0,123.75,At Risk,Gujarat,Ahmedabad,T30,18-25,Female,5.8,Verified
INV000721,2024-12-10,2025-05-15,4,29700,67.0,52.0,At Risk,Maharashtra,Nashik,B30,36-45,Male,59.1,Verified
INV000722,2024-03-12,2024-10-26,3,10657,179.0,114.0,At Risk,Punjab,Chandigarh,T30,26-35,Female,8.1,Verified
INV000723,2024-01-23,2025-03-31,5,39694,398.0,108.25,At Risk,Madhya Pradesh,Indore,T30,46-55,Female,31.4,Verified
INV000724,2024-04-11,2025-05-22,6,33281,227.0,81.2,At Risk,Uttar Pradesh,Kanpur,B30,46-55,Male,78.7,Verified
INV000725,2024-03-14,2025-04-24,7,89962,92.0,67.67,At Risk,Telangana,Hyderabad,T30,18-25,Male,6.9,Verified
INV000726,2024-02-02,2024-07-02,2,1359,151.0,151.0,At Risk,Punjab,Chandigarh,T30,26-35,Male,21.1,Verified
INV000727,2024-12-22,2025-01-17,3,14806,25.0,13.0,Continuous,Karnataka,Bangalore,T30,26-35,Female,21.3,Pending
INV000728,2024-09-14,2025-02-12,5,81972,85.0,37.75,At Risk,Telangana,Hyderabad,T30,26-35,Male,8.4,Verified
INV000729,2024-01-15,2025-03-29,4,93518,196.0,146.33,At Risk,Telangana,Hyderabad,T30,36-45,Male,36.5,Verified
INV000730,2025-03-18,2025-03-18,1,50364,0.0,0.0,Continuous,Maharashtra,Mumbai,T30,26-35,Male,19.5,Verified
INV000731,2024-09-07,2024-09-26,2,38186,19.0,19.0,Continuous,Rajasthan,Jaipur,T30,18-25,Male,7.1,Verified
INV000732,2024-07-19,2025-03-22,4,28254,130.0,82.0,At Risk,Haryana,Faridabad,B30,46-55,Female,40.8,Verified
INV000733,2024-01-19,2025-01-08,2,31854,355.0,355.0,At Risk,Uttar Pradesh,Lucknow,T30,18-25,Male,3.9,Verified
INV000734,2024-02-22,2025-05-15,8,108076,180.0,64.0,At Risk,Maharashtra,Pune,T30,26-35,Female,15.2,Verified
INV000735,2024-02-25,2025-04-30,4,39361,306.0,143.33,At Risk,Maharashtra,Pune,T30,36-45,Male,57.7,Pending
INV000736,2024-02-13,2025-03-18,5,52229,181.0,99.75,At Risk,Haryana,Faridabad,B30,36-45,Female,39.4,Verified
INV000737,2024-01-31,2025-05-08,6,146341,168.0,92.6,At Risk,Madhya Pradesh,Indore,T30,26-35,Female,10.0,Verified
INV000738,2024-08-30,2025-02-07,4,18807,63.0,53.67,At Risk,Punjab,Amritsar,B30,26-35,Male,12.1,Verified
INV000739,2024-03-03,2024-09-25,4,15614,82.0,68.67,At Risk,Uttar Pradesh,Agra,B30,46-55,Female,97.0,Verified
INV000740,2024-05-18,2024-05-18,1,8334,0.0,0.0,Continuous,Delhi,Gurugram,T30,36-45,Male,52.5,Verified
INV000741,2024-05-31,2025-05-25,5,87055,151.0,89.75,At Risk,Rajasthan,Udaipur,B30,26-35,Male,17.4,Pending
INV000742,2024-08-05,2025-05-06,4,61790,213.0,91.33,At Risk,Uttar Pradesh,Lucknow,T30,36-45,Male,27.4,Verified
INV000743,2024-06-17,2025-04-29,3,69046,243.0,158.0,At Risk,Telangana,Hyderabad,T30,26-35,Male,22.8,Verified
INV000744,2024-08-25,2025-04-11,4,27141,135.0,76.33,At Risk,Uttar Pradesh,Kanpur,B30,56+,Female,49.8,Verified
INV000745,2024-03-09,2025-05-15,4,11126,309.0,144.0,At Risk,Punjab,Chandigarh,T30,26-35,Female,13.2,Verified
INV000746,2024-08-31,2025-03-28,2,30090,209.0,209.0,At Risk,Madhya Pradesh,Bhopal,B30,36-45,Male,49.8,Verified
INV000747,2024-01-25,2025-03-23,6,86939,205.0,84.6,At Risk,West Bengal,Kolkata,T30,36-45,Female,40.3,Verified
INV000748,2024-07-02,2024-12-24,2,6449,175.0,175.0,At Risk,Uttar Pradesh,Agra,B30,26-35,Male,18.7,Verified
INV000749,2024-02-08,2025-04-28,5,82387,190.0,111.25,At Risk,Uttar Pradesh,Kanpur,B30,36-45,Male,36.1,Verified
INV000750,2024-08-03,2025-03-03,9,95979,84.0,26.5,At Risk,Delhi,New Delhi,T30,26-35,Male,20.9,Verified
INV000751,2024-03-29,2025-05-27,9,42163,193.0,53.0,At Risk,Uttar Pradesh,Kanpur,B30,36-45,Male,17.7,Verified
INV000752,2024-03-04,2025-04-02,3,23834,269.0,197.0,At Risk,Punjab,Chandigarh,T30,46-55,Male,32.7,Verified
INV000753,2024-08-14,2025-05-10,3,12084,186.0,134.5,At Risk,Haryana,Faridabad,B30,46-55,Male,82.4,Verified
INV000754,2024-03-02,2025-05-10,7,97616,103.0,72.33,At Risk,West Bengal,Kolkata,T30,26-35,Male,8.0,Verified
INV000755,2024-06-16,2025-02-11,3,50083,229.0,120.0,At Risk,Uttar Pradesh,Agra,B30,26-35,Female,13.1,Verified
INV000756,2024-06-26,2025-02-15,4,71393,157.0,78.0,At Risk,Tamil Nadu,Chennai,T30,36-45,Male,44.2,Verified
INV000757,2024-01-14,2025-03-06,3,20881,226.0,208.5,At Risk,Madhya Pradesh,Indore,T30,36-45,Male,25.4,Verified
INV000758,2024-01-23,2025-04-21,5,37302,223.0,113.5,At Risk,Delhi,New Delhi,T30,56+,Male,61.5,Verified
INV000759,2024-01-08,2025-05-20,7,44038,156.0,83.0,At Risk,Gujarat,Ahmedabad,T30,26-35,Male,7.6,Verified
INV000760,2024-06-25,2024-11-20,2,3673,148.0,148.0,At Risk,West Bengal,Kolkata,T30,36-45,Male,29.2,Pending
INV000761,2024-02-26,2025-05-22,7,115474,173.0,75.17,At Risk,Rajasthan,Udaipur,B30,18-25,Female,7.5,Verified
INV000762,2025-01-06,2025-05-04,2,12589,118.0,118.0,At Risk,Delhi,Gurugram,T30,36-45,Female,29.8,Verified
INV000763,2024-06-05,2024-06-05,1,4966,0.0,0.0,Continuous,Punjab,Amritsar,B30,26-35,Female,6.4,Verified
INV000764,2024-02-06,2025-03-15,5,40185,299.0,100.75,At Risk,Punjab,Chandigarh,T30,26-35,Male,15.6,Verified
INV000765,2024-01-31,2024-11-24,4,8701,142.0,99.33,At Risk,Telangana,Hyderabad,T30,18-25,Male,4.6,Verified
INV000766,2024-01-07,2024-12-27,3,10243,247.0,177.5,At Risk,Uttar Pradesh,Agra,B30,46-55,Male,88.1,Verified
INV000767,2024-09-09,2025-05-14,3,70935,227.0,123.5,At Risk,Karnataka,Bangalore,T30,18-25,Female,5.2,Verified
INV000768,2024-01-17,2025-03-12,8,81075,124.0,60.0,At Risk,Delhi,Noida,T30,56+,Male,12.2,Verified
INV000769,2024-03-22,2025-02-28,5,56860,206.0,85.75,At Risk,West Bengal,Kolkata,T30,36-45,Male,41.1,Verified
INV000770,2024-03-14,2024-03-14,1,49575,0.0,0.0,Continuous,Maharashtra,Mumbai,T30,36-45,Male,43.0,Verified
INV000771,2024-02-10,2025-02-09,4,15457,176.0,121.67,At Risk,Rajasthan,Udaipur,B30,26-35,Male,10.9,Verified
INV000772,2024-06-15,2025-01-31,6,88779,81.0,46.0,At Risk,Karnataka,Bangalore,T30,56+,Female,16.1,Verified
INV000774,2024-02-16,2025-05-03,7,83715,169.0,73.67,At Risk,Telangana,Hyderabad,T30,36-45,Male,34.9,Verified
INV000775,2024-09-21,2025-04-29,4,63619,151.0,73.33,At Risk,Gujarat,Surat,T30,26-35,Male,15.1,Verified
INV000776,2024-03-07,2025-04-27,8,40424,116.0,59.43,At Risk,Rajasthan,Jaipur,T30,26-35,Male,12.4,Verified
INV000777,2024-03-05,2025-01-29,6,20946,121.0,66.0,At Risk,Uttar Pradesh,Lucknow,T30,26-35,Male,15.7,Verified
INV000778,2024-03-22,2025-05-14,8,99237,182.0,59.71,At Risk,Haryana,Faridabad,B30,26-35,Male,16.9,Verified
INV000779,2024-03-21,2025-03-31,6,12215,153.0,75.0,At Risk,Gujarat,Ahmedabad,T30,36-45,Male,35.3,Pending
INV000780,2024-11-16,2024-11-16,1,6159,0.0,0.0,Continuous,Rajasthan,Jaipur,T30,26-35,Male,13.2,Pending
INV000781,2024-02-01,2024-10-07,4,50132,191.0,83.0,At Risk,Delhi,Gurugram,T30,26-35,Male,6.8,Pending
INV000782,2024-11-29,2025-05-18,5,24369,105.0,42.5,At Risk,Telangana,Hyderabad,T30,18-25,Male,4.4,Verified
INV000783,2024-02-14,2025-05-08,6,138175,187.0,89.8,At Risk,Gujarat,Ahmedabad,T30,46-55,Male,92.0,Verified
INV000784,2024-02-09,2025-04-19,2,4082,435.0,435.0,At Risk,Tamil Nadu,Chennai,T30,36-45,Male,19.6,Verified
INV000785,2024-10-10,2025-03-22,6,29312,66.0,32.6,At Risk,Tamil Nadu,Chennai,T30,36-45,Male,31.1,Pending
INV000786,2024-01-01,2025-05-28,9,73859,199.0,64.12,At Risk,Madhya Pradesh,Bhopal,B30,26-35,Male,17.9,Verified
INV000787,2024-10-08,2024-10-08,1,58500,0.0,0.0,Continuous,West Bengal,Kolkata,T30,46-55,Male,23.7,Verified
INV000788,2024-05-06,2025-03-17,4,29398,159.0,105.0,At Risk,Haryana,Gurugram,T30,26-35,Male,20.7,Verified
INV000789,2024-02-29,2025-03-21,8,110683,225.0,55.14,At Risk,Gujarat,Surat,T30,56+,Male,47.7,Verified
INV000790,2025-02-27,2025-02-27,1,25070,0.0,0.0,Continuous,Madhya Pradesh,Indore,T30,26-35,Male,15.9,Verified
INV000791,2024-01-05,2024-11-21,4,35158,188.0,107.0,At Risk,Madhya Pradesh,Bhopal,B30,26-35,Male,18.4,Verified
INV000792,2024-08-04,2025-05-02,2,17894,271.0,271.0,At Risk,Madhya Pradesh,Bhopal,B30,26-35,Female,14.0,Verified
INV000793,2024-01-14,2025-05-12,8,105129,149.0,69.14,At Risk,West Bengal,Kolkata,T30,26-35,Female,8.4,Verified
INV000794,2024-08-11,2024-08-11,1,2557,0.0,0.0,Continuous,Karnataka,Mysore,B30,56+,Male,26.7,Verified
INV000795,2025-05-28,2025-05-28,1,2907,0.0,0.0,Continuous,Uttar Pradesh,Kanpur,B30,36-45,Male,37.2,Verified
INV000796,2024-02-07,2024-11-26,3,20529,255.0,146.5,At Risk,Madhya Pradesh,Indore,T30,18-25,Male,5.0,Verified
INV000797,2024-01-01,2025-04-13,4,126466,382.0,156.0,At Risk,Rajasthan,Jaipur,T30,36-45,Female,53.7,Verified
INV000798,2025-02-27,2025-02-27,1,26463,0.0,0.0,Continuous,Rajasthan,Udaipur,B30,26-35,Male,24.6,Verified
INV000799,2024-01-21,2025-05-20,5,38647,249.0,121.25,At Risk,Madhya Pradesh,Indore,T30,18-25,Male,4.6,Verified
INV000800,2024-03-17,2025-05-25,4,25104,333.0,144.67,At Risk,Delhi,New Delhi,T30,36-45,Female,58.8,Verified
INV000801,2024-09-24,2025-04-26,3,31259,131.0,107.0,At Risk,Karnataka,Mysore,B30,36-45,Male,18.3,Verified
INV000802,2024-09-01,2024-09-01,1,26484,0.0,0.0,Continuous,Gujarat,Ahmedabad,T30,36-45,Male,34.4,Pending
INV000803,2024-01-04,2025-04-11,7,75412,147.0,77.17,At Risk,Karnataka,Mysore,B30,26-35,Female,20.6,Verified
INV000804,2024-02-14,2024-12-31,3,72534,261.0,160.5,At Risk,Karnataka,Mysore,B30,36-45,Male,39.7,Verified
INV000806,2024-05-24,2025-01-28,4,39230,113.0,83.0,At Risk,Maharashtra,Pune,T30,46-55,Male,90.4,Verified
INV000808,2024-01-13,2025-03-04,3,19945,292.0,208.0,At Risk,Punjab,Chandigarh,T30,36-45,Male,34.9,Verified
INV000809,2024-03-01,2025-02-26,4,40565,262.0,120.67,At Risk,Tamil Nadu,Chennai,T30,56+,Male,59.1,Verified
INV000810,2024-05-01,2025-04-08,5,66001,133.0,85.5,At Risk,Rajasthan,Jaipur,T30,26-35,Male,11.2,Verified
INV000811,2024-01-22,2024-11-08,2,18497,291.0,291.0,At Risk,Haryana,Faridabad,B30,36-45,Female,34.5,Pending
INV000813,2024-01-11,2025-01-09,4,76203,319.0,121.33,At Risk,Telangana,Hyderabad,T30,46-55,Male,38.7,Verified
INV000814,2024-01-15,2025-04-29,6,111708,195.0,94.0,At Risk,Delhi,New Delhi,T30,26-35,Male,17.8,Verified
INV000815,2024-08-16,2025-05-09,2,3066,266.0,266.0,At Risk,Karnataka,Mysore,B30,26-35,Male,9.2,Verified
INV000816,2024-05-19,2025-03-14,3,16915,216.0,149.5,At Risk,Uttar Pradesh,Lucknow,T30,36-45,Male,26.0,Verified
INV000818,2024-03-18,2025-05-14,2,50459,422.0,422.0,At Risk,Telangana,Hyderabad,T30,56+,Female,62.5,Verified
INV000819,2024-07-29,2025-01-20,3,77902,116.0,87.5,At Risk,Karnataka,Bangalore,T30,36-45,Male,56.5,Verified
INV000820,2024-01-13,2024-08-07,2,46300,207.0,207.0,At Risk,Telangana,Hyderabad,T30,36-45,Male,50.2,Verified
INV000821,2024-05-04,2024-06-26,2,3747,53.0,53.0,At Risk,Uttar Pradesh,Kanpur,B30,36-45,Male,50.1,Verified
INV000822,2024-02-02,2024-12-31,7,68933,141.0,55.5,At Risk,Punjab,Amritsar,B30,26-35,Male,9.2,Verified
INV000823,2024-02-21,2024-10-16,7,49395,69.0,39.67,At Risk,Madhya Pradesh,Bhopal,B30,46-55,Male,41.5,Verified
INV000824,2024-01-19,2025-03-16,3,15468,383.0,211.0,At Risk,Haryana,Gurugram,T30,36-45,Male,53.9,Verified
INV000825,2024-02-03,2024-10-14,3,18835,190.0,127.0,At Risk,Madhya Pradesh,Bhopal,B30,18-25,Female,5.5,Verified
INV000826,2024-02-22,2025-04-25,3,24082,398.0,214.0,At Risk,Madhya Pradesh,Bhopal,B30,36-45,Female,44.3,Verified
INV000827,2024-04-05,2025-05-18,8,46159,122.0,58.29,At Risk,Maharashtra,Pune,T30,36-45,Male,28.8,Pending
INV000828,2024-03-03,2024-03-03,1,854,0.0,0.0,Continuous,Maharashtra,Nashik,B30,26-35,Female,17.1,Verified
INV000829,2024-01-16,2025-05-01,5,18735,194.0,117.75,At Risk,West Bengal,Kolkata,T30,26-35,Female,23.1,Verified
INV000830,2024-04-21,2025-04-17,6,77141,165.0,72.2,At Risk,Tamil Nadu,Chennai,T30,36-45,Female,43.0,Verified
INV000831,2024-08-11,2025-05-08,5,22090,134.0,67.5,At Risk,Punjab,Chandigarh,T30,36-45,Male,34.6,Verified
INV000832,2024-01-20,2024-09-27,2,24501,251.0,251.0,At Risk,Karnataka,Bangalore,T30,36-45,Male,36.6,Verified
INV000833,2024-01-08,2025-04-23,8,88699,182.0,67.29,At Risk,Maharashtra,Nashik,B30,18-25,Male,4.4,Verified
INV000834,2024-03-17,2024-12-02,3,47401,241.0,130.0,At Risk,Uttar Pradesh,Agra,B30,18-25,Female,6.6,Verified
INV000835,2024-09-12,2024-09-12,1,7716,0.0,0.0,Continuous,Uttar Pradesh,Lucknow,T30,56+,Male,65.1,Verified
INV000836,2024-01-01,2025-02-28,6,127974,123.0,84.8,At Risk,Haryana,Gurugram,T30,26-35,Male,24.4,Verified
INV000837,2025-03-01,2025-03-01,1,3173,0.0,0.0,Continuous,Telangana,Hyderabad,T30,56+,Male,9.8,Verified
INV000838,2024-07-13,2025-01-05,2,40595,176.0,176.0,At Risk,Madhya Pradesh,Bhopal,B30,26-35,Male,21.9,Verified
INV000839,2024-04-21,2024-04-21,1,1165,0.0,0.0,Continuous,Gujarat,Surat,T30,26-35,Male,9.5,Pending
INV000840,2024-04-14,2025-05-01,3,30685,280.0,191.0,At Risk,Punjab,Chandigarh,T30,26-35,Male,15.3,Verified
INV000841,2024-04-03,2025-03-21,3,63076,277.0,176.0,At Risk,Maharashtra,Mumbai,T30,36-45,Male,56.5,Verified
INV000842,2024-02-07,2024-02-07,1,5035,0.0,0.0,Continuous,Uttar Pradesh,Kanpur,B30,36-45,Female,57.0,Verified
INV000843,2024-05-01,2025-02-03,6,49484,102.0,55.6,At Risk,Maharashtra,Mumbai,T30,26-35,Male,10.2,Verified
INV000844,2024-02-09,2025-03-12,7,48647,151.0,66.17,At Risk,Gujarat,Surat,T30,26-35,Male,6.5,Verified
INV000845,2024-08-08,2025-03-07,3,15458,201.0,105.5,At Risk,Uttar Pradesh,Kanpur,B30,36-45,Male,17.5,Verified
INV000846,2024-02-02,2025-01-29,3,5501,272.0,181.0,At Risk,Rajasthan,Udaipur,B30,26-35,Female,21.7,Verified
INV000847,2024-05-28,2025-01-22,6,20771,75.0,47.8,At Risk,West Bengal,Kolkata,T30,26-35,Female,17.8,Verified
INV000848,2024-11-05,2024-11-05,1,1948,0.0,0.0,Continuous,Tamil Nadu,Chennai,T30,26-35,Male,20.4,Verified
INV000849,2024-10-17,2025-04-19,4,11713,97.0,61.33,At Risk,Delhi,Gurugram,T30,56+,Female,32.5,Verified
INV000850,2024-10-05,2024-12-27,3,11031,60.0,41.5,At Risk,Maharashtra,Pune,T30,36-45,Male,23.7,Verified
INV000851,2024-02-05,2025-01-05,5,73114,217.0,83.75,At Risk,Tamil Nadu,Chennai,T30,36-45,Male,39.2,Verified
INV000852,2024-01-01,2025-03-06,3,24693,363.0,215.0,At Risk,Maharashtra,Nashik,B30,26-35,Female,18.1,Verified
INV000853,2024-01-22,2025-04-10,10,61865,193.0,49.33,At Risk,Punjab,Chandigarh,T30,26-35,Female,8.0,Verified
INV000854,2024-01-05,2025-05-09,9,149355,170.0,61.25,At Risk,Karnataka,Bangalore,T30,46-55,Female,79.7,Verified
INV000855,2024-01-07,2025-04-09,3,2528,355.0,229.0,At Risk,Maharashtra,Pune,T30,56+,Male,57.1,Verified
INV000856,2024-07-09,2025-05-18,5,21123,128.0,78.25,At Risk,Madhya Pradesh,Indore,T30,26-35,Male,24.8,Verified
INV000857,2024-07-16,2024-09-11,4,41446,34.0,19.0,Continuous,Gujarat,Ahmedabad,T30,26-35,Female,23.6,Verified
INV000858,2024-04-27,2025-04-21,9,70918,157.0,44.88,At Risk,Tamil Nadu,Chennai,T30,36-45,Female,28.7,Verified
INV000859,2024-04-19,2025-01-08,2,5154,264.0,264.0,At Risk,Gujarat,Surat,T30,18-25,Female,7.1,Verified
INV000860,2024-01-27,2025-03-29,5,53397,231.0,106.75,At Risk,Madhya Pradesh,Bhopal,B30,36-45,Female,51.8,Verified
INV000861,2024-03-13,2025-05-14,5,87362,325.0,106.75,At Risk,Uttar Pradesh,Lucknow,T30,18-25,Male,4.2,Verified
INV000862,2024-02-13,2025-05-14,6,119139,372.0,91.2,At Risk,Uttar Pradesh,Agra,B30,26-35,Female,24.4,Verified
INV000863,2024-08-03,2024-08-03,1,9140,0.0,0.0,Continuous,Maharashtra,Nashik,B30,36-45,Male,13.1,Verified
INV000864,2024-01-16,2024-08-07,6,72191,106.0,40.8,At Risk,Tamil Nadu,Chennai,T30,26-35,Female,24.9,Verified
INV000865,2024-04-15,2025-04-16,9,164885,99.0,45.75,At Risk,Tamil Nadu,Coimbatore,B30,26-35,Male,24.2,Verified
INV000866,2024-12-05,2024-12-05,1,573,0.0,0.0,Continuous,Uttar Pradesh,Lucknow,T30,46-55,Male,75.7,Verified
INV000867,2024-07-12,2025-03-03,2,3222,234.0,234.0,At Risk,Delhi,Noida,T30,26-35,Male,20.6,Verified
INV000868,2024-05-23,2024-05-23,1,9196,0.0,0.0,Continuous,West Bengal,Kolkata,T30,36-45,Male,18.4,Pending
INV000869,2024-02-27,2025-01-19,6,29400,100.0,65.4,At Risk,West Bengal,Kolkata,T30,26-35,Female,12.1,Verified
INV000870,2024-04-28,2025-01-25,5,57265,94.0,68.0,At Risk,Rajasthan,Udaipur,B30,18-25,Male,5.0,Verified
INV000871,2024-10-01,2024-10-01,1,43302,0.0,0.0,Continuous,Gujarat,Surat,T30,36-45,Male,55.8,Verified
INV000872,2025-02-15,2025-02-15,1,5900,0.0,0.0,Continuous,West Bengal,Kolkata,T30,36-45,Female,55.3,Verified
INV000873,2024-02-09,2025-04-25,7,44839,299.0,73.5,At Risk,Uttar Pradesh,Lucknow,T30,26-35,Male,8.9,Verified
INV000874,2024-01-04,2025-05-15,9,38895,149.0,62.12,At Risk,Tamil Nadu,Chennai,T30,56+,Male,19.1,Verified
INV000875,2024-06-12,2024-06-12,1,2918,0.0,0.0,Continuous,Gujarat,Surat,T30,46-55,Female,71.8,Verified
INV000876,2024-08-20,2025-01-13,4,99540,66.0,48.67,At Risk,Tamil Nadu,Chennai,T30,26-35,Male,17.4,Verified
INV000877,2024-06-21,2025-04-14,6,116062,159.0,59.4,At Risk,Telangana,Hyderabad,T30,36-45,Female,15.8,Verified
INV000878,2024-07-24,2024-09-28,2,66812,66.0,66.0,At Risk,Tamil Nadu,Coimbatore,B30,36-45,Female,33.4,Verified
INV000879,2024-03-01,2024-08-18,3,8346,108.0,85.0,At Risk,Gujarat,Surat,T30,36-45,Male,59.0,Verified
INV000880,2024-01-31,2025-03-30,4,19939,274.0,141.33,At Risk,Madhya Pradesh,Indore,T30,26-35,Male,18.4,Verified
INV000881,2024-01-10,2025-02-28,10,61437,155.0,46.11,At Risk,Uttar Pradesh,Agra,B30,26-35,Male,17.1,Verified
INV000882,2024-02-06,2024-02-06,1,1139,0.0,0.0,Continuous,Madhya Pradesh,Indore,T30,56+,Male,70.9,Verified
INV000883,2024-06-30,2025-03-14,2,3332,257.0,257.0,At Risk,Tamil Nadu,Chennai,T30,18-25,Female,3.7,Pending
INV000884,2024-04-10,2024-05-18,2,2330,38.0,38.0,At Risk,Delhi,Gurugram,T30,18-25,Female,6.4,Verified
INV000885,2024-02-25,2025-05-05,5,56488,261.0,108.75,At Risk,Gujarat,Ahmedabad,T30,26-35,Male,12.3,Verified
INV000886,2024-09-11,2024-09-11,1,512,0.0,0.0,Continuous,Punjab,Chandigarh,T30,26-35,Male,20.5,Verified
INV000887,2024-01-28,2025-02-25,7,115877,268.0,65.67,At Risk,Tamil Nadu,Coimbatore,B30,36-45,Male,53.9,Verified
INV000888,2024-01-27,2025-05-23,7,98413,166.0,80.33,At Risk,Gujarat,Ahmedabad,T30,26-35,Male,21.9,Verified
INV000889,2024-04-09,2024-12-28,2,11646,263.0,263.0,At Risk,Maharashtra,Mumbai,T30,18-25,Male,6.2,Verified
INV000890,2024-10-02,2024-11-20,3,3907,34.0,24.5,Continuous,Karnataka,Bangalore,T30,26-35,Male,13.5,Verified
INV000891,2024-03-12,2025-03-27,4,54949,279.0,126.67,At Risk,Gujarat,Surat,T30,26-35,Male,20.9,Verified
INV000892,2024-02-14,2025-02-12,3,17721,302.0,182.0,At Risk,Gujarat,Ahmedabad,T30,36-45,Male,26.4,Verified
INV000893,2024-02-05,2025-01-27,7,93208,147.0,59.5,At Risk,Punjab,Chandigarh,T30,46-55,Male,35.3,Verified
INV000894,2024-07-26,2025-04-27,6,36994,105.0,55.0,At Risk,Tamil Nadu,Coimbatore,B30,36-45,Female,32.0,Verified
INV000895,2024-02-17,2025-04-01,3,35559,306.0,204.5,At Risk,Rajasthan,Udaipur,B30,26-35,Male,19.5,Pending
INV000896,2024-08-28,2025-02-17,2,17745,173.0,173.0,At Risk,Karnataka,Mysore,B30,26-35,Male,14.7,Verified
INV000897,2024-07-03,2025-03-09,3,18987,159.0,124.5,At Risk,Maharashtra,Nashik,B30,36-45,Male,22.3,Verified
INV000898,2024-12-15,2024-12-20,2,10141,5.0,5.0,Continuous,West Bengal,Kolkata,T30,26-35,Male,19.1,Verified
INV000899,2025-04-06,2025-04-06,1,29679,0.0,0.0,Continuous,Tamil Nadu,Chennai,T30,36-45,Male,51.7,Verified
INV000900,2024-03-31,2024-08-09,2,3411,131.0,131.0,At Risk,Tamil Nadu,Coimbatore,B30,26-35,Male,6.2,Verified
INV000901,2024-05-23,2025-02-17,6,36100,95.0,54.0,At Risk,Delhi,Gurugram,T30,46-55,Female,67.4,Verified
INV000902,2024-02-18,2024-12-06,5,64246,83.0,73.0,At Risk,Maharashtra,Mumbai,T30,26-35,Female,6.0,Verified
INV000904,2024-01-30,2025-02-27,3,4447,208.0,197.0,At Risk,West Bengal,Kolkata,T30,36-45,Male,55.0,Verified
INV000905,2025-01-13,2025-01-13,1,51314,0.0,0.0,Continuous,West Bengal,Kolkata,T30,36-45,Male,44.3,Verified
INV000906,2024-03-20,2025-01-01,3,26593,282.0,143.5,At Risk,Maharashtra,Mumbai,T30,26-35,Male,20.7,Verified
INV000907,2024-04-08,2025-01-29,6,26520,139.0,59.2,At Risk,Karnataka,Bangalore,T30,46-55,Female,64.5,Verified
INV000908,2024-01-14,2024-05-05,4,43892,57.0,37.33,At Risk,Karnataka,Mysore,B30,26-35,Male,11.3,Verified
INV000909,2024-04-08,2025-05-06,4,32246,151.0,131.0,At Risk,Haryana,Gurugram,T30,46-55,Female,92.6,Pending
INV000910,2024-05-16,2025-05-04,5,32402,151.0,88.25,At Risk,Madhya Pradesh,Indore,T30,46-55,Male,58.8,Pending
INV000911,2025-04-05,2025-04-05,1,49460,0.0,0.0,Continuous,Madhya Pradesh,Bhopal,B30,26-35,Female,20.1,Verified
INV000912,2024-04-24,2025-04-09,4,22486,175.0,116.67,At Risk,Haryana,Faridabad,B30,36-45,Male,26.7,Verified
INV000913,2024-02-20,2025-05-23,4,66722,242.0,152.67,At Risk,Gujarat,Ahmedabad,T30,26-35,Female,22.5,Verified
INV000914,2024-01-31,2025-04-03,5,44201,170.0,107.0,At Risk,Karnataka,Mysore,B30,18-25,Male,3.8,Verified
INV000915,2024-01-25,2025-02-19,4,17046,178.0,130.33,At Risk,West Bengal,Kolkata,T30,36-45,Male,55.9,Verified
INV000916,2024-07-02,2024-07-02,1,21951,0.0,0.0,Continuous,Maharashtra,Nashik,B30,26-35,Male,9.1,Verified
INV000918,2025-02-25,2025-04-22,2,4698,56.0,56.0,At Risk,Delhi,Gurugram,T30,26-35,Male,23.2,Verified
INV000919,2024-10-04,2025-05-12,3,19485,204.0,110.0,At Risk,Telangana,Hyderabad,T30,46-55,Male,49.7,Verified
INV000920,2024-01-31,2025-02-12,6,97652,220.0,75.6,At Risk,Delhi,Gurugram,T30,56+,Male,19.8,Verified
INV000921,2024-04-26,2025-02-10,2,13359,290.0,290.0,At Risk,Rajasthan,Jaipur,T30,26-35,Male,14.6,Verified
INV000922,2024-04-25,2025-02-19,4,17228,126.0,100.0,At Risk,Karnataka,Mysore,B30,26-35,Male,22.4,Verified
INV000923,2024-05-26,2024-05-26,1,437,0.0,0.0,Continuous,Uttar Pradesh,Lucknow,T30,26-35,Male,13.0,Pending
INV000924,2024-02-06,2024-02-06,1,523,0.0,0.0,Continuous,Haryana,Gurugram,T30,36-45,Male,43.6,Verified
INV000925,2024-08-21,2025-03-24,3,11916,135.0,107.5,At Risk,Karnataka,Mysore,B30,18-25,Male,3.6,Verified
INV000926,2024-01-05,2025-02-08,6,67012,111.0,80.0,At Risk,Delhi,New Delhi,T30,36-45,Male,46.1,Verified
INV000927,2024-10-02,2025-02-26,5,138913,74.0,36.75,At Risk,West Bengal,Kolkata,T30,46-55,Male,80.9,Verified
INV000928,2024-04-13,2024-04-13,1,981,0.0,0.0,Continuous,Tamil Nadu,Coimbatore,B30,18-25,Female,6.2,Verified
INV000929,2024-03-28,2025-03-12,7,150139,116.0,58.17,At Risk,West Bengal,Kolkata,T30,36-45,Female,27.7,Verified
INV000930,2024-07-19,2025-03-03,8,92989,118.0,32.43,At Risk,Rajasthan,Udaipur,B30,18-25,Female,4.1,Verified
INV000931,2024-06-13,2025-05-24,5,52234,124.0,86.25,At Risk,Tamil Nadu,Coimbatore,B30,26-35,Male,11.3,Verified
INV000933,2024-03-19,2025-04-21,3,90090,326.0,199.0,At Risk,Rajasthan,Jaipur,T30,36-45,Female,14.9,Verified
INV000934,2024-06-05,2024-08-03,2,5175,59.0,59.0,At Risk,Delhi,Gurugram,T30,56+,Male,37.4,Verified
INV000935,2024-02-12,2024-10-16,9,152824,73.0,30.88,At Risk,Telangana,Hyderabad,T30,36-45,Male,14.6,Verified
INV000936,2025-05-06,2025-05-06,1,8991,0.0,0.0,Continuous,Uttar Pradesh,Lucknow,T30,26-35,Female,22.5,Verified
INV000937,2024-03-12,2024-03-12,1,3191,0.0,0.0,Continuous,Madhya Pradesh,Indore,T30,26-35,Male,22.8,Verified
INV000938,2024-07-14,2024-12-14,2,48318,153.0,153.0,At Risk,Telangana,Hyderabad,T30,36-45,Male,24.5,Verified
INV000939,2024-02-23,2025-04-22,8,69507,154.0,60.57,At Risk,Karnataka,Bangalore,T30,26-35,Male,19.6,Verified
INV000940,2025-03-15,2025-03-15,1,986,0.0,0.0,Continuous,Telangana,Hyderabad,T30,36-45,Female,35.7,Verified
INV000941,2024-02-23,2025-05-23,2,55049,455.0,455.0,At Risk,Rajasthan,Udaipur,B30,26-35,Male,7.2,Verified
INV000942,2024-03-09,2025-01-21,7,138493,92.0,53.0,At Risk,Haryana,Faridabad,B30,56+,Male,70.2,Verified
INV000943,2024-02-15,2024-02-15,1,514,0.0,0.0,Continuous,West Bengal,Kolkata,T30,18-25,Male,5.8,Verified
INV000944,2024-02-06,2025-01-01,3,67343,282.0,165.0,At Risk,Haryana,Faridabad,B30,36-45,Female,16.9,Verified
INV000945,2024-10-09,2024-10-09,1,48475,0.0,0.0,Continuous,Telangana,Hyderabad,T30,36-45,Female,13.4,Verified
INV000946,2024-05-14,2025-01-27,3,50753,234.0,129.0,At Risk,Karnataka,Bangalore,T30,46-55,Female,37.3,Verified
INV000947,2024-03-11,2025-03-28,4,97073,221.0,127.33,At Risk,Delhi,Noida,T30,26-35,Male,11.0,Verified
INV000948,2024-09-01,2024-09-18,2,26350,17.0,17.0,Continuous,Tamil Nadu,Chennai,T30,46-55,Male,94.7,Verified
INV000949,2024-04-03,2025-05-13,7,49784,135.0,67.5,At Risk,Tamil Nadu,Coimbatore,B30,26-35,Male,11.2,Verified
INV000950,2024-02-26,2025-05-26,6,37182,215.0,91.0,At Risk,Punjab,Amritsar,B30,36-45,Male,33.1,Verified
INV000951,2024-08-23,2024-08-23,1,8549,0.0,0.0,Continuous,Punjab,Chandigarh,T30,46-55,Male,72.6,Verified
INV000953,2024-04-05,2025-01-13,3,19249,185.0,141.5,At Risk,Haryana,Faridabad,B30,56+,Male,23.1,Verified
INV000954,2024-01-03,2025-05-24,5,35124,244.0,126.75,At Risk,Haryana,Faridabad,B30,26-35,Female,8.3,Verified
INV000955,2024-04-19,2025-04-27,3,22811,267.0,186.5,At Risk,Gujarat,Surat,T30,26-35,Male,6.7,Verified
INV000956,2025-05-01,2025-05-01,1,2686,0.0,0.0,Continuous,Maharashtra,Mumbai,T30,26-35,Female,13.8,Verified
INV000957,2024-02-18,2025-01-27,4,15079,237.0,114.67,At Risk,Madhya Pradesh,Bhopal,B30,36-45,Male,38.2,Verified
INV000958,2024-02-10,2025-01-03,3,85189,315.0,164.0,At Risk,Delhi,Gurugram,T30,56+,Male,74.6,Verified
INV000959,2024-09-24,2025-04-04,5,35571,84.0,48.0,At Risk,Haryana,Faridabad,B30,46-55,Male,33.9,Verified
INV000960,2024-01-06,2024-08-14,3,15825,218.0,110.5,At Risk,West Bengal,Kolkata,T30,46-55,Male,90.6,Pending
INV000961,2024-01-15,2025-04-14,4,28193,240.0,151.67,At Risk,Rajasthan,Udaipur,B30,36-45,Male,17.2,Verified
INV000962,2024-02-12,2025-01-21,5,15414,166.0,86.0,At Risk,Punjab,Chandigarh,T30,26-35,Male,24.5,Verified
INV000963,2024-06-08,2025-03-11,3,12464,231.0,138.0,At Risk,Punjab,Chandigarh,T30,18-25,Male,4.9,Verified
INV000964,2024-07-17,2024-09-14,2,2972,59.0,59.0,At Risk,Haryana,Faridabad,B30,26-35,Male,6.7,Verified
INV000965,2025-03-01,2025-03-01,1,1111,0.0,0.0,Continuous,Rajasthan,Jaipur,T30,36-45,Female,41.5,Verified
INV000966,2024-08-04,2024-12-01,2,23371,119.0,119.0,At Risk,Telangana,Hyderabad,T30,26-35,Male,22.8,Verified
INV000967,2024-06-25,2024-08-11,2,8000,47.0,47.0,At Risk,Gujarat,Ahmedabad,T30,26-35,Female,12.2,Verified
INV000968,2024-03-16,2025-01-12,2,49877,302.0,302.0,At Risk,Tamil Nadu,Chennai,T30,36-45,Female,37.1,Verified
INV000969,2024-08-22,2025-05-14,4,52354,201.0,88.33,At Risk,Uttar Pradesh,Lucknow,T30,18-25,Male,6.2,Verified
INV000970,2024-10-13,2025-02-13,4,62098,60.0,41.0,At Risk,Tamil Nadu,Coimbatore,B30,46-55,Male,28.8,Pending
INV000971,2024-08-08,2025-05-16,7,38940,139.0,46.83,At Risk,Maharashtra,Mumbai,T30,36-45,Male,42.2,Verified
INV000972,2024-04-16,2024-12-20,5,23388,77.0,62.0,At Risk,Telangana,Hyderabad,T30,18-25,Female,5.9,Verified
INV000974,2024-01-06,2025-03-22,7,40022,143.0,73.5,At Risk,Maharashtra,Mumbai,T30,46-55,Male,88.6,Verified
INV000975,2025-02-27,2025-02-27,1,21285,0.0,0.0,Continuous,Uttar Pradesh,Kanpur,B30,36-45,Male,22.6,Verified
INV000977,2024-01-13,2025-03-27,10,129735,147.0,48.78,At Risk,Karnataka,Mysore,B30,56+,Male,22.5,Verified
INV000978,2024-02-04,2024-11-11,4,19640,177.0,93.67,At Risk,West Bengal,Kolkata,T30,26-35,Male,18.6,Verified
INV000979,2024-04-08,2025-05-12,6,141450,115.0,79.8,At Risk,Karnataka,Bangalore,T30,26-35,Male,24.7,Verified
INV000980,2024-04-26,2025-03-03,8,208518,121.0,44.43,At Risk,West Bengal,Kolkata,T30,18-25,Female,7.3,Verified
INV000981,2024-09-11,2025-05-21,6,68442,104.0,50.4,At Risk,West Bengal,Kolkata,T30,36-45,Female,59.7,Verified
INV000982,2024-12-25,2025-03-19,3,26825,70.0,42.0,At Risk,Gujarat,Ahmedabad,T30,36-45,Male,46.9,Verified
INV000983,2024-01-01,2024-10-10,4,23439,198.0,94.33,At Risk,Telangana,Hyderabad,T30,36-45,Male,33.5,Verified
INV000984,2024-04-24,2025-01-17,4,67407,150.0,89.33,At Risk,Telangana,Hyderabad,T30,26-35,Male,20.9,Verified
INV000985,2024-08-03,2025-05-29,3,22378,223.0,149.5,At Risk,West Bengal,Kolkata,T30,26-35,Female,11.4,Verified
INV000986,2024-02-28,2025-02-27,7,166388,182.0,60.83,At Risk,Tamil Nadu,Coimbatore,B30,26-35,Male,24.2,Verified
INV000987,2024-08-29,2025-01-08,2,1302,132.0,132.0,At Risk,Punjab,Amritsar,B30,26-35,Male,18.7,Verified
INV000988,2024-10-20,2024-10-20,1,2670,0.0,0.0,Continuous,Rajasthan,Jaipur,T30,36-45,Male,28.7,Verified
INV000989,2024-01-11,2025-05-23,3,22501,426.0,249.0,At Risk,Gujarat,Surat,T30,36-45,Male,16.1,Pending
INV000990,2024-02-12,2025-03-17,4,11478,263.0,133.0,At Risk,West Bengal,Kolkata,T30,56+,Male,32.4,Verified
INV000991,2024-03-06,2024-03-06,1,15888,0.0,0.0,Continuous,Madhya Pradesh,Bhopal,B30,46-55,Male,59.1,Verified
INV000992,2024-01-16,2025-03-07,4,20271,240.0,138.67,At Risk,Tamil Nadu,Coimbatore,B30,46-55,Female,83.5,Verified
INV000993,2024-08-18,2024-08-18,1,7141,0.0,0.0,Continuous,Madhya Pradesh,Indore,T30,26-35,Female,14.7,Verified
INV000994,2024-02-20,2025-01-04,6,55817,167.0,63.8,At Risk,Maharashtra,Pune,T30,26-35,Female,6.1,Verified
INV000995,2024-12-07,2025-01-30,4,16959,24.0,18.0,Continuous,Delhi,New Delhi,T30,56+,Male,34.6,Verified
INV000997,2024-07-20,2025-04-01,4,44707,156.0,85.0,At Risk,Rajasthan,Udaipur,B30,26-35,Male,17.8,Verified
INV000998,2024-12-15,2025-05-22,4,16014,113.0,52.67,At Risk,Haryana,Gurugram,T30,26-35,Female,13.2,Verified
INV000999,2024-02-08,2024-11-01,5,103076,145.0,66.75,At Risk,Telangana,Hyderabad,T30,26-35,Male,15.6,Verified
INV001001,2024-02-15,2025-04-12,8,67731,137.0,60.29,At Risk,Madhya Pradesh,Indore,T30,26-35,Female,20.7,Pending
INV001002,2024-04-01,2024-12-07,7,38098,85.0,41.67,At Risk,Telangana,Hyderabad,T30,36-45,Male,52.5,Verified
INV001003,2024-05-10,2024-09-25,2,3056,138.0,138.0,At Risk,Rajasthan,Udaipur,B30,26-35,Male,12.6,Verified
INV001004,2024-04-17,2024-10-20,3,16550,147.0,93.0,At Risk,Uttar Pradesh,Kanpur,B30,18-25,Male,3.8,Verified
INV001005,2024-02-07,2025-05-20,6,74535,206.0,93.6,At Risk,Karnataka,Bangalore,T30,46-55,Male,84.6,Verified
INV001006,2024-01-07,2024-08-26,5,89924,142.0,58.0,At Risk,Tamil Nadu,Coimbatore,B30,56+,Female,75.6,Verified
INV001007,2025-02-15,2025-02-15,1,8137,0.0,0.0,Continuous,West Bengal,Kolkata,T30,18-25,Male,7.2,Pending
INV001008,2024-02-16,2025-03-10,7,63227,191.0,64.67,At Risk,Rajasthan,Udaipur,B30,46-55,Male,85.8,Verified
INV001009,2024-06-30,2025-02-25,3,14821,176.0,120.0,At Risk,Punjab,Chandigarh,T30,26-35,Male,21.2,Verified
INV001010,2024-11-21,2024-11-21,1,1132,0.0,0.0,Continuous,Haryana,Faridabad,B30,36-45,Male,12.7,Verified
INV001011,2024-01-08,2025-05-05,3,54666,418.0,241.5,At Risk,Madhya Pradesh,Bhopal,B30,26-35,Male,14.4,Pending
INV001012,2024-07-07,2024-12-16,5,37573,102.0,40.5,At Risk,Karnataka,Mysore,B30,26-35,Female,17.6,Verified
INV001013,2024-01-09,2025-05-07,6,81838,164.0,96.8,At Risk,Telangana,Hyderabad,T30,36-45,Male,40.6,Verified
INV001014,2024-02-12,2025-05-10,4,34008,357.0,151.0,At Risk,Punjab,Chandigarh,T30,18-25,Female,6.9,Verified
INV001015,2024-05-22,2024-08-15,2,1004,85.0,85.0,At Risk,Haryana,Gurugram,T30,36-45,Female,21.1,Verified
INV001016,2024-04-18,2025-03-24,3,68424,199.0,170.0,At Risk,Delhi,Gurugram,T30,36-45,Male,19.2,Pending
INV001017,2024-03-18,2025-02-16,6,27846,142.0,67.0,At Risk,West Bengal,Kolkata,T30,26-35,Female,19.0,Verified
INV001019,2024-02-19,2025-02-12,9,62583,180.0,44.88,At Risk,Madhya Pradesh,Indore,T30,26-35,Male,10.6,Verified
INV001020,2024-10-08,2024-12-01,2,74061,54.0,54.0,At Risk,Maharashtra,Mumbai,T30,26-35,Female,13.5,Verified
INV001021,2024-01-08,2025-02-23,7,54295,186.0,68.67,At Risk,Maharashtra,Mumbai,T30,56+,Male,50.5,Verified
INV001023,2024-01-01,2025-05-22,8,38036,202.0,72.43,At Risk,Gujarat,Ahmedabad,T30,36-45,Male,27.1,Verified
INV001024,2024-04-24,2025-04-18,3,6165,306.0,179.5,At Risk,Uttar Pradesh,Agra,B30,18-25,Female,6.7,Verified
INV001025,2024-07-19,2025-01-29,6,77009,76.0,38.8,At Risk,Maharashtra,Pune,T30,18-25,Male,5.7,Verified
INV001026,2024-02-04,2025-01-16,6,51600,132.0,69.4,At Risk,Haryana,Gurugram,T30,26-35,Male,12.1,Verified
INV001027,2024-05-20,2025-03-25,5,58722,149.0,77.25,At Risk,West Bengal,Kolkata,T30,46-55,Female,62.7,Verified
INV001028,2024-09-03,2025-05-17,4,33819,182.0,85.33,At Risk,Rajasthan,Jaipur,T30,46-55,Female,67.4,Verified
INV001029,2024-02-07,2024-11-11,5,33347,168.0,69.5,At Risk,Uttar Pradesh,Kanpur,B30,36-45,Male,44.2,Pending
INV001030,2024-02-21,2024-02-21,1,41614,0.0,0.0,Continuous,Maharashtra,Mumbai,T30,26-35,Female,22.8,Verified
INV001031,2024-02-25,2025-05-26,5,105296,415.0,114.0,At Risk,Delhi,New Delhi,T30,36-45,Female,23.0,Verified
INV001032,2024-10-12,2024-10-12,1,2383,0.0,0.0,Continuous,Tamil Nadu,Chennai,T30,26-35,Male,7.8,Verified
INV001033,2025-04-07,2025-04-07,1,17157,0.0,0.0,Continuous,Punjab,Amritsar,B30,36-45,Male,19.9,Pending
INV001034,2024-03-04,2024-09-20,3,101708,182.0,100.0,At Risk,Maharashtra,Pune,T30,26-35,Male,20.4,Verified
INV001035,2024-02-29,2024-02-29,1,7351,0.0,0.0,Continuous,Telangana,Hyderabad,T30,26-35,Male,8.4,Verified
INV001036,2024-01-07,2025-05-13,4,22234,296.0,164.0,At Risk,Punjab,Chandigarh,T30,46-55,Female,40.5,Verified
INV001037,2024-02-26,2025-03-10,10,73922,86.0,42.0,At Risk,Haryana,Faridabad,B30,36-45,Female,41.8,Verified
INV001038,2024-11-08,2025-03-01,2,3768,113.0,113.0,At Risk,West Bengal,Kolkata,T30,26-35,Male,24.4,Verified
INV001039,2024-04-10,2025-03-07,6,19840,187.0,66.2,At Risk,Gujarat,Surat,T30,36-45,Male,12.8,Verified
INV001040,2024-11-23,2025-04-04,2,3852,132.0,132.0,At Risk,Punjab,Chandigarh,T30,56+,Female,43.4,Verified
INV001041,2024-01-01,2025-05-13,7,72624,195.0,83.0,At Risk,Madhya Pradesh,Bhopal,B30,18-25,Male,5.1,Verified
INV001042,2024-06-05,2025-01-26,3,14247,200.0,117.5,At Risk,Karnataka,Mysore,B30,26-35,Male,13.5,Verified
INV001043,2024-01-06,2025-05-17,5,60711,235.0,124.25,At Risk,Haryana,Gurugram,T30,18-25,Male,7.8,Verified
INV001044,2024-07-19,2024-11-13,2,51913,117.0,117.0,At Risk,Gujarat,Surat,T30,26-35,Male,14.5,Verified
INV001045,2024-07-15,2025-04-20,5,57896,191.0,69.75,At Risk,Punjab,Chandigarh,T30,36-45,Female,45.5,Verified
INV001046,2024-12-06,2025-01-11,2,4861,36.0,36.0,At Risk,Delhi,Noida,T30,26-35,Male,14.9,Pending
INV001047,2024-04-24,2025-05-26,7,52894,142.0,66.17,At Risk,Tamil Nadu,Chennai,T30,56+,Female,78.8,Verified
INV001048,2024-03-19,2025-02-11,8,36491,84.0,47.0,At Risk,Delhi,New Delhi,T30,46-55,Male,46.6,Verified
INV001049,2024-02-05,2025-03-19,4,55324,177.0,136.0,At Risk,Madhya Pradesh,Indore,T30,36-45,Female,52.5,Verified
INV001050,2024-04-20,2025-05-16,4,20756,156.0,130.33,At Risk,Telangana,Hyderabad,T30,36-45,Female,38.9,Verified
INV001051,2024-04-02,2025-04-16,8,57451,139.0,54.14,At Risk,Haryana,Gurugram,T30,26-35,Male,8.2,Verified
INV001052,2024-02-04,2024-11-15,2,11321,285.0,285.0,At Risk,Karnataka,Mysore,B30,26-35,Female,8.6,Verified
INV001053,2024-02-18,2025-03-15,8,46140,116.0,55.86,At Risk,West Bengal,Kolkata,T30,46-55,Female,79.0,Verified
INV001054,2024-05-19,2024-11-18,2,45726,183.0,183.0,At Risk,Delhi,New Delhi,T30,36-45,Female,35.5,Verified
INV001055,2024-01-14,2025-04-24,6,77109,177.0,93.2,At Risk,Haryana,Gurugram,T30,26-35,Female,17.6,Verified
INV001056,2025-05-17,2025-05-17,1,48527,0.0,0.0,Continuous,Punjab,Chandigarh,T30,56+,Female,75.1,Verified
INV001057,2024-04-28,2024-12-12,2,4987,228.0,228.0,At Risk,Rajasthan,Jaipur,T30,46-55,Male,68.0,Verified
INV001058,2024-10-04,2025-04-06,4,26912,109.0,61.33,At Risk,Uttar Pradesh,Kanpur,B30,36-45,Male,28.2,Verified
INV001059,2024-01-27,2025-03-16,3,39319,333.0,207.0,At Risk,Karnataka,Mysore,B30,26-35,Male,24.2,Verified
INV001060,2024-01-19,2025-03-21,9,113690,89.0,53.38,At Risk,Telangana,Hyderabad,T30,36-45,Male,29.0,Pending
INV001061,2024-02-19,2025-04-03,9,99794,141.0,51.12,At Risk,Punjab,Amritsar,B30,18-25,Male,7.4,Verified
INV001062,2024-04-23,2024-11-12,3,14928,201.0,101.5,At Risk,Karnataka,Bangalore,T30,26-35,Male,21.1,Verified
INV001063,2024-02-17,2024-12-16,8,30795,120.0,43.29,At Risk,Haryana,Faridabad,B30,26-35,Male,24.1,Verified
INV001064,2024-01-09,2025-04-29,9,151648,160.0,59.5,At Risk,West Bengal,Kolkata,T30,46-55,Male,67.9,Verified
INV001065,2024-02-26,2025-02-08,4,28821,253.0,116.0,At Risk,Haryana,Gurugram,T30,56+,Female,37.2,Verified
INV001066,2024-04-28,2024-05-30,2,6035,32.0,32.0,Continuous,Haryana,Gurugram,T30,26-35,Male,23.2,Verified
INV001067,2024-03-29,2025-04-08,3,6910,246.0,187.5,At Risk,Haryana,Gurugram,T30,26-35,Male,16.6,Verified
INV001068,2024-07-25,2025-05-29,4,81861,261.0,102.67,At Risk,West Bengal,Kolkata,T30,26-35,Male,6.1,Verified
INV001069,2024-06-02,2025-03-18,8,96230,98.0,41.29,At Risk,Telangana,Hyderabad,T30,26-35,Male,19.1,Verified
INV001070,2024-01-05,2025-05-04,6,103923,329.0,97.0,At Risk,Tamil Nadu,Coimbatore,B30,26-35,Male,11.9,Verified
INV001071,2025-03-31,2025-04-23,2,20819,23.0,23.0,Continuous,Maharashtra,Nashik,B30,36-45,Male,56.7,Verified
INV001072,2025-01-12,2025-05-20,2,16885,128.0,128.0,At Risk,Rajasthan,Udaipur,B30,26-35,Female,7.3,Pending
INV001073,2024-03-10,2024-03-24,3,3553,14.0,7.0,Continuous,West Bengal,Kolkata,T30,36-45,Female,25.1,Verified
INV001074,2024-07-16,2025-04-17,5,39305,119.0,68.75,At Risk,Gujarat,Ahmedabad,T30,56+,Female,57.4,Verified
INV001075,2024-05-15,2025-03-17,5,73378,105.0,76.5,At Risk,Punjab,Chandigarh,T30,26-35,Female,24.5,Verified
INV001076,2024-07-04,2025-04-28,2,64919,298.0,298.0,At Risk,Delhi,Noida,T30,26-35,Female,6.2,Verified
INV001077,2024-03-24,2024-11-04,3,46016,191.0,112.5,At Risk,Uttar Pradesh,Lucknow,T30,26-35,Male,6.4,Verified
INV001079,2024-02-23,2025-05-14,5,151480,308.0,111.5,At Risk,West Bengal,Kolkata,T30,26-35,Male,10.1,Verified
INV001080,2024-09-23,2025-01-12,4,16809,54.0,37.0,At Risk,Tamil Nadu,Chennai,T30,18-25,Female,7.3,Verified
INV001081,2024-01-30,2025-02-28,2,32182,395.0,395.0,At Risk,Gujarat,Ahmedabad,T30,18-25,Male,7.6,Verified
INV001082,2024-02-17,2025-01-23,4,55784,209.0,113.67,At Risk,Uttar Pradesh,Lucknow,T30,46-55,Female,64.2,Verified
INV001083,2024-10-08,2025-05-06,4,60897,117.0,70.0,At Risk,Gujarat,Ahmedabad,T30,46-55,Male,16.4,Verified
INV001084,2025-05-08,2025-05-08,1,404,0.0,0.0,Continuous,West Bengal,Kolkata,T30,36-45,Female,40.7,Verified
INV001085,2024-02-18,2024-07-22,2,27438,155.0,155.0,At Risk,Uttar Pradesh,Lucknow,T30,36-45,Female,21.8,Verified
INV001086,2024-06-27,2024-10-17,2,16288,112.0,112.0,At Risk,Tamil Nadu,Coimbatore,B30,56+,Male,26.6,Verified
INV001087,2024-02-04,2025-02-19,5,43225,175.0,95.25,At Risk,Rajasthan,Udaipur,B30,26-35,Female,20.6,Pending
INV001088,2024-02-17,2024-09-21,4,46161,163.0,72.33,At Risk,Tamil Nadu,Coimbatore,B30,26-35,Male,15.3,Verified
INV001089,2024-12-21,2024-12-21,1,7618,0.0,0.0,Continuous,Haryana,Gurugram,T30,18-25,Male,6.6,Verified
INV001090,2024-06-17,2024-06-17,1,26171,0.0,0.0,Continuous,Karnataka,Bangalore,T30,46-55,Male,45.9,Verified
INV001091,2024-07-08,2025-05-09,4,16792,138.0,101.67,At Risk,Telangana,Hyderabad,T30,18-25,Male,7.5,Verified
INV001092,2024-02-04,2025-05-13,7,75632,186.0,77.33,At Risk,Haryana,Gurugram,T30,26-35,Male,14.9,Verified
INV001093,2024-11-25,2025-05-01,4,17410,134.0,52.33,At Risk,West Bengal,Kolkata,T30,46-55,Female,65.2,Verified
INV001094,2025-01-01,2025-05-26,2,7065,145.0,145.0,At Risk,Haryana,Gurugram,T30,26-35,Male,21.6,Verified
INV001095,2024-06-20,2025-02-19,2,942,244.0,244.0,At Risk,Maharashtra,Nashik,B30,18-25,Female,3.8,Verified
INV001096,2024-01-31,2024-10-30,5,40543,176.0,68.25,At Risk,Punjab,Chandigarh,T30,26-35,Male,24.5,Verified
INV001099,2024-07-28,2025-01-27,8,135739,63.0,26.14,At Risk,Haryana,Gurugram,T30,26-35,Female,18.9,Verified
INV001100,2024-07-11,2024-07-11,1,17779,0.0,0.0,Continuous,Rajasthan,Udaipur,B30,36-45,Male,43.0,Verified
INV001101,2024-01-31,2025-04-02,4,16609,189.0,142.33,At Risk,Madhya Pradesh,Bhopal,B30,18-25,Male,5.3,Verified
INV001102,2024-02-06,2025-01-03,7,87539,87.0,55.33,At Risk,West Bengal,Kolkata,T30,46-55,Male,22.2,Verified
INV001103,2024-05-26,2025-04-24,4,42719,142.0,111.0,At Risk,Karnataka,Mysore,B30,26-35,Female,6.4,Verified
INV001104,2025-02-09,2025-02-09,1,4047,0.0,0.0,Continuous,Haryana,Gurugram,T30,26-35,Male,14.9,Verified
INV001105,2025-02-19,2025-02-19,1,42337,0.0,0.0,Continuous,West Bengal,Kolkata,T30,18-25,Female,3.4,Verified
INV001106,2024-01-11,2025-04-30,3,12177,300.0,237.5,At Risk,Tamil Nadu,Chennai,T30,26-35,Male,13.1,Verified
INV001107,2024-07-13,2024-10-13,3,21564,72.0,46.0,At Risk,Gujarat,Ahmedabad,T30,26-35,Male,19.5,Verified
INV001108,2024-04-15,2025-01-28,3,35410,199.0,144.0,At Risk,Karnataka,Bangalore,T30,26-35,Male,23.1,Verified
INV001109,2024-01-08,2024-06-30,3,18280,118.0,87.0,At Risk,Delhi,Noida,T30,26-35,Male,18.4,Verified
INV001110,2024-06-20,2024-11-14,2,58878,147.0,147.0,At Risk,Punjab,Amritsar,B30,26-35,Male,21.9,Verified
INV001111,2024-10-14,2025-05-05,3,59208,201.0,101.5,At Risk,Delhi,Gurugram,T30,18-25,Male,7.8,Verified
INV001112,2024-07-22,2025-02-07,5,41142,66.0,50.0,At Risk,Delhi,Gurugram,T30,46-55,Male,82.5,Verified
INV001113,2024-09-23,2025-02-10,4,67937,73.0,46.67,At Risk,Rajasthan,Jaipur,T30,26-35,Female,11.7,Verified
INV001114,2024-02-07,2025-03-19,2,8323,406.0,406.0,At Risk,West Bengal,Kolkata,T30,26-35,Male,24.1,Verified
INV001115,2024-03-07,2025-04-18,6,51387,290.0,81.4,At Risk,Uttar Pradesh,Kanpur,B30,26-35,Male,20.7,Verified
INV001116,2024-02-17,2025-05-27,9,74728,194.0,58.12,At Risk,Haryana,Faridabad,B30,36-45,Male,17.8,Verified
INV001117,2024-02-23,2025-04-30,8,53882,137.0,61.71,At Risk,Punjab,Amritsar,B30,18-25,Male,3.9,Verified
INV001118,2024-01-22,2025-01-29,4,52437,204.0,124.33,At Risk,Haryana,Gurugram,T30,18-25,Male,6.7,Verified
INV001119,2024-06-07,2025-04-30,2,55205,327.0,327.0,At Risk,West Bengal,Kolkata,T30,46-55,Female,63.4,Verified
INV001120,2024-05-31,2024-08-11,2,3684,72.0,72.0,At Risk,Karnataka,Bangalore,T30,36-45,Male,37.9,Verified
INV001121,2024-06-03,2025-02-27,3,51383,197.0,134.5,At Risk,Rajasthan,Udaipur,B30,36-45,Male,52.0,Verified
INV001122,2024-01-08,2024-11-12,2,16548,309.0,309.0,At Risk,Maharashtra,Mumbai,T30,46-55,Female,18.3,Verified
INV001123,2024-03-24,2025-05-26,5,78970,203.0,107.0,At Risk,Uttar Pradesh,Lucknow,T30,26-35,Male,23.9,Verified
INV001124,2024-06-13,2024-12-08,3,64400,159.0,89.0,At Risk,Madhya Pradesh,Indore,T30,36-45,Male,39.0,Verified
INV001126,2024-07-15,2024-08-07,2,4020,23.0,23.0,Continuous,Rajasthan,Jaipur,T30,26-35,Female,22.6,Verified
INV001127,2024-02-06,2024-08-13,2,23649,189.0,189.0,At Risk,West Bengal,Kolkata,T30,26-35,Female,14.9,Verified
INV001128,2024-06-09,2024-10-31,3,59709,122.0,72.0,At Risk,West Bengal,Kolkata,T30,36-45,Female,43.2,Verified
INV001129,2025-03-31,2025-03-31,1,489,0.0,0.0,Continuous,Karnataka,Mysore,B30,18-25,Female,5.3,Verified
INV001130,2024-02-08,2025-05-14,7,139695,131.0,76.83,At Risk,Rajasthan,Jaipur,T30,18-25,Female,3.2,Verified
INV001131,2024-01-21,2025-05-05,4,7463,191.0,156.67,At Risk,Tamil Nadu,Coimbatore,B30,36-45,Female,32.0,Verified
INV001132,2025-04-13,2025-04-13,1,6240,0.0,0.0,Continuous,Uttar Pradesh,Lucknow,T30,46-55,Female,62.1,Verified
INV001133,2024-05-23,2024-12-17,4,53241,112.0,69.33,At Risk,Madhya Pradesh,Bhopal,B30,26-35,Male,21.0,Pending
INV001134,2025-05-14,2025-05-14,1,1978,0.0,0.0,Continuous,Uttar Pradesh,Agra,B30,36-45,Female,46.6,Verified
INV001136,2024-09-28,2024-11-25,2,53276,58.0,58.0,At Risk,Gujarat,Ahmedabad,T30,26-35,Female,22.8,Verified
INV001137,2024-02-29,2025-02-05,7,35691,120.0,57.0,At Risk,West Bengal,Kolkata,T30,56+,Female,55.8,Verified
INV001138,2024-04-04,2025-05-13,4,19202,351.0,134.67,At Risk,Haryana,Faridabad,B30,46-55,Female,81.3,Verified
INV001139,2024-06-26,2025-05-17,2,1586,325.0,325.0,At Risk,Gujarat,Ahmedabad,T30,36-45,Male,43.6,Verified
INV001140,2024-04-29,2025-02-25,6,39628,125.0,60.4,At Risk,Uttar Pradesh,Lucknow,T30,36-45,Female,18.8,Verified
INV001141,2024-01-27,2025-05-29,6,34460,132.0,97.6,At Risk,West Bengal,Kolkata,T30,18-25,Female,3.0,Verified
INV001142,2024-04-27,2025-01-09,7,60116,106.0,42.83,At Risk,Uttar Pradesh,Lucknow,T30,26-35,Male,16.8,Verified
INV001143,2024-01-24,2024-07-12,3,66110,146.0,85.0,At Risk,Delhi,Noida,T30,26-35,Male,10.7,Verified
INV001144,2024-06-29,2025-03-07,3,54158,194.0,125.5,At Risk,Tamil Nadu,Coimbatore,B30,36-45,Male,16.7,Verified
INV001145,2025-03-08,2025-04-23,3,51076,39.0,23.0,At Risk,Delhi,Gurugram,T30,18-25,Female,4.3,Verified
INV001146,2024-12-15,2024-12-15,1,16166,0.0,0.0,Continuous,West Bengal,Kolkata,T30,56+,Male,47.0,Verified
INV001148,2024-06-20,2024-12-07,3,50180,151.0,85.0,At Risk,Punjab,Chandigarh,T30,56+,Male,26.7,Verified
INV001149,2024-07-28,2025-05-17,3,11823,276.0,146.5,At Risk,Karnataka,Bangalore,T30,26-35,Female,8.8,Verified
INV001150,2024-02-12,2024-11-01,3,68453,228.0,131.5,At Risk,Tamil Nadu,Coimbatore,B30,26-35,Female,19.5,Verified
INV001151,2024-02-10,2025-03-27,3,6205,302.0,205.5,At Risk,Uttar Pradesh,Agra,B30,26-35,Male,11.2,Verified
INV001152,2024-05-13,2025-01-01,4,18173,128.0,77.67,At Risk,Punjab,Amritsar,B30,56+,Male,61.7,Verified
INV001153,2024-02-14,2024-02-14,1,55472,0.0,0.0,Continuous,Uttar Pradesh,Agra,B30,26-35,Male,16.3,Verified
INV001154,2024-01-19,2025-05-30,4,74649,308.0,165.67,At Risk,Delhi,Noida,T30,36-45,Female,34.8,Verified
INV001155,2024-04-09,2024-10-05,3,21059,131.0,89.5,At Risk,Telangana,Hyderabad,T30,26-35,Female,16.7,Verified
INV001156,2024-01-02,2025-05-28,6,51977,175.0,102.4,At Risk,Madhya Pradesh,Indore,T30,56+,Female,58.8,Pending
INV001157,2024-04-07,2025-02-06,5,30816,98.0,76.25,At Risk,Tamil Nadu,Coimbatore,B30,36-45,Female,23.0,Verified
INV001158,2024-02-26,2025-05-19,3,29456,256.0,224.0,At Risk,Karnataka,Mysore,B30,18-25,Male,6.4,Verified
INV001159,2024-04-18,2024-04-18,1,12867,0.0,0.0,Continuous,Gujarat,Ahmedabad,T30,46-55,Female,29.4,Verified
INV001160,2024-04-02,2025-05-10,8,45043,99.0,57.57,At Risk,Karnataka,Mysore,B30,36-45,Female,13.8,Verified
INV001161,2024-01-23,2025-03-01,6,146262,159.0,80.6,At Risk,Uttar Pradesh,Kanpur,B30,26-35,Male,13.4,Verified
INV001163,2024-01-30,2025-03-09,7,33877,255.0,67.33,At Risk,Karnataka,Mysore,B30,26-35,Male,10.2,Verified
INV001164,2024-08-20,2025-03-10,2,1361,202.0,202.0,At Risk,Punjab,Chandigarh,T30,36-45,Male,54.4,Pending
INV001165,2024-10-16,2025-05-26,5,86702,103.0,55.5,At Risk,Delhi,Noida,T30,46-55,Female,48.5,Verified
INV001166,2024-02-17,2025-04-24,5,54672,299.0,108.0,At Risk,Punjab,Chandigarh,T30,26-35,Male,21.4,Verified
INV001167,2024-01-03,2025-04-28,6,78024,207.0,96.2,At Risk,Punjab,Amritsar,B30,36-45,Male,26.7,Verified
INV001168,2024-02-09,2025-01-07,5,42348,161.0,83.25,At Risk,West Bengal,Kolkata,T30,46-55,Male,50.9,Verified
INV001169,2024-01-19,2025-04-15,3,63720,272.0,226.0,At Risk,Haryana,Gurugram,T30,36-45,Female,12.5,Verified
INV001170,2024-03-03,2025-02-07,6,70673,119.0,68.2,At Risk,Karnataka,Mysore,B30,36-45,Male,34.6,Verified
INV001171,2024-03-17,2024-12-18,4,11772,123.0,92.0,At Risk,Punjab,Chandigarh,T30,26-35,Female,22.7,Verified
INV001172,2025-01-18,2025-05-05,2,4661,107.0,107.0,At Risk,Tamil Nadu,Coimbatore,B30,26-35,Female,7.1,Verified
INV001173,2024-05-28,2025-04-28,6,58382,146.0,67.0,At Risk,Punjab,Chandigarh,T30,26-35,Female,7.8,Verified
INV001174,2024-01-02,2025-03-19,3,16688,266.0,221.0,At Risk,Maharashtra,Nashik,B30,36-45,Male,12.7,Verified
INV001175,2024-01-20,2024-12-04,5,47429,116.0,79.75,At Risk,Punjab,Chandigarh,T30,36-45,Male,33.5,Verified
INV001176,2025-02-22,2025-05-14,2,60345,81.0,81.0,At Risk,Delhi,Noida,T30,18-25,Male,6.5,Verified
INV001177,2024-08-01,2024-08-01,1,2180,0.0,0.0,Continuous,Uttar Pradesh,Agra,B30,26-35,Female,12.5,Verified
INV001178,2024-01-31,2025-05-23,7,37864,140.0,79.67,At Risk,West Bengal,Kolkata,T30,26-35,Female,10.3,Verified
INV001179,2024-04-20,2024-04-20,1,6209,0.0,0.0,Continuous,Madhya Pradesh,Bhopal,B30,26-35,Male,18.7,Pending
INV001180,2024-03-30,2025-04-06,6,104216,198.0,74.4,At Risk,Telangana,Hyderabad,T30,26-35,Male,10.5,Verified
INV001181,2024-02-12,2025-05-29,8,91218,163.0,67.43,At Risk,West Bengal,Kolkata,T30,26-35,Male,21.0,Verified
INV001182,2024-04-03,2024-04-13,2,32602,10.0,10.0,Continuous,Punjab,Amritsar,B30,26-35,Male,9.1,Pending
INV001183,2024-03-27,2024-12-01,5,9202,145.0,62.25,At Risk,West Bengal,Kolkata,T30,46-55,Male,79.9,Verified
INV001184,2025-04-22,2025-04-22,1,1000,0.0,0.0,Continuous,Punjab,Amritsar,B30,26-35,Female,15.4,Verified
INV001185,2024-07-04,2025-05-19,5,64264,208.0,79.75,At Risk,Haryana,Faridabad,B30,26-35,Female,22.5,Pending
INV001186,2024-05-06,2025-03-14,5,19334,118.0,78.0,At Risk,Maharashtra,Pune,T30,26-35,Male,19.8,Verified
INV001187,2024-10-29,2024-10-29,1,4672,0.0,0.0,Continuous,West Bengal,Kolkata,T30,26-35,Female,24.3,Verified
INV001188,2024-01-27,2024-01-27,1,9885,0.0,0.0,Continuous,Delhi,New Delhi,T30,18-25,Male,7.9,Pending
INV001189,2024-01-19,2024-05-18,3,26779,71.0,60.0,At Risk,Maharashtra,Nashik,B30,56+,Male,70.1,Verified
INV001190,2024-01-04,2025-05-03,6,45744,198.0,97.0,At Risk,Maharashtra,Mumbai,T30,26-35,Male,15.6,Verified
INV001191,2024-01-26,2024-03-14,2,1629,48.0,48.0,At Risk,Telangana,Hyderabad,T30,56+,Male,37.5,Pending
INV001192,2024-09-19,2025-05-10,4,99220,143.0,77.67,At Risk,Telangana,Hyderabad,T30,26-35,Male,8.1,Verified
INV001193,2024-10-07,2025-03-19,4,27526,100.0,54.33,At Risk,Delhi,New Delhi,T30,46-55,Female,66.3,Verified
INV001194,2024-06-16,2024-12-02,3,23950,159.0,84.5,At Risk,Karnataka,Bangalore,T30,18-25,Male,7.7,Verified
INV001195,2024-03-16,2025-03-25,8,127687,167.0,53.43,At Risk,Gujarat,Surat,T30,26-35,Male,6.4,Verified
INV001196,2024-02-20,2025-05-26,6,61840,169.0,92.2,At Risk,Punjab,Chandigarh,T30,26-35,Male,21.4,Verified
INV001197,2024-05-29,2025-01-26,3,31450,186.0,121.0,At Risk,West Bengal,Kolkata,T30,36-45,Female,29.6,Verified
INV001198,2024-02-11,2025-05-14,5,59777,168.0,114.5,At Risk,Maharashtra,Mumbai,T30,26-35,Female,20.4,Pending
INV001199,2024-01-30,2024-06-21,2,27384,143.0,143.0,At Risk,Telangana,Hyderabad,T30,46-55,Male,94.6,Verified
INV001200,2024-05-09,2025-04-28,2,3813,354.0,354.0,At Risk,West Bengal,Kolkata,T30,46-55,Male,40.5,Verified
INV001201,2024-08-08,2024-08-08,1,558,0.0,0.0,Continuous,Haryana,Gurugram,T30,56+,Female,32.5,Verified
INV001202,2024-04-09,2025-05-20,8,54919,103.0,58.0,At Risk,Karnataka,Bangalore,T30,26-35,Male,11.3,Verified
INV001203,2024-07-03,2025-02-13,2,14436,225.0,225.0,At Risk,Uttar Pradesh,Lucknow,T30,18-25,Male,5.0,Verified
INV001204,2024-02-18,2024-12-31,3,12269,246.0,158.5,At Risk,Delhi,New Delhi,T30,36-45,Male,15.3,Verified
INV001205,2024-03-20,2024-03-20,1,51165,0.0,0.0,Continuous,Madhya Pradesh,Bhopal,B30,26-35,Male,24.1,Verified
INV001206,2024-04-05,2025-05-28,6,76395,190.0,83.6,At Risk,Delhi,Noida,T30,26-35,Male,11.7,Verified
INV001207,2024-02-08,2024-10-26,5,75270,166.0,65.25,At Risk,Karnataka,Bangalore,T30,18-25,Male,5.9,Verified
INV001208,2024-03-13,2025-01-18,7,68466,107.0,51.83,At Risk,Gujarat,Ahmedabad,T30,56+,Male,18.7,Verified
INV001209,2024-04-23,2024-07-22,3,18180,88.0,45.0,At Risk,West Bengal,Kolkata,T30,46-55,Female,45.8,Pending
INV001210,2024-03-04,2024-12-24,9,84090,93.0,36.88,At Risk,Uttar Pradesh,Agra,B30,36-45,Male,25.5,Verified
INV001211,2025-04-20,2025-04-20,1,435,0.0,0.0,Continuous,Telangana,Hyderabad,T30,26-35,Male,20.2,Verified
INV001212,2024-04-26,2025-03-08,5,43589,130.0,79.0,At Risk,Uttar Pradesh,Lucknow,T30,36-45,Male,40.3,Verified
INV001213,2024-04-22,2025-05-29,3,61623,250.0,201.0,At Risk,Punjab,Amritsar,B30,36-45,Male,57.7,Verified
INV001214,2025-04-22,2025-04-22,1,473,0.0,0.0,Continuous,Telangana,Hyderabad,T30,36-45,Male,19.8,Pending
INV001215,2024-02-04,2025-05-29,4,53237,332.0,160.0,At Risk,Haryana,Gurugram,T30,36-45,Female,39.3,Verified
INV001216,2024-05-02,2025-04-29,2,10679,362.0,362.0,At Risk,Delhi,New Delhi,T30,18-25,Male,3.4,Verified
INV001217,2024-02-29,2025-04-25,8,99061,205.0,60.14,At Risk,Rajasthan,Jaipur,T30,26-35,Male,21.5,Verified
INV001218,2024-04-09,2025-05-06,5,12857,247.0,98.0,At Risk,Madhya Pradesh,Bhopal,B30,36-45,Male,21.1,Verified
INV001219,2024-03-04,2025-02-23,8,90473,118.0,50.86,At Risk,West Bengal,Kolkata,T30,26-35,Male,18.4,Verified
INV001220,2024-01-08,2025-04-15,7,18410,104.0,77.17,At Risk,Punjab,Chandigarh,T30,36-45,Male,48.3,Verified
INV001221,2024-02-02,2025-04-29,5,42458,182.0,113.0,At Risk,Delhi,New Delhi,T30,26-35,Female,22.4,Verified
INV001222,2024-03-01,2025-02-07,5,68234,202.0,85.75,At Risk,Delhi,Noida,T30,26-35,Female,14.9,Verified
INV001223,2024-01-27,2025-03-27,7,81600,175.0,70.83,At Risk,Punjab,Amritsar,B30,56+,Male,46.0,Verified
INV001224,2024-11-23,2025-03-23,4,43338,113.0,40.0,At Risk,West Bengal,Kolkata,T30,18-25,Female,6.8,Verified
INV001225,2024-03-07,2025-01-29,3,61684,181.0,164.0,At Risk,Karnataka,Mysore,B30,26-35,Male,16.5,Verified
INV001226,2025-01-30,2025-01-30,1,2017,0.0,0.0,Continuous,West Bengal,Kolkata,T30,26-35,Female,20.4,Verified
INV001227,2024-08-30,2025-03-17,4,16469,138.0,66.33,At Risk,Tamil Nadu,Coimbatore,B30,36-45,Male,58.3,Verified
INV001228,2024-02-20,2025-03-08,5,113772,142.0,95.5,At Risk,Karnataka,Bangalore,T30,36-45,Female,29.8,Pending
INV001229,2024-04-19,2024-07-31,2,31781,103.0,103.0,At Risk,Madhya Pradesh,Indore,T30,36-45,Male,38.5,Verified
INV001230,2024-02-29,2024-07-11,4,73314,104.0,44.33,At Risk,Gujarat,Surat,T30,46-55,Male,96.9,Verified
INV001231,2024-12-13,2024-12-13,1,2826,0.0,0.0,Continuous,Telangana,Hyderabad,T30,26-35,Male,7.8,Verified
INV001232,2024-01-13,2025-03-27,4,62843,207.0,146.33,At Risk,Uttar Pradesh,Agra,B30,46-55,Female,29.8,Verified
INV001233,2024-05-28,2024-12-10,3,20309,189.0,98.0,At Risk,Telangana,Hyderabad,T30,26-35,Male,11.7,Verified
INV001234,2024-01-27,2025-03-26,8,91103,119.0,60.57,At Risk,Uttar Pradesh,Agra,B30,26-35,Male,24.4,Verified
INV001235,2024-02-03,2025-05-20,9,125966,161.0,59.0,At Risk,Haryana,Faridabad,B30,26-35,Male,19.3,Verified
INV001236,2024-02-02,2025-04-17,4,38257,178.0,146.67,At Risk,Telangana,Hyderabad,T30,46-55,Male,93.7,Verified
INV001237,2024-01-18,2025-05-22,6,66778,182.0,98.0,At Risk,West Bengal,Kolkata,T30,26-35,Male,19.1,Verified
INV001238,2024-03-27,2025-05-12,7,45560,220.0,68.5,At Risk,Haryana,Gurugram,T30,26-35,Male,17.9,Verified
INV001239,2025-03-21,2025-03-21,1,2731,0.0,0.0,Continuous,Madhya Pradesh,Bhopal,B30,36-45,Male,43.5,Pending
INV001240,2024-12-22,2024-12-22,1,481,0.0,0.0,Continuous,Madhya Pradesh,Indore,T30,18-25,Male,7.6,Verified
INV001241,2024-12-25,2025-04-28,4,68660,102.0,41.33,At Risk,Tamil Nadu,Chennai,T30,36-45,Female,18.3,Verified
INV001242,2024-01-19,2025-01-02,6,26658,128.0,69.8,At Risk,Tamil Nadu,Chennai,T30,36-45,Male,57.8,Verified
INV001243,2024-07-12,2024-07-12,1,25235,0.0,0.0,Continuous,Uttar Pradesh,Agra,B30,36-45,Male,14.1,Verified
INV001244,2024-09-06,2025-02-24,5,56569,77.0,42.75,At Risk,Uttar Pradesh,Agra,B30,26-35,Male,20.0,Pending
INV001245,2024-03-06,2024-03-06,1,16991,0.0,0.0,Continuous,Haryana,Faridabad,B30,46-55,Female,44.0,Pending
INV001246,2024-01-14,2024-07-16,2,54373,184.0,184.0,At Risk,Rajasthan,Jaipur,T30,46-55,Male,51.2,Verified
INV001247,2024-07-07,2025-03-08,5,42713,139.0,61.0,At Risk,West Bengal,Kolkata,T30,36-45,Male,48.1,Verified
INV001248,2024-08-07,2024-08-07,1,40902,0.0,0.0,Continuous,Karnataka,Bangalore,T30,56+,Male,76.3,Verified
INV001249,2024-05-27,2025-05-20,4,71971,189.0,119.33,At Risk,Maharashtra,Mumbai,T30,26-35,Female,16.4,Verified
INV001250,2024-03-30,2025-03-18,2,6064,353.0,353.0,At Risk,Rajasthan,Udaipur,B30,26-35,Male,25.0,Verified
INV001251,2024-02-11,2025-03-27,6,142919,223.0,82.0,At Risk,Punjab,Chandigarh,T30,26-35,Female,11.7,Pending
INV001254,2024-05-25,2024-09-26,2,5845,124.0,124.0,At Risk,Punjab,Chandigarh,T30,26-35,Male,20.5,Verified
INV001255,2024-04-27,2025-04-16,4,79571,304.0,118.0,At Risk,Punjab,Amritsar,B30,26-35,Male,14.3,Verified
INV001256,2024-03-11,2025-04-06,3,36794,308.0,195.5,At Risk,West Bengal,Kolkata,T30,18-25,Male,7.0,Verified
INV001257,2024-02-13,2025-04-21,5,46808,198.0,108.25,At Risk,Punjab,Chandigarh,T30,26-35,Female,6.3,Verified
INV001258,2024-07-31,2024-09-27,2,16526,58.0,58.0,At Risk,Karnataka,Mysore,B30,36-45,Male,42.4,Pending
INV001259,2024-01-30,2025-05-05,5,73477,298.0,115.25,At Risk,Telangana,Hyderabad,T30,26-35,Female,10.6,Verified
INV001260,2024-04-10,2025-04-03,5,44394,163.0,89.5,At Risk,Delhi,Gurugram,T30,26-35,Male,23.4,Verified
INV001261,2024-05-28,2025-01-27,5,41900,140.0,61.0,At Risk,Rajasthan,Jaipur,T30,46-55,Male,50.0,Verified
INV001262,2024-07-06,2025-04-01,7,135943,116.0,44.83,At Risk,Karnataka,Bangalore,T30,26-35,Male,14.0,Verified
INV001263,2024-07-02,2024-11-18,2,7729,139.0,139.0,At Risk,Rajasthan,Jaipur,T30,36-45,Male,54.6,Verified
INV001264,2024-02-06,2024-12-16,5,57735,179.0,78.5,At Risk,Madhya Pradesh,Indore,T30,26-35,Female,12.0,Verified
INV001265,2024-04-15,2025-02-28,5,39862,217.0,79.75,At Risk,Tamil Nadu,Coimbatore,B30,26-35,Male,20.3,Verified
INV001266,2025-04-28,2025-04-28,1,1087,0.0,0.0,Continuous,Madhya Pradesh,Indore,T30,46-55,Male,74.2,Verified
INV001267,2024-06-30,2025-04-19,2,11428,293.0,293.0,At Risk,Uttar Pradesh,Kanpur,B30,46-55,Female,26.8,Verified
INV001269,2024-05-02,2025-05-27,5,41570,231.0,97.5,At Risk,Maharashtra,Mumbai,T30,26-35,Male,14.4,Pending
INV001270,2024-05-24,2024-05-24,1,17169,0.0,0.0,Continuous,Madhya Pradesh,Indore,T30,26-35,Female,23.3,Verified
INV001271,2024-06-10,2025-04-28,4,17025,140.0,107.33,At Risk,Haryana,Gurugram,T30,36-45,Male,52.4,Verified
INV001273,2024-02-17,2025-05-02,4,37396,332.0,146.67,At Risk,West Bengal,Kolkata,T30,36-45,Male,18.7,Verified
INV001274,2024-03-06,2025-05-20,7,56609,161.0,73.33,At Risk,Maharashtra,Mumbai,T30,36-45,Female,55.7,Verified
INV001275,2024-02-11,2025-03-17,7,51676,140.0,66.67,At Risk,Delhi,Noida,T30,36-45,Female,37.4,Verified
INV001276,2024-04-19,2025-03-01,3,6313,226.0,158.0,At Risk,Rajasthan,Jaipur,T30,56+,Male,46.2,Verified
INV001277,2024-02-22,2025-04-17,2,26831,420.0,420.0,At Risk,Maharashtra,Mumbai,T30,18-25,Male,7.0,Verified
INV001279,2024-02-02,2025-05-28,4,24799,417.0,160.33,At Risk,Karnataka,Bangalore,T30,46-55,Male,76.7,Verified
INV001280,2024-03-07,2024-03-15,2,7350,8.0,8.0,Continuous,Rajasthan,Jaipur,T30,18-25,Male,4.7,Verified
INV001281,2024-02-04,2025-04-23,4,36519,323.0,148.0,At Risk,Telangana,Hyderabad,T30,18-25,Male,7.9,Verified
INV001282,2024-06-18,2025-05-19,6,50374,196.0,67.0,At Risk,West Bengal,Kolkata,T30,18-25,Female,5.2,Verified
INV001284,2024-06-26,2025-04-16,5,33622,228.0,73.5,At Risk,West Bengal,Kolkata,T30,36-45,Male,49.0,Verified
INV001285,2024-05-26,2024-05-26,1,1164,0.0,0.0,Continuous,West Bengal,Kolkata,T30,18-25,Female,4.3,Pending
INV001286,2025-03-09,2025-04-18,3,61766,26.0,20.0,Continuous,Maharashtra,Pune,T30,36-45,Male,44.6,Pending
INV001287,2024-01-09,2025-04-14,6,74519,157.0,92.2,At Risk,Telangana,Hyderabad,T30,36-45,Female,19.1,Verified
INV001288,2024-04-08,2025-01-07,7,127240,148.0,45.67,At Risk,Telangana,Hyderabad,T30,26-35,Male,21.8,Verified
INV001289,2024-03-26,2025-03-03,3,70123,221.0,171.0,At Risk,Telangana,Hyderabad,T30,36-45,Male,31.3,Verified
INV001290,2024-03-07,2024-12-26,2,5446,294.0,294.0,At Risk,Tamil Nadu,Chennai,T30,36-45,Female,26.4,Verified
INV001291,2024-03-27,2025-04-12,6,118076,181.0,76.2,At Risk,Uttar Pradesh,Lucknow,T30,46-55,Male,89.1,Verified
INV001292,2024-06-26,2024-10-20,2,15584,116.0,116.0,At Risk,Punjab,Chandigarh,T30,46-55,Male,22.9,Verified
INV001294,2024-07-04,2024-07-04,1,8375,0.0,0.0,Continuous,Telangana,Hyderabad,T30,56+,Female,14.3,Verified
INV001295,2024-01-05,2025-02-14,9,66843,165.0,50.75,At Risk,Madhya Pradesh,Indore,T30,36-45,Male,30.8,Verified
INV001296,2025-05-21,2025-05-21,1,4479,0.0,0.0,Continuous,Gujarat,Ahmedabad,T30,26-35,Male,15.0,Verified
INV001297,2024-05-26,2025-01-28,2,11668,247.0,247.0,At Risk,Punjab,Chandigarh,T30,36-45,Male,58.0,Verified
INV001298,2024-03-14,2025-05-19,7,13160,158.0,71.83,At Risk,Delhi,Gurugram,T30,26-35,Female,24.4,Verified
INV001299,2024-02-26,2025-04-11,9,67906,121.0,51.25,At Risk,Haryana,Faridabad,B30,26-35,Male,19.9,Verified
INV001300,2024-01-17,2024-07-31,3,23857,115.0,98.0,At Risk,Uttar Pradesh,Agra,B30,36-45,Female,53.8,Verified
INV001301,2025-01-21,2025-01-21,1,1064,0.0,0.0,Continuous,Delhi,New Delhi,T30,26-35,Male,19.1,Verified
INV001302,2024-11-09,2024-11-09,1,548,0.0,0.0,Continuous,Uttar Pradesh,Lucknow,T30,18-25,Male,5.3,Verified
INV001304,2024-01-06,2025-05-08,6,127605,177.0,97.6,At Risk,Gujarat,Ahmedabad,T30,26-35,Male,21.8,Pending
INV001305,2024-07-23,2024-09-03,2,14153,42.0,42.0,At Risk,Rajasthan,Jaipur,T30,26-35,Female,15.7,Verified
INV001306,2024-08-25,2024-11-25,2,44975,92.0,92.0,At Risk,Telangana,Hyderabad,T30,18-25,Female,4.1,Verified
INV001307,2024-05-24,2025-03-24,2,53845,304.0,304.0,At Risk,Delhi,Gurugram,T30,56+,Male,18.2,Verified
INV001308,2024-01-29,2025-04-10,9,145248,147.0,54.62,At Risk,Rajasthan,Jaipur,T30,36-45,Male,19.3,Verified
INV001309,2024-12-11,2024-12-11,1,10544,0.0,0.0,Continuous,Gujarat,Surat,T30,36-45,Male,22.9,Verified
INV001310,2024-02-03,2025-03-15,6,48861,232.0,81.2,At Risk,Telangana,Hyderabad,T30,46-55,Male,83.6,Verified
INV001311,2024-01-07,2025-04-05,4,96628,192.0,151.33,At Risk,Telangana,Hyderabad,T30,26-35,Male,20.9,Verified
INV001312,2024-02-27,2024-10-12,4,31544,130.0,76.0,At Risk,Delhi,Noida,T30,26-35,Male,6.9,Verified
INV001313,2024-01-19,2024-01-19,1,7398,0.0,0.0,Continuous,Gujarat,Surat,T30,36-45,Male,20.3,Verified
INV001314,2024-02-03,2025-05-02,10,196028,130.0,50.44,At Risk,Gujarat,Ahmedabad,T30,26-35,Female,19.2,Verified
INV001315,2024-02-09,2024-12-16,7,62854,124.0,51.83,At Risk,Telangana,Hyderabad,T30,46-55,Female,32.9,Verified
INV001316,2024-02-05,2025-05-12,6,14835,198.0,92.4,At Risk,Punjab,Chandigarh,T30,18-25,Male,7.3,Verified
INV001317,2024-01-24,2025-03-23,6,29592,162.0,84.8,At Risk,Punjab,Chandigarh,T30,26-35,Female,8.9,Verified
INV001318,2024-01-27,2025-03-18,10,112663,150.0,46.22,At Risk,Telangana,Hyderabad,T30,36-45,Male,59.3,Verified
INV001319,2024-10-06,2025-02-19,4,34135,76.0,45.33,At Risk,Delhi,Gurugram,T30,26-35,Female,20.8,Verified
INV001320,2024-03-15,2024-11-16,5,74537,94.0,61.5,At Risk,Punjab,Amritsar,B30,36-45,Male,31.8,Verified
INV001321,2024-02-26,2025-01-17,5,35321,123.0,81.5,At Risk,Telangana,Hyderabad,T30,46-55,Male,74.1,Verified
INV001322,2024-01-15,2024-10-31,3,56700,149.0,145.0,At Risk,Uttar Pradesh,Lucknow,T30,26-35,Female,10.5,Verified
INV001323,2025-04-12,2025-04-12,1,17888,0.0,0.0,Continuous,Rajasthan,Jaipur,T30,36-45,Male,52.3,Verified
INV001324,2025-03-24,2025-03-24,1,8360,0.0,0.0,Continuous,Delhi,New Delhi,T30,26-35,Male,24.8,Verified
INV001325,2024-01-18,2025-05-27,4,101424,437.0,165.0,At Risk,Rajasthan,Udaipur,B30,18-25,Male,4.4,Verified
INV001326,2024-01-29,2025-05-29,8,103082,182.0,69.43,At Risk,Rajasthan,Udaipur,B30,46-55,Male,54.9,Verified
INV001327,2024-01-07,2024-01-07,1,5741,0.0,0.0,Continuous,Delhi,New Delhi,T30,36-45,Male,31.2,Verified
INV001328,2024-07-28,2024-10-07,2,2460,71.0,71.0,At Risk,Uttar Pradesh,Lucknow,T30,26-35,Male,7.4,Verified
INV001329,2024-03-22,2025-02-26,6,60331,97.0,68.2,At Risk,Punjab,Amritsar,B30,36-45,Female,37.2,Verified
INV001330,2024-06-26,2025-01-26,3,60482,164.0,107.0,At Risk,Delhi,Gurugram,T30,46-55,Male,76.9,Verified
INV001331,2024-01-04,2025-04-19,6,31343,202.0,94.2,At Risk,Gujarat,Ahmedabad,T30,26-35,Male,17.5,Verified
INV001332,2024-02-03,2025-05-28,7,56992,179.0,80.0,At Risk,Uttar Pradesh,Agra,B30,26-35,Female,19.9,Verified
INV001333,2024-01-08,2025-04-24,7,11779,185.0,78.67,At Risk,Haryana,Faridabad,B30,26-35,Female,19.0,Verified
INV001334,2024-02-24,2025-04-03,5,29292,159.0,101.0,At Risk,Punjab,Amritsar,B30,36-45,Male,38.6,Verified
INV001335,2024-05-24,2024-05-24,1,4199,0.0,0.0,Continuous,Madhya Pradesh,Indore,T30,26-35,Male,6.9,Verified
INV001336,2024-02-10,2025-05-16,8,94852,198.0,65.86,At Risk,Tamil Nadu,Coimbatore,B30,18-25,Male,5.0,Verified
INV001337,2024-03-06,2024-11-05,4,57894,167.0,81.33,At Risk,Tamil Nadu,Chennai,T30,26-35,Male,10.0,Verified
INV001338,2024-10-19,2024-10-19,1,2983,0.0,0.0,Continuous,Gujarat,Surat,T30,26-35,Female,21.7,Verified
INV001339,2025-04-04,2025-04-04,1,2734,0.0,0.0,Continuous,Gujarat,Ahmedabad,T30,46-55,Male,88.8,Verified
INV001340,2025-03-28,2025-03-28,1,1777,0.0,0.0,Continuous,Karnataka,Mysore,B30,36-45,Male,37.6,Verified
INV001341,2024-05-04,2025-03-10,3,7214,202.0,155.0,At Risk,Madhya Pradesh,Indore,T30,46-55,Male,89.7,Verified
INV001342,2024-03-04,2025-05-05,5,166436,261.0,106.75,At Risk,West Bengal,Kolkata,T30,26-35,Female,15.5,Verified
INV001343,2024-02-28,2024-12-04,4,21176,159.0,93.33,At Risk,Gujarat,Surat,T30,18-25,Female,6.9,Verified
INV001344,2024-03-12,2024-03-12,1,497,0.0,0.0,Continuous,Rajasthan,Jaipur,T30,26-35,Male,10.0,Verified
INV001345,2024-05-24,2025-05-10,4,23187,269.0,117.0,At Risk,Tamil Nadu,Coimbatore,B30,26-35,Male,17.3,Verified
INV001346,2024-01-29,2024-10-09,5,68022,137.0,63.5,At Risk,Gujarat,Surat,T30,18-25,Male,5.7,Verified
INV001347,2024-05-08,2025-01-28,2,5374,265.0,265.0,At Risk,Madhya Pradesh,Indore,T30,46-55,Male,57.6,Verified
INV001348,2024-03-07,2024-12-19,7,91022,121.0,47.83,At Risk,Haryana,Gurugram,T30,26-35,Female,8.6,Verified
INV001349,2024-06-22,2024-06-22,1,439,0.0,0.0,Continuous,Haryana,Gurugram,T30,18-25,Female,5.3,Pending
INV001350,2024-03-30,2025-05-15,2,47812,411.0,411.0,At Risk,Madhya Pradesh,Bhopal,B30,46-55,Female,31.7,Verified
INV001351,2024-01-26,2025-03-24,7,146308,208.0,70.5,At Risk,Uttar Pradesh,Kanpur,B30,26-35,Male,8.5,Verified
INV001352,2024-03-11,2024-05-20,4,4364,34.0,23.33,Continuous,Punjab,Chandigarh,T30,26-35,Female,8.3,Verified
INV001353,2024-06-10,2025-03-29,5,67466,134.0,73.0,At Risk,Punjab,Amritsar,B30,26-35,Male,6.5,Verified
INV001354,2024-02-21,2025-03-21,4,50743,327.0,131.33,At Risk,Tamil Nadu,Coimbatore,B30,18-25,Male,7.0,Verified
INV001355,2024-06-03,2025-03-31,6,41992,187.0,60.2,At Risk,Tamil Nadu,Chennai,T30,46-55,Female,89.8,Verified
INV001356,2024-03-05,2025-04-05,6,39847,191.0,79.2,At Risk,Gujarat,Ahmedabad,T30,26-35,Male,19.7,Verified
INV001357,2024-07-06,2024-12-13,4,76186,133.0,53.33,At Risk,Gujarat,Ahmedabad,T30,36-45,Female,58.4,Verified
INV001358,2024-02-15,2024-02-15,1,3401,0.0,0.0,Continuous,Rajasthan,Jaipur,T30,26-35,Male,14.8,Pending
INV001359,2024-03-10,2025-05-19,7,109856,313.0,72.5,At Risk,Haryana,Gurugram,T30,36-45,Female,41.8,Verified
INV001360,2024-09-15,2024-09-15,1,8637,0.0,0.0,Continuous,Telangana,Hyderabad,T30,36-45,Female,26.8,Pending
INV001361,2024-01-28,2024-11-26,7,99669,103.0,50.5,At Risk,West Bengal,Kolkata,T30,26-35,Female,21.1,Pending
INV001362,2024-06-06,2024-08-04,3,8218,37.0,29.5,At Risk,Uttar Pradesh,Agra,B30,18-25,Male,8.0,Verified
INV001363,2024-01-07,2024-11-06,5,116948,217.0,76.0,At Risk,Karnataka,Mysore,B30,56+,Male,29.4,Verified
INV001365,2024-04-28,2024-08-07,3,8511,100.0,50.5,At Risk,Tamil Nadu,Coimbatore,B30,36-45,Male,25.3,Verified
INV001366,2024-05-04,2025-04-22,5,35217,181.0,88.25,At Risk,Maharashtra,Pune,T30,26-35,Female,13.6,Verified
INV001367,2024-01-03,2025-05-12,6,71798,222.0,99.0,At Risk,Maharashtra,Nashik,B30,36-45,Male,32.2,Verified
INV001368,2024-04-27,2024-04-27,1,8539,0.0,0.0,Continuous,Tamil Nadu,Chennai,T30,36-45,Female,23.3,Verified
INV001369,2024-06-26,2025-05-10,4,70107,222.0,106.0,At Risk,Gujarat,Ahmedabad,T30,46-55,Male,83.8,Verified
INV001370,2024-01-23,2025-03-09,5,55762,164.0,102.75,At Risk,Tamil Nadu,Coimbatore,B30,26-35,Male,7.5,Verified
INV001371,2025-03-31,2025-03-31,1,538,0.0,0.0,Continuous,Tamil Nadu,Coimbatore,B30,26-35,Male,22.9,Pending
INV001372,2024-02-28,2025-02-23,3,43739,199.0,180.5,At Risk,Haryana,Faridabad,B30,56+,Male,46.7,Verified
INV001373,2024-07-25,2024-12-26,2,9017,154.0,154.0,At Risk,Madhya Pradesh,Indore,T30,26-35,Female,22.6,Verified
INV001374,2025-02-08,2025-03-13,2,55249,33.0,33.0,Continuous,Madhya Pradesh,Indore,T30,36-45,Male,14.2,Verified
INV001375,2024-02-04,2025-05-20,7,46716,176.0,78.5,At Risk,Haryana,Gurugram,T30,18-25,Male,6.3,Verified
INV001376,2024-01-15,2025-05-01,7,66059,181.0,78.67,At Risk,Gujarat,Surat,T30,26-35,Male,15.8,Verified
INV001377,2024-02-06,2024-06-19,4,28707,103.0,44.67,At Risk,Maharashtra,Mumbai,T30,56+,Female,64.7,Verified
INV001378,2024-07-02,2024-07-02,1,1017,0.0,0.0,Continuous,Delhi,Noida,T30,36-45,Male,21.1,Verified
INV001379,2024-04-05,2024-09-02,4,63899,74.0,50.0,At Risk,Punjab,Amritsar,B30,56+,Female,74.3,Verified
INV001380,2024-12-14,2024-12-14,1,2399,0.0,0.0,Continuous,Haryana,Gurugram,T30,36-45,Male,27.6,Verified
INV001382,2024-05-11,2025-03-10,3,6862,292.0,151.5,At Risk,Karnataka,Mysore,B30,26-35,Male,18.9,Verified
INV001383,2024-02-26,2025-03-25,8,80080,117.0,56.14,At Risk,Maharashtra,Pune,T30,26-35,Male,18.6,Verified
INV001384,2024-02-28,2025-02-09,4,101778,173.0,115.67,At Risk,Maharashtra,Mumbai,T30,26-35,Female,16.0,Verified
INV001385,2024-01-08,2025-04-25,3,8244,305.0,236.5,At Risk,Tamil Nadu,Chennai,T30,26-35,Male,13.7,Verified
INV001386,2024-01-31,2024-08-19,2,9619,201.0,201.0,At Risk,Tamil Nadu,Coimbatore,B30,18-25,Male,7.5,Verified
INV001387,2024-02-01,2025-05-04,9,111470,130.0,57.25,At Risk,Tamil Nadu,Chennai,T30,36-45,Male,37.4,Verified
INV001388,2024-05-04,2025-01-21,2,52919,262.0,262.0,At Risk,Punjab,Amritsar,B30,46-55,Male,72.8,Verified
INV001389,2024-08-12,2024-08-12,1,1101,0.0,0.0,Continuous,Karnataka,Mysore,B30,46-55,Female,39.7,Verified
INV001390,2024-02-02,2025-03-18,3,28186,400.0,205.0,At Risk,Haryana,Gurugram,T30,26-35,Female,13.0,Verified
INV001391,2024-07-26,2025-04-14,4,82296,114.0,87.33,At Risk,Madhya Pradesh,Bhopal,B30,36-45,Male,18.5,Verified
INV001392,2024-12-11,2025-05-11,4,48437,108.0,50.33,At Risk,Rajasthan,Udaipur,B30,26-35,Male,18.5,Verified
INV001393,2024-09-15,2025-04-11,2,35138,208.0,208.0,At Risk,Punjab,Chandigarh,T30,56+,Male,67.6,Pending
INV001394,2024-02-06,2025-04-26,8,127115,171.0,63.57,At Risk,Karnataka,Bangalore,T30,56+,Male,42.9,Verified
INV001395,2024-04-01,2025-04-28,4,19329,197.0,130.67,At Risk,Telangana,Hyderabad,T30,56+,Male,53.5,Verified
INV001396,2024-09-19,2025-01-19,2,6761,122.0,122.0,At Risk,Rajasthan,Jaipur,T30,26-35,Female,10.6,Verified
INV001397,2024-01-26,2025-05-09,5,37205,230.0,117.25,At Risk,Delhi,New Delhi,T30,26-35,Male,20.8,Verified
INV001398,2024-01-10,2025-03-17,4,63935,301.0,144.0,At Risk,Madhya Pradesh,Indore,T30,26-35,Female,18.4,Verified
INV001399,2024-03-12,2024-10-12,4,45618,135.0,71.33,At Risk,Delhi,New Delhi,T30,26-35,Female,16.4,Verified
INV001400,2024-01-01,2025-01-19,6,111893,266.0,76.8,At Risk,Tamil Nadu,Coimbatore,B30,36-45,Male,36.5,Verified
INV001401,2024-04-15,2025-03-24,6,39421,197.0,68.6,At Risk,Tamil Nadu,Coimbatore,B30,26-35,Male,15.6,Verified
INV001402,2024-03-28,2025-05-26,4,52214,328.0,141.33,At Risk,Tamil Nadu,Chennai,T30,26-35,Male,15.2,Verified
INV001403,2025-04-28,2025-04-28,1,4398,0.0,0.0,Continuous,Haryana,Gurugram,T30,46-55,Male,31.8,Verified
INV001404,2024-05-14,2024-12-01,2,57114,201.0,201.0,At Risk,West Bengal,Kolkata,T30,46-55,Male,56.2,Verified
INV001405,2024-04-14,2025-05-10,4,74645,288.0,130.33,At Risk,Tamil Nadu,Chennai,T30,56+,Male,56.8,Verified
INV001406,2024-03-12,2025-05-15,10,71494,202.0,47.67,At Risk,Telangana,Hyderabad,T30,46-55,Male,86.0,Verified
INV001407,2024-01-08,2024-08-21,6,49474,141.0,45.2,At Risk,Rajasthan,Udaipur,B30,26-35,Female,22.2,Verified
INV001408,2024-07-09,2024-08-24,2,5228,46.0,46.0,At Risk,Telangana,Hyderabad,T30,26-35,Female,6.7,Verified
INV001409,2024-10-15,2025-04-27,5,61407,70.0,48.5,At Risk,Haryana,Faridabad,B30,18-25,Male,4.5,Verified
INV001410,2024-02-11,2025-03-11,4,32517,164.0,131.33,At Risk,Maharashtra,Mumbai,T30,46-55,Male,26.5,Verified
INV001411,2024-01-03,2025-04-03,5,93189,273.0,114.0,At Risk,Delhi,Gurugram,T30,26-35,Female,7.1,Verified
INV001412,2024-08-04,2024-12-23,2,70303,141.0,141.0,At Risk,Punjab,Amritsar,B30,46-55,Female,73.4,Verified
INV001413,2024-05-26,2025-04-11,5,137147,125.0,80.0,At Risk,Karnataka,Bangalore,T30,36-45,Male,41.8,Verified
INV001414,2024-02-27,2024-02-27,1,1876,0.0,0.0,Continuous,Gujarat,Ahmedabad,T30,18-25,Male,4.8,Pending
INV001415,2024-01-17,2025-05-08,8,48063,173.0,68.14,At Risk,Haryana,Gurugram,T30,56+,Male,33.1,Verified
INV001416,2024-04-02,2025-01-30,2,66259,303.0,303.0,At Risk,Haryana,Faridabad,B30,18-25,Male,7.9,Verified
INV001417,2024-04-30,2024-04-30,1,892,0.0,0.0,Continuous,West Bengal,Kolkata,T30,36-45,Female,12.3,Pending
INV001418,2024-01-31,2025-04-18,6,27688,187.0,88.6,At Risk,Delhi,Noida,T30,36-45,Male,39.2,Verified
INV001419,2024-01-11,2025-03-15,6,67428,137.0,85.8,At Risk,Delhi,New Delhi,T30,26-35,Male,7.1,Verified
INV001420,2024-05-19,2025-02-15,2,5839,272.0,272.0,At Risk,Rajasthan,Jaipur,T30,36-45,Male,32.2,Pending
INV001421,2024-03-12,2025-05-21,5,21928,164.0,108.75,At Risk,Telangana,Hyderabad,T30,26-35,Male,19.8,Pending
INV001422,2024-01-22,2024-04-30,4,37445,43.0,33.0,At Risk,Punjab,Amritsar,B30,36-45,Male,38.6,Verified
INV001423,2024-02-03,2025-01-08,8,64384,105.0,48.57,At Risk,Madhya Pradesh,Bhopal,B30,18-25,Female,7.7,Verified
INV001424,2024-01-18,2025-04-27,4,62774,231.0,155.0,At Risk,Haryana,Gurugram,T30,26-35,Male,18.9,Verified
INV001425,2024-01-23,2025-04-12,2,7051,445.0,445.0,At Risk,Uttar Pradesh,Agra,B30,26-35,Male,16.8,Verified
INV001426,2024-07-24,2024-07-24,1,5280,0.0,0.0,Continuous,Delhi,Gurugram,T30,36-45,Female,23.8,Verified
INV001427,2025-03-02,2025-03-02,1,5328,0.0,0.0,Continuous,Karnataka,Mysore,B30,26-35,Female,21.1,Verified
INV001428,2024-04-17,2025-05-19,6,72032,174.0,79.4,At Risk,Delhi,New Delhi,T30,26-35,Male,17.8,Pending
INV001429,2024-09-17,2024-09-17,1,2146,0.0,0.0,Continuous,Uttar Pradesh,Kanpur,B30,36-45,Male,33.5,Verified
INV001430,2024-05-22,2024-05-22,1,560,0.0,0.0,Continuous,Uttar Pradesh,Kanpur,B30,26-35,Male,15.0,Verified
INV001431,2024-08-12,2024-11-19,3,29472,98.0,49.5,At Risk,Haryana,Gurugram,T30,56+,Male,59.4,Verified
INV001432,2024-02-14,2025-02-05,6,22656,175.0,71.4,At Risk,Uttar Pradesh,Lucknow,T30,36-45,Male,12.6,Verified
INV001433,2024-12-31,2025-05-23,3,30652,112.0,71.5,At Risk,West Bengal,Kolkata,T30,26-35,Male,10.9,Verified
INV001434,2024-04-09,2025-05-17,6,73116,178.0,80.6,At Risk,Maharashtra,Mumbai,T30,46-55,Male,92.6,Verified
INV001435,2024-10-02,2024-11-07,2,12503,36.0,36.0,At Risk,Telangana,Hyderabad,T30,36-45,Female,27.7,Verified
INV001436,2025-01-20,2025-02-26,2,6232,37.0,37.0,At Risk,Delhi,New Delhi,T30,26-35,Male,9.7,Verified
INV001437,2024-10-16,2024-10-16,1,2674,0.0,0.0,Continuous,Maharashtra,Nashik,B30,26-35,Female,14.3,Verified
INV001438,2024-12-03,2024-12-03,1,7489,0.0,0.0,Continuous,Karnataka,Bangalore,T30,46-55,Male,54.4,Verified
INV001439,2024-04-29,2025-04-02,3,20699,224.0,169.0,At Risk,Karnataka,Bangalore,T30,18-25,Female,5.3,Verified
INV001440,2024-02-04,2024-09-17,2,65472,226.0,226.0,At Risk,West Bengal,Kolkata,T30,26-35,Male,11.3,Verified
INV001441,2024-01-30,2024-03-30,2,5453,60.0,60.0,At Risk,Karnataka,Mysore,B30,36-45,Male,56.6,Verified
INV001442,2024-02-21,2025-05-23,9,67217,238.0,57.12,At Risk,Uttar Pradesh,Lucknow,T30,26-35,Male,16.2,Verified
INV001443,2024-08-05,2025-03-01,3,31246,126.0,104.0,At Risk,Uttar Pradesh,Kanpur,B30,46-55,Female,79.8,Verified
INV001444,2024-08-29,2024-12-15,3,27282,54.0,54.0,At Risk,Rajasthan,Jaipur,T30,36-45,Male,36.8,Verified
INV001445,2024-10-06,2025-04-23,4,60403,78.0,66.33,At Risk,Tamil Nadu,Chennai,T30,26-35,Female,9.5,Verified
INV001446,2024-08-16,2025-01-02,2,55747,139.0,139.0,At Risk,Delhi,Noida,T30,26-35,Male,6.6,Verified
INV001447,2024-02-22,2025-01-18,3,63064,257.0,165.5,At Risk,Madhya Pradesh,Indore,T30,26-35,Female,14.6,Verified
INV001448,2024-10-03,2025-01-07,2,7405,96.0,96.0,At Risk,Telangana,Hyderabad,T30,26-35,Female,14.2,Verified
INV001449,2024-02-16,2024-08-29,4,22208,126.0,65.0,At Risk,Gujarat,Ahmedabad,T30,36-45,Male,45.2,Verified
INV001450,2024-07-03,2024-11-22,3,12259,73.0,71.0,At Risk,Rajasthan,Udaipur,B30,26-35,Female,16.8,Verified
INV001451,2024-11-16,2024-11-16,1,26908,0.0,0.0,Continuous,Madhya Pradesh,Indore,T30,36-45,Male,33.0,Pending
INV001452,2024-05-05,2024-07-25,3,17460,78.0,40.5,At Risk,Delhi,Gurugram,T30,26-35,Female,15.6,Verified
INV001453,2024-05-10,2025-03-02,3,33530,157.0,148.0,At Risk,Gujarat,Ahmedabad,T30,36-45,Male,34.6,Verified
INV001454,2024-01-03,2025-03-16,7,37667,176.0,73.0,At Risk,Tamil Nadu,Chennai,T30,26-35,Male,9.3,Verified
INV001455,2024-01-10,2025-04-07,8,47113,153.0,64.71,At Risk,Madhya Pradesh,Indore,T30,36-45,Male,26.8,Verified
INV001456,2024-03-04,2025-04-27,5,22194,200.0,104.75,At Risk,Punjab,Chandigarh,T30,36-45,Male,36.3,Verified
INV001457,2024-01-21,2024-08-27,6,85947,63.0,43.8,At Risk,Gujarat,Ahmedabad,T30,26-35,Male,17.7,Verified
INV001458,2024-02-01,2025-01-25,7,78518,101.0,59.83,At Risk,Tamil Nadu,Coimbatore,B30,46-55,Male,34.9,Verified
INV001459,2024-05-25,2024-05-25,1,56290,0.0,0.0,Continuous,Gujarat,Surat,T30,26-35,Male,24.9,Verified
INV001460,2024-08-27,2025-04-15,4,45511,154.0,77.0,At Risk,Uttar Pradesh,Kanpur,B30,36-45,Male,45.4,Verified
INV001461,2024-02-08,2024-03-22,2,4821,43.0,43.0,At Risk,Telangana,Hyderabad,T30,26-35,Female,13.5,Verified
INV001462,2024-02-19,2025-01-04,5,77536,209.0,80.0,At Risk,Gujarat,Surat,T30,26-35,Male,19.4,Verified
INV001463,2024-01-17,2024-03-28,2,6219,71.0,71.0,At Risk,Maharashtra,Nashik,B30,36-45,Male,54.5,Verified
INV001464,2025-05-20,2025-05-20,1,2668,0.0,0.0,Continuous,Delhi,New Delhi,T30,26-35,Male,24.8,Verified
INV001465,2024-03-20,2025-01-05,3,6538,273.0,145.5,At Risk,Punjab,Amritsar,B30,26-35,Male,21.0,Verified
INV001466,2024-02-25,2024-10-05,6,102555,82.0,44.6,At Risk,Delhi,Noida,T30,46-55,Female,20.3,Verified
INV001467,2024-01-11,2025-01-22,5,29715,321.0,94.25,At Risk,Punjab,Chandigarh,T30,36-45,Male,32.5,Verified
INV001468,2024-01-21,2024-01-27,2,4751,6.0,6.0,Continuous,Tamil Nadu,Chennai,T30,26-35,Female,19.4,Verified
INV001469,2025-02-17,2025-02-17,1,25070,0.0,0.0,Continuous,Karnataka,Bangalore,T30,56+,Male,74.7,Verified
INV001470,2024-02-15,2025-04-24,3,77304,299.0,217.0,At Risk,Haryana,Gurugram,T30,36-45,Male,26.2,Pending
INV001472,2024-01-10,2025-02-08,6,119937,141.0,79.0,At Risk,West Bengal,Kolkata,T30,18-25,Male,5.4,Verified
INV001473,2024-01-23,2025-05-02,3,99078,431.0,232.5,At Risk,Delhi,Gurugram,T30,36-45,Male,29.1,Pending
INV001474,2025-02-11,2025-02-11,1,28210,0.0,0.0,Continuous,Karnataka,Mysore,B30,26-35,Male,12.8,Verified
INV001475,2024-09-14,2025-03-30,3,60585,131.0,98.5,At Risk,Madhya Pradesh,Indore,T30,36-45,Male,35.0,Verified
INV001476,2024-01-07,2025-02-14,4,19659,367.0,134.67,At Risk,Rajasthan,Jaipur,T30,36-45,Male,38.1,Pending
INV001477,2024-12-10,2024-12-10,1,23944,0.0,0.0,Continuous,Haryana,Faridabad,B30,26-35,Female,20.4,Verified
INV001478,2024-01-26,2025-05-18,4,32643,200.0,159.33,At Risk,Maharashtra,Mumbai,T30,36-45,Male,24.2,Verified
INV001479,2024-09-20,2025-04-12,2,18461,204.0,204.0,At Risk,Rajasthan,Udaipur,B30,26-35,Female,19.0,Verified
INV001480,2024-01-09,2024-10-22,4,16410,172.0,95.67,At Risk,West Bengal,Kolkata,T30,18-25,Male,3.1,Pending
INV001481,2024-02-07,2024-12-02,5,41199,241.0,74.75,At Risk,Telangana,Hyderabad,T30,26-35,Male,23.4,Verified
INV001482,2024-04-10,2025-05-18,6,84250,280.0,80.6,At Risk,Madhya Pradesh,Indore,T30,46-55,Female,87.0,Verified
INV001483,2024-02-29,2025-03-18,5,14640,179.0,95.75,At Risk,Rajasthan,Jaipur,T30,36-45,Male,38.8,Verified
INV001484,2024-04-12,2024-04-30,2,54395,18.0,18.0,Continuous,Tamil Nadu,Chennai,T30,36-45,Male,13.1,Verified
INV001485,2024-02-05,2025-04-20,9,113230,150.0,55.0,At Risk,Rajasthan,Jaipur,T30,56+,Female,24.4,Pending
INV001486,2025-02-18,2025-02-18,1,9276,0.0,0.0,Continuous,Gujarat,Surat,T30,46-55,Male,17.1,Verified
INV001487,2024-07-12,2025-01-10,3,100742,112.0,91.0,At Risk,Telangana,Hyderabad,T30,36-45,Male,59.8,Verified
INV001488,2024-06-21,2025-05-03,3,11953,298.0,158.0,At Risk,Punjab,Chandigarh,T30,18-25,Female,5.2,Verified
INV001489,2024-01-26,2025-01-02,4,65586,162.0,114.0,At Risk,Delhi,Gurugram,T30,36-45,Female,16.5,Verified
INV001491,2024-01-07,2025-05-15,6,37904,260.0,98.8,At Risk,Tamil Nadu,Chennai,T30,56+,Male,78.5,Verified
INV001492,2024-01-06,2024-11-10,3,29785,208.0,154.5,At Risk,Tamil Nadu,Chennai,T30,26-35,Male,19.6,Verified
INV001494,2024-01-17,2025-04-04,3,11931,254.0,221.5,At Risk,Madhya Pradesh,Indore,T30,18-25,Male,5.7,Verified
INV001495,2025-03-03,2025-03-19,2,82936,16.0,16.0,Continuous,Punjab,Amritsar,B30,26-35,Male,16.6,Verified
INV001496,2024-01-26,2025-02-07,5,41086,165.0,94.5,At Risk,West Bengal,Kolkata,T30,18-25,Male,4.5,Verified
INV001497,2024-01-01,2025-05-19,9,77902,138.0,63.0,At Risk,Maharashtra,Mumbai,T30,36-45,Male,56.8,Verified
INV001498,2024-06-28,2024-06-28,1,23803,0.0,0.0,Continuous,Gujarat,Ahmedabad,T30,36-45,Male,34.7,Verified
INV001499,2024-01-10,2024-09-11,3,45138,126.0,122.5,At Risk,Karnataka,Mysore,B30,26-35,Male,12.9,Verified
INV001500,2024-03-05,2024-10-06,3,12740,112.0,107.5,At Risk,Maharashtra,Pune,T30,26-35,Female,6.5,Verified
INV001501,2024-02-04,2024-11-09,3,64970,226.0,139.5,At Risk,Punjab,Amritsar,B30,26-35,Male,11.3,Verified
INV001502,2025-02-13,2025-02-13,1,2137,0.0,0.0,Continuous,Rajasthan,Jaipur,T30,26-35,Male,19.8,Verified
INV001503,2024-08-22,2025-04-03,4,33119,144.0,74.67,At Risk,Telangana,Hyderabad,T30,18-25,Male,6.4,Verified
INV001504,2024-03-21,2025-05-29,9,131804,134.0,54.25,At Risk,Haryana,Faridabad,B30,36-45,Male,25.5,Verified
INV001505,2024-03-11,2025-01-01,2,44828,296.0,296.0,At Risk,Uttar Pradesh,Lucknow,T30,26-35,Female,17.0,Verified
INV001506,2024-03-16,2024-11-09,3,59584,237.0,119.0,At Risk,Delhi,Noida,T30,26-35,Female,16.0,Verified
INV001507,2024-02-01,2025-04-07,6,24004,167.0,86.2,At Risk,Uttar Pradesh,Lucknow,T30,26-35,Male,20.4,Pending
INV001508,2024-01-03,2025-02-17,3,29154,373.0,205.5,At Risk,Tamil Nadu,Coimbatore,B30,46-55,Male,63.3,Verified
INV001509,2025-04-05,2025-04-05,1,1882,0.0,0.0,Continuous,West Bengal,Kolkata,T30,18-25,Male,8.0,Pending
INV001510,2024-03-05,2025-04-10,7,113185,124.0,66.83,At Risk,Gujarat,Surat,T30,26-35,Male,15.4,Verified
INV001511,2024-12-28,2024-12-28,1,51115,0.0,0.0,Continuous,Uttar Pradesh,Agra,B30,26-35,Female,24.7,Verified
INV001512,2024-01-28,2025-03-21,5,85125,195.0,104.5,At Risk,Haryana,Gurugram,T30,46-55,Male,49.4,Verified
INV001513,2024-02-17,2024-07-24,3,60661,95.0,79.0,At Risk,Madhya Pradesh,Indore,T30,18-25,Male,5.4,Verified
INV001514,2024-02-27,2025-01-03,7,150056,72.0,51.83,At Risk,Delhi,Gurugram,T30,46-55,Male,75.8,Verified
INV001515,2024-01-21,2025-02-13,4,7724,253.0,129.67,At Risk,Tamil Nadu,Coimbatore,B30,18-25,Male,7.4,Verified
INV001516,2024-07-31,2025-05-11,6,106727,85.0,56.8,At Risk,Tamil Nadu,Coimbatore,B30,26-35,Male,22.0,Verified
INV001518,2024-06-28,2025-02-21,5,126423,90.0,59.5,At Risk,Karnataka,Mysore,B30,18-25,Male,3.9,Verified
INV001519,2024-03-05,2024-08-06,3,15153,79.0,77.0,At Risk,Gujarat,Ahmedabad,T30,46-55,Female,38.8,Verified
INV001520,2025-02-23,2025-02-23,1,7441,0.0,0.0,Continuous,Maharashtra,Nashik,B30,36-45,Female,29.7,Verified
INV001521,2024-03-04,2025-02-19,5,11861,207.0,88.0,At Risk,Haryana,Faridabad,B30,18-25,Male,4.9,Pending
INV001522,2024-09-07,2025-03-31,2,30513,205.0,205.0,At Risk,Tamil Nadu,Chennai,T30,36-45,Female,59.4,Verified
INV001524,2024-05-11,2025-05-27,5,143060,210.0,95.25,At Risk,Madhya Pradesh,Bhopal,B30,26-35,Male,7.7,Verified
INV001525,2024-05-13,2024-11-26,5,34792,103.0,49.25,At Risk,Maharashtra,Mumbai,T30,36-45,Male,55.8,Verified
INV001526,2024-02-17,2024-10-26,6,45632,134.0,50.4,At Risk,Madhya Pradesh,Bhopal,B30,26-35,Female,19.1,Verified
INV001527,2024-03-01,2024-03-01,1,1824,0.0,0.0,Continuous,Delhi,Gurugram,T30,26-35,Male,23.4,Verified
INV001528,2024-01-13,2025-05-07,5,143212,254.0,120.0,At Risk,Telangana,Hyderabad,T30,26-35,Female,20.7,Verified
INV001529,2024-04-01,2024-04-01,1,514,0.0,0.0,Continuous,Haryana,Faridabad,B30,56+,Male,72.6,Verified
INV001530,2024-01-14,2025-02-05,7,18100,122.0,64.67,At Risk,Telangana,Hyderabad,T30,26-35,Male,21.0,Verified
INV001531,2024-04-11,2024-12-08,3,9618,139.0,120.5,At Risk,Haryana,Gurugram,T30,26-35,Female,14.8,Pending
INV001532,2024-03-07,2025-02-11,7,82757,101.0,56.83,At Risk,Madhya Pradesh,Bhopal,B30,36-45,Female,39.5,Verified
INV001534,2024-01-19,2025-04-11,5,26242,213.0,112.0,At Risk,Tamil Nadu,Coimbatore,B30,36-45,Male,26.5,Verified
INV001535,2024-02-01,2025-04-28,3,68280,421.0,226.0,At Risk,Rajasthan,Udaipur,B30,56+,Male,74.1,Verified
INV001536,2024-01-04,2025-02-21,7,108107,189.0,69.0,At Risk,Karnataka,Mysore,B30,26-35,Male,17.9,Verified
INV001537,2024-11-27,2025-05-16,3,33810,88.0,85.0,At Risk,Madhya Pradesh,Indore,T30,46-55,Male,74.7,Verified
INV001538,2024-01-12,2025-02-08,4,27042,175.0,131.0,At Risk,Madhya Pradesh,Bhopal,B30,18-25,Female,3.1,Verified
INV001539,2024-01-12,2024-11-13,2,7570,306.0,306.0,At Risk,Madhya Pradesh,Indore,T30,36-45,Male,32.1,Verified
INV001540,2024-01-01,2025-02-19,4,55777,325.0,138.33,At Risk,Maharashtra,Pune,T30,26-35,Female,17.3,Verified
INV001542,2024-07-04,2025-03-13,5,30942,119.0,63.0,At Risk,Uttar Pradesh,Lucknow,T30,36-45,Male,49.1,Verified
INV001543,2024-04-27,2025-01-04,2,9347,252.0,252.0,At Risk,Delhi,New Delhi,T30,26-35,Male,21.1,Verified
INV001544,2024-02-29,2025-04-30,5,52662,241.0,106.5,At Risk,Uttar Pradesh,Kanpur,B30,18-25,Female,5.9,Verified
INV001545,2024-01-29,2025-05-07,6,85986,208.0,92.8,At Risk,Madhya Pradesh,Bhopal,B30,26-35,Male,11.5,Verified
INV001547,2024-02-28,2025-05-06,7,75405,119.0,72.17,At Risk,Tamil Nadu,Coimbatore,B30,36-45,Male,55.7,Verified
INV001548,2024-03-20,2025-04-27,6,71244,197.0,80.6,At Risk,Delhi,New Delhi,T30,26-35,Male,24.8,Verified
INV001549,2024-02-29,2024-09-16,5,109704,78.0,50.0,At Risk,Haryana,Gurugram,T30,36-45,Male,19.5,Verified
INV001550,2024-02-01,2025-05-20,7,85924,191.0,79.0,At Risk,Punjab,Chandigarh,T30,18-25,Male,4.1,Verified
INV001551,2024-07-01,2025-05-06,6,18205,131.0,61.8,At Risk,Tamil Nadu,Chennai,T30,26-35,Female,21.7,Verified
INV001552,2024-12-29,2024-12-29,1,1102,0.0,0.0,Continuous,Rajasthan,Jaipur,T30,46-55,Female,68.5,Verified
INV001553,2024-05-05,2025-03-01,4,35672,151.0,100.0,At Risk,Delhi,Noida,T30,26-35,Male,23.5,Verified
INV001554,2024-10-23,2024-10-28,2,58886,5.0,5.0,Continuous,West Bengal,Kolkata,T30,18-25,Female,7.2,Verified
INV001555,2024-01-26,2024-08-12,2,60086,199.0,199.0,At Risk,Punjab,Amritsar,B30,26-35,Male,14.2,Verified
INV001556,2024-10-09,2025-02-14,2,10078,128.0,128.0,At Risk,Maharashtra,Nashik,B30,18-25,Male,3.3,Verified
INV001557,2024-02-09,2025-02-14,2,8797,371.0,371.0,At Risk,Haryana,Gurugram,T30,26-35,Female,10.5,Pending
INV001558,2024-04-10,2025-02-09,5,18240,156.0,76.25,At Risk,West Bengal,Kolkata,T30,56+,Female,23.8,Verified
INV001560,2024-01-22,2025-03-25,3,40211,400.0,214.0,At Risk,Punjab,Amritsar,B30,26-35,Male,22.5,Verified
INV001561,2024-04-13,2025-03-10,4,56644,198.0,110.33,At Risk,Rajasthan,Udaipur,B30,36-45,Male,39.4,Verified
INV001562,2024-03-01,2025-04-03,10,66556,146.0,44.22,At Risk,Delhi,Noida,T30,26-35,Male,7.0,Verified
INV001563,2024-06-02,2024-06-02,1,41877,0.0,0.0,Continuous,Rajasthan,Jaipur,T30,36-45,Male,59.1,Verified
INV001564,2024-03-23,2025-04-17,8,74288,157.0,55.71,At Risk,Haryana,Faridabad,B30,46-55,Male,43.2,Verified
INV001566,2024-06-04,2025-04-06,3,23193,256.0,153.0,At Risk,West Bengal,Kolkata,T30,18-25,Male,7.8,Verified
INV001567,2024-08-01,2024-12-18,5,50242,92.0,34.75,At Risk,West Bengal,Kolkata,T30,36-45,Male,12.2,Verified
INV001568,2025-05-25,2025-05-25,1,10735,0.0,0.0,Continuous,Maharashtra,Nashik,B30,26-35,Male,12.4,Verified
INV001569,2024-03-03,2025-04-24,6,84525,314.0,83.4,At Risk,Punjab,Chandigarh,T30,46-55,Male,50.1,Verified
INV001570,2024-03-15,2025-01-13,2,6459,304.0,304.0,At Risk,Maharashtra,Pune,T30,26-35,Male,16.0,Verified
INV001571,2024-11-04,2024-11-04,1,2225,0.0,0.0,Continuous,Rajasthan,Udaipur,B30,46-55,Female,52.0,Verified
INV001572,2025-05-26,2025-05-26,1,2256,0.0,0.0,Continuous,Madhya Pradesh,Bhopal,B30,18-25,Male,4.8,Verified
INV001573,2024-09-28,2025-03-20,5,66076,109.0,43.25,At Risk,Tamil Nadu,Coimbatore,B30,26-35,Male,20.7,Verified
INV001574,2024-05-05,2025-01-16,5,39751,118.0,64.0,At Risk,Maharashtra,Mumbai,T30,36-45,Female,35.7,Verified
INV001575,2024-03-20,2025-02-18,4,38391,155.0,111.67,At Risk,Karnataka,Bangalore,T30,26-35,Male,12.0,Verified
INV001576,2024-01-31,2025-04-27,5,53595,169.0,113.0,At Risk,Delhi,Noida,T30,46-55,Female,46.5,Verified
INV001577,2024-08-21,2024-08-21,1,837,0.0,0.0,Continuous,West Bengal,Kolkata,T30,46-55,Male,48.9,Verified
INV001578,2024-02-04,2024-02-04,1,3049,0.0,0.0,Continuous,Punjab,Amritsar,B30,26-35,Female,19.6,Verified
INV001579,2024-01-04,2025-03-29,7,133855,193.0,75.0,At Risk,Karnataka,Bangalore,T30,46-55,Male,71.1,Verified
INV001580,2024-07-23,2025-04-23,7,85427,119.0,45.67,At Risk,Punjab,Chandigarh,T30,26-35,Male,18.7,Pending
INV001581,2025-02-18,2025-02-18,1,5541,0.0,0.0,Continuous,Madhya Pradesh,Indore,T30,18-25,Female,5.7,Verified
INV001582,2024-07-09,2024-07-09,1,920,0.0,0.0,Continuous,Rajasthan,Udaipur,B30,46-55,Male,25.4,Verified
INV001583,2024-02-16,2024-08-16,3,9832,112.0,91.0,At Risk,Delhi,Gurugram,T30,18-25,Male,3.1,Verified
INV001584,2024-12-09,2025-03-14,3,30195,62.0,47.5,At Risk,Maharashtra,Nashik,B30,26-35,Male,10.0,Verified
INV001585,2024-04-12,2025-01-20,6,61091,182.0,56.6,At Risk,Telangana,Hyderabad,T30,36-45,Male,28.3,Verified
INV001586,2024-09-03,2025-05-29,4,14770,164.0,89.33,At Risk,Tamil Nadu,Chennai,T30,26-35,Male,6.4,Verified
INV001587,2024-04-10,2025-05-05,7,72452,144.0,65.0,At Risk,Punjab,Chandigarh,T30,26-35,Male,22.3,Verified
INV001588,2024-03-22,2024-08-18,3,12100,101.0,74.5,At Risk,Karnataka,Bangalore,T30,56+,Male,75.2,Verified
INV001589,2025-02-20,2025-02-20,1,24681,0.0,0.0,Continuous,Maharashtra,Nashik,B30,26-35,Female,7.5,Verified
INV001590,2024-03-28,2024-12-06,2,10890,253.0,253.0,At Risk,Rajasthan,Jaipur,T30,36-45,Male,46.1,Verified
INV001591,2025-01-28,2025-04-07,2,58417,69.0,69.0,At Risk,Rajasthan,Jaipur,T30,56+,Male,28.1,Verified
INV001592,2024-09-07,2024-09-11,2,20172,4.0,4.0,Continuous,Telangana,Hyderabad,T30,18-25,Male,4.3,Pending
INV001593,2025-01-29,2025-01-29,1,2684,0.0,0.0,Continuous,Punjab,Chandigarh,T30,36-45,Female,53.2,Verified
INV001594,2024-01-20,2024-05-21,2,6429,122.0,122.0,At Risk,Madhya Pradesh,Bhopal,B30,26-35,Male,13.9,Verified
INV001595,2024-04-19,2025-05-19,4,38425,194.0,131.67,At Risk,Gujarat,Ahmedabad,T30,56+,Male,78.5,Verified
INV001596,2024-05-01,2024-05-01,1,8361,0.0,0.0,Continuous,Telangana,Hyderabad,T30,46-55,Male,61.3,Verified
INV001597,2024-06-19,2025-05-21,7,99091,165.0,56.0,At Risk,West Bengal,Kolkata,T30,36-45,Male,46.1,Verified
INV001598,2024-04-16,2025-05-15,5,114264,112.0,98.5,At Risk,Tamil Nadu,Coimbatore,B30,36-45,Male,48.2,Verified
INV001599,2024-01-15,2024-11-01,6,52681,133.0,58.2,At Risk,Haryana,Faridabad,B30,36-45,Female,31.0,Verified
INV001600,2024-01-30,2024-10-16,2,48228,260.0,260.0,At Risk,Rajasthan,Jaipur,T30,26-35,Female,22.9,Verified
INV001601,2024-08-10,2024-08-10,1,15062,0.0,0.0,Continuous,Rajasthan,Udaipur,B30,26-35,Female,24.1,Verified
INV001602,2024-01-07,2025-04-20,6,66310,294.0,93.8,At Risk,West Bengal,Kolkata,T30,36-45,Male,27.0,Verified
INV001603,2024-02-06,2024-12-29,7,64051,93.0,54.5,At Risk,Uttar Pradesh,Agra,B30,46-55,Female,53.9,Verified
INV001604,2024-07-22,2024-10-02,2,35689,72.0,72.0,At Risk,Haryana,Gurugram,T30,56+,Male,33.9,Verified
INV001605,2024-01-08,2025-03-07,8,161888,136.0,60.57,At Risk,Uttar Pradesh,Kanpur,B30,26-35,Female,12.4,Verified
INV001606,2024-04-08,2025-05-19,7,95656,148.0,67.67,At Risk,Punjab,Amritsar,B30,26-35,Female,23.4,Verified
INV001607,2024-02-10,2025-05-17,2,4350,462.0,462.0,At Risk,Punjab,Amritsar,B30,26-35,Male,14.8,Verified
INV001608,2024-06-30,2025-04-03,5,13355,117.0,69.25,At Risk,Delhi,Gurugram,T30,26-35,Male,13.1,Verified
INV001609,2024-05-23,2024-11-21,4,108857,164.0,60.67,At Risk,Punjab,Chandigarh,T30,26-35,Female,14.0,Verified
INV001611,2024-05-28,2025-03-05,5,69045,160.0,70.25,At Risk,West Bengal,Kolkata,T30,18-25,Female,7.4,Verified
INV001612,2024-05-06,2025-04-13,5,24081,175.0,85.5,At Risk,Haryana,Gurugram,T30,26-35,Female,12.0,Verified
INV001613,2025-04-30,2025-04-30,1,9427,0.0,0.0,Continuous,Telangana,Hyderabad,T30,26-35,Female,17.7,Verified
INV001614,2024-03-03,2024-03-30,2,3283,27.0,27.0,Continuous,Punjab,Amritsar,B30,18-25,Male,4.6,Verified
INV001615,2024-02-28,2025-01-01,3,70793,230.0,154.0,At Risk,Tamil Nadu,Chennai,T30,26-35,Male,15.7,Verified
INV001616,2024-01-29,2025-03-28,9,153361,117.0,53.0,At Risk,Tamil Nadu,Chennai,T30,26-35,Male,23.2,Verified
INV001617,2025-03-04,2025-03-04,1,1181,0.0,0.0,Continuous,Maharashtra,Pune,T30,26-35,Male,8.6,Verified
INV001618,2024-02-15,2025-01-20,5,39101,201.0,85.0,At Risk,Karnataka,Bangalore,T30,56+,Female,28.0,Pending
INV001619,2024-04-21,2025-04-06,3,16813,226.0,175.0,At Risk,Uttar Pradesh,Lucknow,T30,36-45,Male,20.7,Verified
INV001620,2024-08-18,2025-04-07,4,18355,140.0,77.33,At Risk,Punjab,Amritsar,B30,26-35,Male,8.1,Verified
INV001621,2024-02-10,2025-01-09,3,39202,232.0,167.0,At Risk,Karnataka,Bangalore,T30,26-35,Female,10.0,Verified
INV001622,2024-04-06,2024-10-19,2,32767,196.0,196.0,At Risk,Delhi,New Delhi,T30,36-45,Male,21.8,Verified
INV001623,2024-01-27,2025-05-01,6,62993,188.0,92.0,At Risk,Gujarat,Surat,T30,26-35,Female,17.3,Verified
INV001624,2024-10-28,2025-02-20,4,14738,68.0,38.33,At Risk,Uttar Pradesh,Lucknow,T30,26-35,Female,18.4,Verified
INV001625,2024-02-16,2025-02-10,6,15000,209.0,72.0,At Risk,Uttar Pradesh,Kanpur,B30,46-55,Female,78.2,Verified
INV001626,2024-04-04,2024-12-04,2,3171,244.0,244.0,At Risk,Maharashtra,Mumbai,T30,26-35,Male,16.8,Verified
INV001627,2024-02-28,2025-02-16,4,22292,326.0,118.0,At Risk,Uttar Pradesh,Agra,B30,26-35,Male,15.9,Pending
INV001628,2024-05-27,2025-05-24,8,111394,139.0,51.71,At Risk,Rajasthan,Jaipur,T30,36-45,Female,45.6,Verified
INV001629,2024-03-28,2025-05-07,7,34149,82.0,67.5,At Risk,Madhya Pradesh,Indore,T30,26-35,Male,15.0,Verified
INV001630,2024-01-06,2024-06-13,3,56687,126.0,79.5,At Risk,Telangana,Hyderabad,T30,36-45,Male,15.4,Verified
INV001631,2024-07-04,2025-04-15,6,9317,101.0,57.0,At Risk,Haryana,Faridabad,B30,36-45,Male,55.9,Verified
INV001633,2024-07-16,2024-07-16,1,475,0.0,0.0,Continuous,Gujarat,Surat,T30,26-35,Male,6.8,Verified
INV001634,2025-05-18,2025-05-18,1,5244,0.0,0.0,Continuous,Gujarat,Surat,T30,26-35,Male,23.9,Verified
INV001635,2024-07-16,2025-02-01,2,18218,200.0,200.0,At Risk,Tamil Nadu,Chennai,T30,26-35,Male,18.6,Verified
INV001636,2024-01-05,2025-01-30,9,35935,159.0,48.88,At Risk,Rajasthan,Udaipur,B30,18-25,Male,6.0,Verified
INV001637,2024-02-21,2024-02-21,1,483,0.0,0.0,Continuous,Haryana,Faridabad,B30,36-45,Female,45.1,Verified
INV001638,2024-02-09,2024-03-24,3,13670,40.0,22.0,At Risk,West Bengal,Kolkata,T30,36-45,Female,15.8,Verified
INV001639,2024-06-27,2025-01-25,4,54629,85.0,70.67,At Risk,West Bengal,Kolkata,T30,56+,Male,14.3,Verified
INV001640,2024-10-02,2024-12-25,5,104213,48.0,21.0,At Risk,Rajasthan,Jaipur,T30,36-45,Female,52.6,Verified
INV001641,2024-01-19,2025-04-05,6,77129,168.0,88.4,At Risk,Haryana,Faridabad,B30,26-35,Male,15.4,Verified
INV001642,2024-02-17,2024-02-17,1,2024,0.0,0.0,Continuous,Rajasthan,Jaipur,T30,56+,Female,20.5,Pending
INV001643,2024-02-14,2025-01-24,5,85611,148.0,86.25,At Risk,Punjab,Amritsar,B30,36-45,Male,28.4,Verified
INV001644,2024-05-04,2025-03-28,6,123765,89.0,65.6,At Risk,Madhya Pradesh,Bhopal,B30,18-25,Female,6.7,Verified
INV001645,2024-03-15,2025-02-16,6,48283,202.0,67.6,At Risk,Uttar Pradesh,Kanpur,B30,46-55,Male,77.5,Verified
INV001646,2024-03-29,2024-12-12,3,48455,250.0,129.0,At Risk,Karnataka,Bangalore,T30,26-35,Male,18.9,Verified
INV001648,2024-05-09,2025-02-23,5,28604,117.0,72.5,At Risk,Telangana,Hyderabad,T30,46-55,Female,96.8,Verified
INV001649,2024-02-07,2025-05-17,10,113458,120.0,51.67,At Risk,Telangana,Hyderabad,T30,36-45,Male,51.5,Verified
INV001650,2024-04-09,2024-12-11,3,36296,193.0,123.0,At Risk,Madhya Pradesh,Indore,T30,36-45,Male,38.1,Verified
INV001651,2024-01-05,2025-04-21,7,162293,130.0,78.67,At Risk,Gujarat,Ahmedabad,T30,18-25,Male,4.1,Verified
INV001652,2024-05-12,2025-03-06,4,104616,149.0,99.33,At Risk,Tamil Nadu,Chennai,T30,26-35,Female,12.7,Verified
INV001653,2024-02-18,2024-11-20,6,76639,94.0,55.2,At Risk,Maharashtra,Mumbai,T30,36-45,Male,45.4,Verified
INV001654,2024-02-17,2025-01-18,7,108816,137.0,56.0,At Risk,Uttar Pradesh,Lucknow,T30,36-45,Female,28.1,Verified
INV001655,2024-05-08,2024-09-07,4,39953,97.0,40.67,At Risk,Delhi,New Delhi,T30,26-35,Male,8.0,Verified
INV001656,2024-02-18,2025-04-12,8,78037,246.0,59.86,At Risk,Madhya Pradesh,Bhopal,B30,26-35,Male,19.4,Verified
INV001658,2024-02-21,2025-04-18,5,75593,254.0,105.5,At Risk,Rajasthan,Jaipur,T30,36-45,Female,48.4,Verified
INV001659,2024-11-19,2024-12-30,2,36217,41.0,41.0,At Risk,Uttar Pradesh,Lucknow,T30,36-45,Female,42.2,Verified
INV001660,2024-03-30,2025-04-28,4,17522,253.0,131.33,At Risk,Karnataka,Bangalore,T30,18-25,Female,6.4,Verified
INV001661,2024-02-21,2025-03-18,3,16743,292.0,195.5,At Risk,Uttar Pradesh,Lucknow,T30,56+,Female,26.4,Verified
INV001662,2024-01-22,2024-11-18,6,67445,147.0,60.2,At Risk,Delhi,Gurugram,T30,36-45,Male,45.6,Verified
INV001663,2024-05-20,2025-03-13,5,44989,123.0,74.25,At Risk,Gujarat,Surat,T30,36-45,Female,29.2,Verified
INV001664,2024-04-25,2024-04-25,1,2622,0.0,0.0,Continuous,Karnataka,Mysore,B30,36-45,Female,30.3,Verified
INV001665,2024-01-01,2024-08-21,3,6533,125.0,116.5,At Risk,Telangana,Hyderabad,T30,36-45,Male,35.1,Verified
INV001666,2024-07-07,2024-12-20,4,63901,94.0,55.33,At Risk,Madhya Pradesh,Bhopal,B30,36-45,Male,58.1,Pending
INV001667,2025-03-30,2025-03-30,1,8839,0.0,0.0,Continuous,Delhi,New Delhi,T30,36-45,Female,14.1,Verified
INV001668,2024-06-02,2024-06-02,1,7150,0.0,0.0,Continuous,Rajasthan,Udaipur,B30,36-45,Female,22.4,Verified
INV001669,2024-07-03,2024-08-01,3,25435,15.0,14.5,Continuous,West Bengal,Kolkata,T30,26-35,Female,6.3,Verified
INV001670,2024-03-31,2025-02-01,4,84713,224.0,102.33,At Risk,West Bengal,Kolkata,T30,26-35,Male,16.5,Verified
INV001671,2024-04-10,2025-04-17,4,10205,346.0,124.0,At Risk,Punjab,Chandigarh,T30,56+,Male,31.2,Verified
INV001672,2024-03-30,2024-12-27,9,90532,130.0,34.0,At Risk,Maharashtra,Pune,T30,18-25,Male,5.4,Pending
INV001673,2024-01-11,2025-05-18,11,81749,181.0,49.3,At Risk,West Bengal,Kolkata,T30,26-35,Male,23.0,Verified
INV001674,2024-06-12,2025-02-23,4,10998,144.0,85.33,At Risk,Delhi,Noida,T30,26-35,Male,12.0,Verified
INV001676,2025-03-26,2025-03-26,1,12751,0.0,0.0,Continuous,Haryana,Faridabad,B30,56+,Female,30.9,Verified
INV001677,2024-04-25,2025-05-10,2,1987,380.0,380.0,At Risk,Rajasthan,Udaipur,B30,26-35,Male,23.2,Verified
INV001678,2024-09-05,2024-09-05,1,8527,0.0,0.0,Continuous,Delhi,New Delhi,T30,36-45,Female,38.8,Verified
INV001679,2024-01-10,2025-02-16,4,48077,263.0,134.33,At Risk,Haryana,Faridabad,B30,36-45,Female,46.7,Verified
INV001680,2024-01-10,2025-04-25,9,47015,200.0,58.88,At Risk,Madhya Pradesh,Indore,T30,26-35,Male,22.8,Verified
INV001681,2024-04-03,2025-02-27,2,3536,330.0,330.0,At Risk,West Bengal,Kolkata,T30,26-35,Male,8.5,Verified
INV001682,2024-11-18,2024-11-18,1,936,0.0,0.0,Continuous,Telangana,Hyderabad,T30,26-35,Male,18.6,Verified
INV001683,2024-03-08,2025-05-17,7,80088,186.0,72.5,At Risk,Haryana,Gurugram,T30,26-35,Male,8.7,Verified
INV001684,2024-05-17,2025-03-19,3,45978,240.0,153.0,At Risk,Uttar Pradesh,Lucknow,T30,36-45,Male,51.6,Verified
INV001685,2024-09-14,2024-10-28,2,3921,44.0,44.0,At Risk,Punjab,Amritsar,B30,26-35,Male,14.5,Verified
INV001686,2025-05-14,2025-05-14,1,55540,0.0,0.0,Continuous,Rajasthan,Jaipur,T30,26-35,Male,7.5,Verified
INV001687,2024-02-08,2024-11-17,4,20826,227.0,94.33,At Risk,West Bengal,Kolkata,T30,26-35,Male,7.6,Verified
INV001688,2024-05-10,2025-05-07,3,20931,279.0,181.0,At Risk,Gujarat,Ahmedabad,T30,26-35,Male,7.7,Verified
INV001689,2024-03-25,2025-05-17,6,59823,153.0,83.6,At Risk,Haryana,Faridabad,B30,36-45,Male,40.4,Verified
INV001690,2024-01-14,2025-05-15,7,62532,114.0,81.17,At Risk,Rajasthan,Jaipur,T30,36-45,Male,27.6,Verified
INV001691,2024-03-15,2025-04-29,6,40648,254.0,82.0,At Risk,Maharashtra,Mumbai,T30,26-35,Male,10.3,Verified
INV001692,2024-01-09,2024-02-12,2,20440,34.0,34.0,Continuous,Rajasthan,Jaipur,T30,26-35,Male,11.7,Verified
INV001693,2024-05-18,2025-03-26,3,10973,257.0,156.0,At Risk,Tamil Nadu,Coimbatore,B30,36-45,Male,49.0,Verified
INV001694,2024-02-05,2025-05-13,8,146945,144.0,66.14,At Risk,Punjab,Amritsar,B30,46-55,Female,36.8,Verified
INV001695,2024-02-24,2024-08-13,5,82325,82.0,42.75,At Risk,Punjab,Amritsar,B30,36-45,Male,24.0,Verified
INV001696,2024-01-08,2025-03-22,4,25192,243.0,146.33,At Risk,West Bengal,Kolkata,T30,56+,Female,55.8,Pending
INV001697,2024-01-08,2025-05-22,9,118132,287.0,62.5,At Risk,Haryana,Gurugram,T30,18-25,Male,5.4,Verified
INV001698,2025-04-17,2025-04-17,1,10016,0.0,0.0,Continuous,Maharashtra,Mumbai,T30,26-35,Male,9.7,Verified
INV001699,2024-01-02,2025-02-21,6,103956,183.0,83.2,At Risk,Madhya Pradesh,Indore,T30,26-35,Male,24.6,Verified
INV001700,2024-02-02,2024-02-02,1,556,0.0,0.0,Continuous,Maharashtra,Mumbai,T30,46-55,Male,88.3,Verified
INV001701,2024-03-12,2025-05-26,5,25429,262.0,110.0,At Risk,Karnataka,Mysore,B30,26-35,Female,24.4,Verified
INV001702,2024-02-02,2024-02-02,1,406,0.0,0.0,Continuous,Rajasthan,Udaipur,B30,26-35,Male,9.9,Verified
INV001703,2025-02-07,2025-02-07,1,2959,0.0,0.0,Continuous,Madhya Pradesh,Indore,T30,46-55,Male,92.6,Verified
INV001705,2024-02-08,2024-07-31,4,51441,85.0,58.0,At Risk,Haryana,Faridabad,B30,46-55,Male,84.3,Verified
INV001706,2024-02-25,2025-03-07,5,43430,269.0,94.0,At Risk,West Bengal,Kolkata,T30,26-35,Male,14.2,Verified
INV001707,2024-01-27,2024-12-06,2,8387,314.0,314.0,At Risk,Punjab,Chandigarh,T30,26-35,Male,9.5,Verified
INV001708,2024-02-06,2025-01-13,3,45877,327.0,171.0,At Risk,Haryana,Faridabad,B30,18-25,Male,7.7,Pending
INV001709,2024-01-10,2024-09-25,6,50259,84.0,51.8,At Risk,Delhi,New Delhi,T30,36-45,Male,55.9,Verified
INV001710,2024-09-26,2024-09-26,1,7463,0.0,0.0,Continuous,Delhi,New Delhi,T30,56+,Male,33.0,Verified
INV001711,2024-03-13,2025-04-12,7,26390,189.0,65.83,At Risk,Madhya Pradesh,Bhopal,B30,46-55,Male,99.0,Verified
INV001712,2024-03-29,2025-02-25,6,66274,144.0,66.6,At Risk,West Bengal,Kolkata,T30,18-25,Male,6.2,Verified
INV001713,2024-05-02,2025-03-19,5,75538,168.0,80.25,At Risk,Uttar Pradesh,Agra,B30,46-55,Male,61.5,Pending
INV001714,2024-05-22,2025-02-12,3,41699,247.0,133.0,At Risk,West Bengal,Kolkata,T30,18-25,Male,5.9,Verified
INV001715,2024-01-31,2025-05-23,8,103613,188.0,68.29,At Risk,Gujarat,Surat,T30,18-25,Male,7.7,Verified
INV001716,2024-02-14,2024-09-28,4,27465,113.0,75.67,At Risk,Haryana,Gurugram,T30,36-45,Male,45.0,Verified
INV001718,2024-02-09,2025-04-04,6,151909,237.0,84.0,At Risk,Gujarat,Ahmedabad,T30,26-35,Male,11.3,Verified
INV001719,2024-05-29,2024-12-22,3,30937,121.0,103.5,At Risk,Rajasthan,Udaipur,B30,26-35,Male,19.2,Verified
INV001720,2024-03-11,2025-04-29,5,47549,212.0,103.5,At Risk,Karnataka,Mysore,B30,36-45,Male,43.6,Verified
INV001721,2024-03-28,2025-05-20,4,20770,208.0,139.33,At Risk,Punjab,Amritsar,B30,26-35,Male,10.8,Verified
INV001722,2024-03-08,2025-03-26,3,58322,291.0,191.5,At Risk,Delhi,Noida,T30,36-45,Female,55.0,Verified
INV001723,2024-01-07,2024-02-21,3,77448,27.0,22.5,Continuous,Tamil Nadu,Chennai,T30,26-35,Male,14.2,Verified
INV001724,2024-02-18,2025-04-11,7,87580,134.0,69.67,At Risk,Madhya Pradesh,Indore,T30,26-35,Female,11.9,Verified
INV001725,2024-02-20,2025-04-26,5,34638,212.0,107.75,At Risk,Tamil Nadu,Coimbatore,B30,36-45,Male,30.0,Verified
INV001726,2024-07-30,2024-07-30,1,2083,0.0,0.0,Continuous,Rajasthan,Udaipur,B30,26-35,Male,19.5,Pending
INV001727,2024-01-02,2024-10-18,3,24943,244.0,145.0,At Risk,Gujarat,Surat,T30,46-55,Female,74.1,Verified
INV001728,2024-01-15,2025-01-03,8,142998,131.0,50.57,At Risk,Karnataka,Bangalore,T30,26-35,Male,17.0,Verified
INV001729,2024-05-24,2024-05-24,1,4667,0.0,0.0,Continuous,Uttar Pradesh,Kanpur,B30,18-25,Male,4.1,Pending
INV001730,2024-10-27,2024-11-13,2,25174,17.0,17.0,Continuous,Telangana,Hyderabad,T30,26-35,Male,13.0,Verified
INV001731,2024-06-24,2025-04-30,2,3122,310.0,310.0,At Risk,Madhya Pradesh,Bhopal,B30,46-55,Male,30.4,Verified
INV001732,2024-02-08,2025-05-14,4,31632,256.0,153.67,At Risk,Gujarat,Surat,T30,18-25,Female,5.7,Verified
INV001733,2024-09-29,2024-09-29,1,24497,0.0,0.0,Continuous,Tamil Nadu,Coimbatore,B30,36-45,Female,29.5,Verified
INV001734,2024-02-14,2025-02-04,4,6210,187.0,118.67,At Risk,Karnataka,Bangalore,T30,36-45,Female,16.3,Verified
INV001735,2024-01-07,2025-04-25,5,63636,234.0,118.5,At Risk,Maharashtra,Pune,T30,56+,Male,41.9,Verified
INV001736,2024-06-08,2025-05-11,4,12162,185.0,112.33,At Risk,Rajasthan,Udaipur,B30,46-55,Female,69.5,Verified
INV001737,2024-02-08,2025-01-14,7,103141,191.0,56.83,At Risk,Telangana,Hyderabad,T30,26-35,Female,10.1,Verified
INV001738,2024-02-24,2025-03-10,9,157288,153.0,47.5,At Risk,Karnataka,Bangalore,T30,36-45,Female,41.2,Verified
INV001739,2024-02-28,2025-04-23,9,113721,96.0,52.5,At Risk,West Bengal,Kolkata,T30,36-45,Female,45.5,Verified
INV001740,2024-03-24,2025-05-27,5,70454,206.0,107.25,At Risk,Uttar Pradesh,Kanpur,B30,36-45,Female,53.9,Verified
INV001741,2024-02-14,2025-05-06,6,94729,260.0,89.4,At Risk,Rajasthan,Udaipur,B30,36-45,Male,52.8,Verified
INV001742,2024-04-15,2024-11-08,5,61873,111.0,51.75,At Risk,Haryana,Gurugram,T30,18-25,Male,3.5,Verified
INV001743,2024-08-08,2024-10-19,3,96103,67.0,36.0,At Risk,Telangana,Hyderabad,T30,26-35,Male,23.5,Verified
INV001744,2024-01-11,2025-04-26,7,84479,155.0,78.5,At Risk,Karnataka,Mysore,B30,26-35,Male,15.9,Verified
INV001745,2024-05-28,2025-05-03,3,7130,288.0,170.0,At Risk,Madhya Pradesh,Indore,T30,18-25,Male,7.3,Verified
INV001746,2024-03-06,2024-11-28,5,59414,186.0,66.75,At Risk,Rajasthan,Udaipur,B30,26-35,Male,11.2,Verified
INV001747,2024-01-30,2025-05-04,5,163668,403.0,115.0,At Risk,Madhya Pradesh,Indore,T30,18-25,Female,3.8,Verified
INV001748,2024-01-19,2024-08-08,3,7790,199.0,101.0,At Risk,Gujarat,Ahmedabad,T30,36-45,Female,16.2,Verified
INV001749,2025-03-29,2025-03-29,1,45901,0.0,0.0,Continuous,West Bengal,Kolkata,T30,46-55,Female,41.3,Verified
INV001750,2024-07-16,2025-04-28,2,12060,286.0,286.0,At Risk,Telangana,Hyderabad,T30,36-45,Female,38.8,Verified
INV001751,2024-09-09,2025-01-23,4,31172,67.0,45.33,At Risk,Tamil Nadu,Coimbatore,B30,18-25,Male,6.8,Verified
INV001752,2024-02-25,2025-04-16,7,50982,170.0,69.33,At Risk,Rajasthan,Udaipur,B30,26-35,Female,13.4,Verified
INV001753,2024-03-07,2025-05-09,11,111704,128.0,42.8,At Risk,Rajasthan,Jaipur,T30,26-35,Male,10.0,Verified
INV001754,2024-11-10,2025-03-27,3,33899,69.0,68.5,At Risk,Maharashtra,Nashik,B30,46-55,Female,56.1,Verified
INV001757,2024-04-01,2025-04-25,8,16121,121.0,55.57,At Risk,Telangana,Hyderabad,T30,46-55,Male,87.3,Verified
INV001758,2024-08-24,2025-05-05,4,47229,135.0,84.67,At Risk,Gujarat,Surat,T30,18-25,Female,7.9,Verified
INV001759,2024-02-17,2025-05-08,10,108215,126.0,49.56,At Risk,Haryana,Faridabad,B30,36-45,Female,25.6,Verified
INV001760,2024-03-30,2025-02-19,3,21348,221.0,163.0,At Risk,Haryana,Faridabad,B30,46-55,Male,77.0,Verified
INV001761,2025-05-13,2025-05-13,1,2073,0.0,0.0,Continuous,Madhya Pradesh,Indore,T30,26-35,Male,13.0,Verified
INV001762,2024-02-11,2024-09-23,4,21928,93.0,75.0,At Risk,Punjab,Amritsar,B30,18-25,Female,7.5,Verified
INV001763,2024-06-12,2025-03-02,3,84161,149.0,131.5,At Risk,Uttar Pradesh,Lucknow,T30,46-55,Male,42.0,Pending
INV001764,2024-02-23,2024-12-14,3,10536,256.0,147.5,At Risk,Rajasthan,Udaipur,B30,46-55,Female,28.1,Verified
INV001765,2024-02-14,2025-02-22,4,13187,278.0,124.67,At Risk,Uttar Pradesh,Kanpur,B30,46-55,Male,95.2,Verified
INV001766,2024-02-21,2024-08-05,2,12011,166.0,166.0,At Risk,Delhi,Gurugram,T30,46-55,Female,69.8,Verified
INV001768,2024-03-20,2024-03-22,2,4586,2.0,2.0,Continuous,Madhya Pradesh,Bhopal,B30,26-35,Female,14.1,Verified
INV001769,2024-01-03,2025-05-07,6,28957,166.0,98.0,At Risk,Punjab,Chandigarh,T30,18-25,Male,7.4,Pending
INV001770,2024-10-02,2025-05-18,5,16886,166.0,57.0,At Risk,Telangana,Hyderabad,T30,18-25,Male,6.3,Verified
INV001771,2024-03-19,2024-03-19,1,22539,0.0,0.0,Continuous,Gujarat,Surat,T30,46-55,Male,85.9,Verified
INV001772,2024-01-21,2025-05-10,6,113146,184.0,95.0,At Risk,Telangana,Hyderabad,T30,36-45,Male,31.2,Verified
INV001773,2024-02-01,2024-09-03,5,43212,130.0,53.75,At Risk,Punjab,Chandigarh,T30,26-35,Male,21.4,Verified
INV001774,2024-01-27,2024-10-12,3,11318,155.0,129.5,At Risk,Maharashtra,Nashik,B30,56+,Male,32.0,Verified
INV001775,2024-10-12,2025-05-04,8,92864,65.0,29.14,At Risk,Uttar Pradesh,Kanpur,B30,26-35,Female,8.3,Verified
INV001776,2025-05-22,2025-05-22,1,2999,0.0,0.0,Continuous,Uttar Pradesh,Kanpur,B30,26-35,Female,24.1,Verified
INV001777,2024-01-27,2025-05-02,9,115340,156.0,57.62,At Risk,West Bengal,Kolkata,T30,18-25,Female,7.6,Verified
INV001778,2024-01-10,2025-03-30,8,54721,283.0,63.57,At Risk,Maharashtra,Mumbai,T30,26-35,Male,9.7,Pending
INV001779,2024-10-27,2024-10-27,1,15908,0.0,0.0,Continuous,Telangana,Hyderabad,T30,36-45,Male,27.4,Verified
INV001780,2024-07-03,2024-07-03,1,15367,0.0,0.0,Continuous,Punjab,Amritsar,B30,46-55,Male,84.1,Verified
INV001781,2024-04-28,2025-02-20,3,13538,153.0,149.0,At Risk,Punjab,Amritsar,B30,36-45,Male,58.6,Verified
INV001782,2024-06-24,2024-12-07,4,67852,99.0,55.33,At Risk,Uttar Pradesh,Agra,B30,36-45,Female,47.5,Verified
INV001783,2024-01-16,2024-10-07,4,97348,156.0,88.33,At Risk,Madhya Pradesh,Bhopal,B30,36-45,Female,52.6,Verified
INV001784,2024-03-10,2025-03-25,5,77498,194.0,95.0,At Risk,Madhya Pradesh,Bhopal,B30,26-35,Male,15.5,Verified
INV001785,2024-04-10,2025-05-19,3,60168,383.0,202.0,At Risk,Karnataka,Mysore,B30,26-35,Male,14.5,Verified
INV001786,2024-08-10,2024-08-10,1,552,0.0,0.0,Continuous,Madhya Pradesh,Indore,T30,18-25,Male,7.8,Verified
INV001787,2024-06-23,2024-08-24,2,16757,62.0,62.0,At Risk,Maharashtra,Nashik,B30,56+,Female,37.0,Verified
INV001788,2024-12-29,2025-04-08,3,103219,93.0,50.0,At Risk,Tamil Nadu,Chennai,T30,18-25,Female,4.8,Verified
INV001789,2024-05-25,2024-09-12,2,46694,110.0,110.0,At Risk,Gujarat,Surat,T30,18-25,Male,4.4,Pending
INV001790,2024-03-20,2025-04-25,4,58688,354.0,133.67,At Risk,Punjab,Chandigarh,T30,46-55,Male,15.8,Pending
INV001791,2024-04-15,2025-01-14,3,47719,204.0,137.0,At Risk,Delhi,New Delhi,T30,26-35,Male,13.3,Pending
INV001792,2024-02-16,2024-12-04,5,58999,126.0,73.0,At Risk,Gujarat,Ahmedabad,T30,26-35,Female,18.8,Verified
INV001793,2024-04-08,2024-04-08,1,6744,0.0,0.0,Continuous,Karnataka,Mysore,B30,36-45,Female,22.5,Verified
INV001794,2024-04-20,2025-01-28,5,99019,224.0,70.75,At Risk,Haryana,Gurugram,T30,26-35,Male,23.2,Verified
INV001795,2024-02-21,2025-03-20,3,57110,389.0,196.5,At Risk,Madhya Pradesh,Indore,T30,46-55,Male,17.7,Verified
INV001796,2024-08-27,2024-11-03,3,13849,54.0,34.0,At Risk,Telangana,Hyderabad,T30,18-25,Male,6.7,Verified
INV001797,2024-02-07,2025-05-30,7,45355,132.0,79.67,At Risk,Punjab,Amritsar,B30,26-35,Female,6.8,Verified
INV001798,2024-04-14,2024-10-27,5,101313,118.0,49.0,At Risk,Tamil Nadu,Chennai,T30,36-45,Female,21.3,Verified
INV001799,2024-05-02,2025-01-22,4,22338,198.0,88.33,At Risk,Rajasthan,Udaipur,B30,56+,Female,45.2,Verified
INV001800,2024-01-15,2024-11-08,7,100392,132.0,49.67,At Risk,Tamil Nadu,Chennai,T30,26-35,Female,12.8,Verified
INV001801,2024-05-12,2025-04-20,5,32173,128.0,85.75,At Risk,Delhi,New Delhi,T30,36-45,Male,44.3,Verified
INV001802,2024-05-02,2025-05-07,7,99376,151.0,61.67,At Risk,Punjab,Chandigarh,T30,46-55,Male,77.7,Verified
INV001803,2024-05-25,2025-03-16,6,29638,127.0,59.0,At Risk,Rajasthan,Udaipur,B30,26-35,Female,20.6,Verified
INV001804,2024-02-06,2025-03-03,8,97734,126.0,55.86,At Risk,Punjab,Amritsar,B30,26-35,Male,20.1,Verified
INV001805,2024-05-10,2024-10-29,4,63361,100.0,57.33,At Risk,Gujarat,Ahmedabad,T30,36-45,Male,44.9,Verified
INV001806,2024-01-04,2025-02-27,8,98260,209.0,60.0,At Risk,Telangana,Hyderabad,T30,36-45,Male,32.6,Verified
INV001809,2024-01-21,2025-05-13,6,66937,249.0,95.6,At Risk,Telangana,Hyderabad,T30,46-55,Male,80.5,Verified
INV001810,2024-07-12,2025-04-06,5,21300,142.0,67.0,At Risk,Uttar Pradesh,Kanpur,B30,26-35,Female,10.1,Verified
INV001811,2024-03-04,2025-05-12,9,234390,196.0,54.25,At Risk,Punjab,Amritsar,B30,18-25,Male,7.8,Verified
INV001813,2024-08-22,2025-05-29,3,33823,191.0,140.0,At Risk,Karnataka,Mysore,B30,36-45,Male,27.0,Verified
INV001814,2024-02-11,2025-03-13,5,43008,169.0,99.0,At Risk,West Bengal,Kolkata,T30,26-35,Female,6.9,Verified
INV001815,2024-04-30,2024-09-10,4,64065,90.0,44.33,At Risk,West Bengal,Kolkata,T30,26-35,Female,23.7,Pending
INV001816,2024-09-16,2025-02-16,4,89593,76.0,51.0,At Risk,Telangana,Hyderabad,T30,26-35,Male,9.0,Verified
INV001817,2024-07-28,2024-07-28,1,522,0.0,0.0,Continuous,Maharashtra,Nashik,B30,26-35,Male,13.1,Verified
INV001818,2024-04-24,2024-04-24,1,1629,0.0,0.0,Continuous,Telangana,Hyderabad,T30,46-55,Male,66.2,Verified
INV001819,2024-01-20,2024-07-27,2,7448,189.0,189.0,At Risk,West Bengal,Kolkata,T30,26-35,Male,11.9,Verified
INV001820,2024-03-11,2025-04-20,4,13161,178.0,135.0,At Risk,Maharashtra,Mumbai,T30,36-45,Female,39.3,Verified
INV001821,2024-04-14,2025-03-14,3,21196,293.0,167.0,At Risk,Delhi,Gurugram,T30,26-35,Male,8.7,Verified
INV001822,2024-03-16,2024-06-23,6,43103,43.0,19.8,At Risk,Gujarat,Ahmedabad,T30,36-45,Male,59.6,Verified
INV001823,2024-01-25,2025-03-07,8,30886,172.0,58.14,At Risk,Tamil Nadu,Coimbatore,B30,26-35,Male,17.1,Verified
INV001824,2024-02-08,2024-02-08,1,890,0.0,0.0,Continuous,Tamil Nadu,Coimbatore,B30,26-35,Female,8.9,Verified
INV001825,2024-06-24,2025-03-15,4,40031,155.0,88.0,At Risk,Haryana,Faridabad,B30,26-35,Male,21.7,Verified
INV001826,2024-02-25,2024-11-07,6,43001,128.0,51.2,At Risk,Punjab,Amritsar,B30,18-25,Male,4.7,Verified
INV001827,2024-02-01,2025-05-21,5,82187,234.0,118.75,At Risk,Haryana,Faridabad,B30,36-45,Female,54.3,Verified
INV001828,2024-01-23,2024-11-29,8,57282,91.0,44.43,At Risk,Gujarat,Surat,T30,36-45,Male,27.7,Verified
INV001829,2024-07-02,2025-05-18,4,18129,170.0,106.67,At Risk,Punjab,Chandigarh,T30,26-35,Male,22.7,Verified
INV001830,2024-04-29,2024-11-13,3,13921,112.0,99.0,At Risk,Karnataka,Bangalore,T30,26-35,Male,6.2,Verified
INV001831,2024-03-03,2025-03-02,6,47766,181.0,72.8,At Risk,Madhya Pradesh,Indore,T30,18-25,Female,4.3,Verified
INV001832,2024-03-15,2024-11-06,4,26550,128.0,78.67,At Risk,Punjab,Chandigarh,T30,18-25,Male,3.8,Verified
INV001833,2024-02-01,2024-10-09,5,34133,163.0,62.75,At Risk,Karnataka,Bangalore,T30,36-45,Female,28.4,Verified
INV001834,2024-05-04,2025-04-01,4,36572,178.0,110.67,At Risk,Gujarat,Ahmedabad,T30,26-35,Male,11.4,Verified
INV001835,2024-04-03,2024-11-11,5,74350,61.0,55.5,At Risk,Delhi,Noida,T30,26-35,Female,13.2,Verified
INV001836,2024-05-16,2025-02-11,5,4432,112.0,67.75,At Risk,Uttar Pradesh,Agra,B30,26-35,Male,17.4,Verified
INV001837,2024-03-15,2025-03-27,7,75034,157.0,62.83,At Risk,Uttar Pradesh,Agra,B30,18-25,Male,5.5,Verified
INV001838,2025-05-30,2025-05-30,1,2175,0.0,0.0,Continuous,Uttar Pradesh,Kanpur,B30,46-55,Male,27.6,Verified
INV001839,2024-02-17,2025-03-25,3,5888,391.0,201.0,At Risk,Punjab,Chandigarh,T30,26-35,Male,18.6,Verified
INV001840,2024-07-11,2024-07-11,1,26708,0.0,0.0,Continuous,Uttar Pradesh,Agra,B30,18-25,Male,5.6,Verified
INV001841,2024-06-21,2025-03-29,6,48729,129.0,56.2,At Risk,Madhya Pradesh,Bhopal,B30,36-45,Male,41.3,Verified
INV001842,2024-02-23,2025-04-24,4,37118,248.0,142.0,At Risk,Gujarat,Surat,T30,26-35,Male,14.4,Verified
INV001843,2024-05-12,2025-04-18,4,10052,178.0,113.67,At Risk,West Bengal,Kolkata,T30,46-55,Male,51.9,Verified
INV001844,2024-04-15,2025-04-12,2,21437,362.0,362.0,At Risk,West Bengal,Kolkata,T30,26-35,Female,18.8,Verified
INV001845,2024-03-24,2025-05-12,3,18663,255.0,207.0,At Risk,Uttar Pradesh,Agra,B30,26-35,Female,14.8,Verified
INV001846,2024-08-03,2025-02-18,3,26001,183.0,99.5,At Risk,Uttar Pradesh,Kanpur,B30,56+,Male,72.3,Verified
INV001847,2024-09-23,2025-04-30,2,9507,219.0,219.0,At Risk,Maharashtra,Nashik,B30,56+,Male,53.4,Verified
INV001848,2024-01-06,2025-05-01,4,66991,270.0,160.33,At Risk,Punjab,Chandigarh,T30,26-35,Male,10.9,Verified
INV001849,2024-03-13,2025-04-27,4,52191,169.0,136.67,At Risk,Gujarat,Ahmedabad,T30,36-45,Female,49.3,Verified
INV001850,2024-02-26,2024-10-10,2,7955,227.0,227.0,At Risk,Uttar Pradesh,Kanpur,B30,26-35,Male,17.1,Pending
INV001851,2024-05-13,2025-04-07,4,81768,223.0,109.67,At Risk,Gujarat,Ahmedabad,T30,26-35,Male,16.2,Verified
INV001852,2024-01-14,2024-12-16,4,49356,187.0,112.33,At Risk,Telangana,Hyderabad,T30,26-35,Male,21.7,Verified
INV001853,2024-02-20,2025-01-17,8,158089,95.0,47.43,At Risk,Delhi,Noida,T30,18-25,Male,6.1,Verified
INV001854,2024-12-20,2024-12-20,1,3282,0.0,0.0,Continuous,Uttar Pradesh,Kanpur,B30,46-55,Male,67.3,Verified
INV001855,2024-07-28,2025-01-03,2,12739,159.0,159.0,At Risk,Uttar Pradesh,Lucknow,T30,26-35,Male,22.2,Verified
INV001856,2024-01-30,2025-02-08,4,15060,321.0,125.0,At Risk,Delhi,New Delhi,T30,36-45,Female,43.5,Verified
INV001857,2024-02-22,2025-05-18,4,38534,310.0,150.33,At Risk,Tamil Nadu,Chennai,T30,26-35,Male,24.0,Verified
INV001858,2024-04-05,2025-04-26,8,111198,261.0,55.14,At Risk,Punjab,Amritsar,B30,36-45,Male,16.6,Verified
INV001859,2024-01-16,2025-02-11,3,29372,197.0,196.0,At Risk,Maharashtra,Nashik,B30,36-45,Male,32.2,Verified
INV001860,2024-01-03,2025-05-11,2,44713,494.0,494.0,At Risk,Karnataka,Mysore,B30,26-35,Female,9.0,Verified
INV001861,2024-07-09,2025-01-30,5,17295,96.0,51.25,At Risk,Haryana,Gurugram,T30,26-35,Female,19.4,Verified
INV001862,2024-11-30,2024-11-30,1,20468,0.0,0.0,Continuous,Delhi,Gurugram,T30,26-35,Male,17.5,Verified
INV001863,2025-05-24,2025-05-27,2,29794,3.0,3.0,Continuous,Rajasthan,Jaipur,T30,36-45,Male,24.2,Verified
INV001865,2024-01-11,2025-01-26,7,37490,145.0,63.5,At Risk,Telangana,Hyderabad,T30,18-25,Female,4.3,Verified
INV001866,2024-02-27,2024-12-17,6,52342,117.0,58.8,At Risk,Telangana,Hyderabad,T30,36-45,Female,33.9,Verified
INV001867,2024-01-16,2025-03-21,4,9674,350.0,143.33,At Risk,Rajasthan,Jaipur,T30,26-35,Male,22.1,Verified
INV001868,2024-01-18,2024-12-31,4,13180,181.0,116.0,At Risk,Tamil Nadu,Coimbatore,B30,26-35,Male,17.3,Verified
INV001869,2025-01-02,2025-01-02,1,59835,0.0,0.0,Continuous,Uttar Pradesh,Lucknow,T30,46-55,Male,30.6,Verified
INV001870,2024-01-06,2025-04-06,7,151119,164.0,76.0,At Risk,Madhya Pradesh,Indore,T30,26-35,Male,19.3,Verified
INV001871,2024-01-26,2024-12-21,7,104709,101.0,55.0,At Risk,Delhi,Gurugram,T30,56+,Male,13.9,Verified
INV001872,2024-04-15,2025-02-13,3,9784,246.0,152.0,At Risk,Madhya Pradesh,Indore,T30,26-35,Male,23.0,Verified
INV001873,2024-01-10,2024-05-26,3,53455,83.0,68.5,At Risk,Telangana,Hyderabad,T30,36-45,Female,38.9,Verified
INV001874,2024-07-09,2025-05-20,4,41956,203.0,105.0,At Risk,Telangana,Hyderabad,T30,36-45,Male,21.3,Verified
INV001875,2025-02-04,2025-03-25,2,31773,49.0,49.0,At Risk,Karnataka,Mysore,B30,56+,Female,64.4,Verified
INV001876,2024-02-25,2024-11-10,3,12279,235.0,129.5,At Risk,Delhi,Gurugram,T30,36-45,Male,13.3,Pending
INV001877,2024-05-15,2025-04-09,5,45931,123.0,82.25,At Risk,Tamil Nadu,Coimbatore,B30,56+,Male,62.1,Verified
INV001878,2025-01-20,2025-01-23,2,8610,3.0,3.0,Continuous,West Bengal,Kolkata,T30,26-35,Male,7.8,Pending
INV001879,2024-01-29,2025-05-11,5,34365,202.0,117.0,At Risk,Uttar Pradesh,Lucknow,T30,18-25,Female,6.3,Verified
INV001880,2024-08-30,2025-04-30,5,52081,119.0,60.75,At Risk,Madhya Pradesh,Bhopal,B30,26-35,Male,23.0,Verified
INV001881,2024-01-09,2024-08-29,5,44698,120.0,58.25,At Risk,Telangana,Hyderabad,T30,26-35,Male,11.2,Verified
INV001882,2024-08-06,2025-03-15,3,6705,113.0,110.5,At Risk,Rajasthan,Udaipur,B30,26-35,Male,22.9,Verified
INV001883,2024-01-16,2025-05-26,6,16745,203.0,99.2,At Risk,Maharashtra,Pune,T30,46-55,Male,69.3,Verified
INV001885,2024-03-05,2025-02-24,6,16314,128.0,71.2,At Risk,Karnataka,Bangalore,T30,26-35,Male,18.8,Verified
INV001886,2024-03-17,2025-04-27,9,73898,129.0,50.75,At Risk,Haryana,Gurugram,T30,18-25,Male,7.7,Pending
INV001887,2024-01-30,2025-05-12,3,25054,430.0,234.0,At Risk,Karnataka,Mysore,B30,26-35,Female,8.1,Verified
INV001888,2024-06-26,2025-04-04,5,50301,139.0,70.5,At Risk,Delhi,New Delhi,T30,18-25,Female,6.4,Verified
INV001890,2024-01-02,2025-05-29,6,7890,207.0,102.6,At Risk,Madhya Pradesh,Bhopal,B30,26-35,Male,21.9,Verified
INV001891,2024-02-03,2025-05-30,6,22169,261.0,96.4,At Risk,West Bengal,Kolkata,T30,26-35,Male,22.2,Pending
INV001892,2024-04-17,2025-04-01,3,50039,207.0,174.5,At Risk,Rajasthan,Udaipur,B30,26-35,Male,18.9,Verified
INV001893,2024-07-12,2025-04-11,5,47332,132.0,68.25,At Risk,Punjab,Chandigarh,T30,26-35,Female,12.7,Verified
INV001895,2024-05-18,2024-05-18,1,8543,0.0,0.0,Continuous,Gujarat,Ahmedabad,T30,36-45,Male,56.4,Verified
INV001896,2024-04-26,2024-12-14,4,67574,145.0,77.33,At Risk,Tamil Nadu,Chennai,T30,36-45,Male,37.1,Verified
INV001897,2024-09-05,2025-02-15,3,9911,101.0,81.5,At Risk,Maharashtra,Mumbai,T30,26-35,Male,8.6,Verified
INV001899,2024-01-20,2025-04-18,5,43812,214.0,113.5,At Risk,Gujarat,Ahmedabad,T30,26-35,Male,7.6,Pending
INV001900,2024-07-10,2025-05-06,5,25240,146.0,75.0,At Risk,Tamil Nadu,Coimbatore,B30,36-45,Female,19.7,Verified
INV001901,2025-05-01,2025-05-01,1,13317,0.0,0.0,Continuous,Delhi,New Delhi,T30,18-25,Female,3.4,Verified
INV001902,2024-01-06,2024-01-06,1,2179,0.0,0.0,Continuous,Punjab,Chandigarh,T30,46-55,Female,22.2,Verified
INV001903,2024-01-20,2024-09-26,5,75112,190.0,62.5,At Risk,Delhi,New Delhi,T30,26-35,Female,8.8,Verified
INV001904,2024-06-04,2024-06-04,1,1985,0.0,0.0,Continuous,West Bengal,Kolkata,T30,36-45,Female,55.0,Verified
INV001905,2024-07-10,2025-05-08,4,52995,185.0,100.67,At Risk,Tamil Nadu,Chennai,T30,26-35,Male,19.2,Verified
INV001906,2024-09-25,2025-04-07,3,87034,111.0,97.0,At Risk,Tamil Nadu,Coimbatore,B30,36-45,Female,55.6,Verified
INV001908,2024-10-28,2024-10-28,1,508,0.0,0.0,Continuous,Uttar Pradesh,Kanpur,B30,26-35,Female,22.6,Pending
INV001909,2024-02-21,2025-05-01,8,77716,121.0,62.14,At Risk,Telangana,Hyderabad,T30,36-45,Male,34.2,Verified
INV001910,2025-02-11,2025-02-11,1,20518,0.0,0.0,Continuous,Karnataka,Mysore,B30,26-35,Female,15.2,Verified
INV001911,2024-04-22,2024-07-21,3,61400,86.0,45.0,At Risk,Gujarat,Surat,T30,46-55,Male,91.9,Verified
INV001912,2024-01-16,2025-03-23,6,72585,256.0,86.4,At Risk,Haryana,Gurugram,T30,26-35,Male,10.4,Verified
INV001913,2024-10-08,2025-04-28,4,81357,156.0,67.33,At Risk,Tamil Nadu,Chennai,T30,26-35,Female,11.8,Verified
INV001914,2024-05-03,2025-05-18,4,28158,198.0,126.67,At Risk,Delhi,Gurugram,T30,56+,Male,61.9,Verified
INV001915,2024-04-25,2024-12-09,2,6864,228.0,228.0,At Risk,West Bengal,Kolkata,T30,26-35,Female,19.8,Verified
INV001916,2024-01-08,2025-02-24,5,73481,212.0,103.25,At Risk,Haryana,Gurugram,T30,26-35,Male,11.0,Verified
INV001917,2024-06-15,2024-12-09,3,16323,94.0,88.5,At Risk,Telangana,Hyderabad,T30,26-35,Male,22.9,Verified
INV001918,2024-10-20,2024-10-20,1,1163,0.0,0.0,Continuous,Tamil Nadu,Coimbatore,B30,36-45,Male,19.8,Verified
INV001919,2025-01-16,2025-01-16,1,57159,0.0,0.0,Continuous,Gujarat,Ahmedabad,T30,26-35,Male,17.3,Verified
INV001920,2024-09-02,2025-04-24,7,111406,76.0,39.0,At Risk,Madhya Pradesh,Indore,T30,36-45,Female,24.5,Verified
INV001921,2024-01-28,2025-05-22,8,94294,225.0,68.57,At Risk,Gujarat,Surat,T30,26-35,Female,13.5,Verified
INV001922,2024-04-23,2025-04-17,5,16493,231.0,89.75,At Risk,West Bengal,Kolkata,T30,18-25,Male,5.5,Verified
INV001923,2024-01-06,2025-05-04,7,42011,106.0,80.67,At Risk,Gujarat,Surat,T30,18-25,Female,4.0,Verified
INV001924,2024-01-06,2024-12-26,7,95896,119.0,59.17,At Risk,Karnataka,Bangalore,T30,18-25,Male,4.9,Verified
INV001925,2024-06-15,2024-06-15,1,48046,0.0,0.0,Continuous,Uttar Pradesh,Kanpur,B30,36-45,Male,20.1,Pending
INV001926,2024-01-14,2025-04-22,5,23243,150.0,116.0,At Risk,Uttar Pradesh,Agra,B30,46-55,Female,26.9,Verified
INV001927,2024-05-22,2025-03-12,6,42729,91.0,58.8,At Risk,Rajasthan,Jaipur,T30,56+,Male,58.7,Pending
INV001928,2024-02-17,2025-04-11,4,54112,350.0,139.67,At Risk,Telangana,Hyderabad,T30,46-55,Female,29.2,Verified
INV001929,2024-06-26,2025-05-23,6,67484,242.0,66.2,At Risk,Rajasthan,Jaipur,T30,56+,Male,60.1,Verified
INV001930,2024-01-05,2025-05-04,3,14542,421.0,242.5,At Risk,Tamil Nadu,Chennai,T30,26-35,Female,8.8,Verified
INV001931,2025-03-23,2025-03-23,1,3236,0.0,0.0,Continuous,Haryana,Gurugram,T30,36-45,Male,35.1,Verified
INV001932,2024-03-18,2024-11-22,2,6214,249.0,249.0,At Risk,Karnataka,Bangalore,T30,36-45,Male,20.1,Verified
INV001933,2024-02-12,2025-04-18,5,36691,139.0,107.75,At Risk,Rajasthan,Udaipur,B30,26-35,Male,16.4,Verified
INV001934,2025-01-30,2025-02-20,2,13077,21.0,21.0,Continuous,West Bengal,Kolkata,T30,46-55,Female,77.4,Verified
INV001935,2024-10-14,2024-10-14,1,9362,0.0,0.0,Continuous,Rajasthan,Jaipur,T30,26-35,Male,21.2,Verified
INV001936,2024-10-21,2024-11-23,2,14176,33.0,33.0,Continuous,West Bengal,Kolkata,T30,36-45,Female,42.7,Verified
INV001937,2024-03-30,2025-05-27,8,52043,253.0,60.43,At Risk,Haryana,Gurugram,T30,18-25,Male,7.8,Verified
INV001938,2024-04-22,2025-04-01,9,46935,112.0,43.0,At Risk,Karnataka,Mysore,B30,26-35,Male,17.4,Verified
INV001939,2024-12-01,2024-12-01,1,4280,0.0,0.0,Continuous,West Bengal,Kolkata,T30,26-35,Male,21.2,Verified
INV001940,2024-02-22,2025-03-21,5,10777,155.0,98.25,At Risk,Delhi,New Delhi,T30,36-45,Male,28.4,Verified
INV001942,2024-11-16,2024-11-16,1,47641,0.0,0.0,Continuous,Tamil Nadu,Coimbatore,B30,26-35,Female,20.3,Verified
INV001943,2024-02-26,2025-03-04,6,63792,171.0,74.4,At Risk,West Bengal,Kolkata,T30,56+,Female,28.3,Verified
INV001944,2024-03-29,2025-05-10,5,86119,188.0,101.75,At Risk,Telangana,Hyderabad,T30,18-25,Male,4.4,Verified
INV001945,2024-04-11,2024-12-31,4,9150,132.0,88.0,At Risk,Gujarat,Ahmedabad,T30,26-35,Male,8.0,Verified
INV001946,2024-03-13,2024-11-08,3,34453,198.0,120.0,At Risk,Delhi,Noida,T30,26-35,Male,13.2,Verified
INV001947,2024-03-30,2024-03-30,1,2015,0.0,0.0,Continuous,Maharashtra,Pune,T30,36-45,Male,43.4,Verified
INV001948,2024-02-09,2025-04-27,3,61511,410.0,221.5,At Risk,Tamil Nadu,Coimbatore,B30,18-25,Female,4.2,Verified
INV001949,2024-10-18,2024-10-18,1,15277,0.0,0.0,Continuous,Rajasthan,Jaipur,T30,36-45,Male,43.2,Verified
INV001950,2024-05-24,2025-05-20,7,88383,134.0,60.17,At Risk,Maharashtra,Pune,T30,26-35,Female,6.0,Verified
INV001951,2024-04-26,2025-04-14,7,39840,124.0,58.83,At Risk,Punjab,Chandigarh,T30,26-35,Male,10.6,Verified
INV001952,2024-03-18,2025-01-01,2,18764,289.0,289.0,At Risk,Uttar Pradesh,Agra,B30,36-45,Male,22.1,Verified
INV001954,2024-02-06,2025-04-15,6,38164,273.0,86.8,At Risk,Uttar Pradesh,Agra,B30,26-35,Male,15.6,Verified
INV001955,2024-02-15,2025-03-01,6,80106,199.0,76.0,At Risk,Madhya Pradesh,Bhopal,B30,26-35,Female,16.4,Verified
INV001956,2024-02-09,2025-05-30,4,47088,193.0,158.67,At Risk,Rajasthan,Jaipur,T30,26-35,Male,22.1,Verified
INV001957,2024-11-01,2024-12-12,2,3382,41.0,41.0,At Risk,West Bengal,Kolkata,T30,36-45,Male,51.1,Verified
INV001959,2024-09-29,2025-03-16,4,7418,105.0,56.0,At Risk,Tamil Nadu,Chennai,T30,18-25,Female,4.7,Verified
INV001960,2024-09-10,2025-03-14,2,25115,185.0,185.0,At Risk,Uttar Pradesh,Agra,B30,36-45,Male,43.8,Verified
INV001961,2024-01-07,2025-02-27,6,87250,234.0,83.4,At Risk,Delhi,Gurugram,T30,26-35,Male,23.4,Verified
INV001962,2024-02-24,2025-02-05,5,56199,177.0,86.75,At Risk,Maharashtra,Mumbai,T30,26-35,Male,13.6,Verified
INV001963,2024-04-01,2024-04-28,2,4463,27.0,27.0,Continuous,Maharashtra,Nashik,B30,26-35,Male,10.3,Verified
INV001964,2024-09-23,2024-09-23,1,3276,0.0,0.0,Continuous,Madhya Pradesh,Indore,T30,46-55,Male,63.7,Verified
INV001965,2024-07-03,2024-07-03,1,16078,0.0,0.0,Continuous,Telangana,Hyderabad,T30,56+,Male,24.6,Verified
INV001966,2024-05-07,2024-11-14,2,9370,191.0,191.0,At Risk,Telangana,Hyderabad,T30,18-25,Male,4.0,Verified
INV001967,2024-11-30,2025-01-12,5,57133,14.0,10.75,Continuous,Rajasthan,Jaipur,T30,26-35,Male,17.9,Verified
INV001968,2024-06-29,2024-12-31,4,60891,95.0,61.67,At Risk,Tamil Nadu,Chennai,T30,26-35,Female,24.9,Verified
INV001969,2024-01-15,2025-02-14,6,22578,163.0,79.2,At Risk,Uttar Pradesh,Kanpur,B30,26-35,Male,9.7,Verified
INV001970,2024-02-26,2024-02-26,1,2469,0.0,0.0,Continuous,Gujarat,Surat,T30,36-45,Male,55.1,Verified
INV001971,2024-04-11,2025-04-29,8,96207,87.0,54.71,At Risk,Gujarat,Ahmedabad,T30,26-35,Male,21.0,Verified
INV001972,2024-01-14,2024-11-06,8,147921,153.0,42.43,At Risk,Uttar Pradesh,Kanpur,B30,18-25,Male,4.6,Verified
INV001973,2025-05-01,2025-05-01,1,56792,0.0,0.0,Continuous,Maharashtra,Mumbai,T30,36-45,Male,13.5,Verified
INV001974,2024-08-19,2025-02-13,2,6443,178.0,178.0,At Risk,Tamil Nadu,Chennai,T30,56+,Male,64.3,Verified
INV001975,2025-03-19,2025-03-19,1,10638,0.0,0.0,Continuous,Delhi,New Delhi,T30,36-45,Female,35.3,Verified
INV001976,2024-06-03,2024-09-11,2,12706,100.0,100.0,At Risk,Madhya Pradesh,Indore,T30,26-35,Female,6.1,Verified
INV001977,2024-02-03,2025-04-12,5,59715,209.0,108.5,At Risk,Punjab,Amritsar,B30,18-25,Female,3.3,Verified
INV001978,2024-03-14,2025-05-04,6,33387,112.0,83.2,At Risk,Telangana,Hyderabad,T30,36-45,Male,15.5,Verified
INV001979,2024-07-28,2025-05-01,6,78262,100.0,55.4,At Risk,Maharashtra,Pune,T30,26-35,Male,12.2,Verified
INV001980,2024-02-02,2025-04-04,3,10249,389.0,213.5,At Risk,Tamil Nadu,Chennai,T30,26-35,Female,21.1,Verified
INV001981,2024-07-28,2024-07-28,1,8213,0.0,0.0,Continuous,Gujarat,Ahmedabad,T30,26-35,Male,19.4,Verified
INV001982,2024-03-18,2025-05-21,6,118849,289.0,85.8,At Risk,Karnataka,Mysore,B30,26-35,Male,14.9,Verified
INV001983,2024-01-12,2025-05-07,5,57564,306.0,120.25,At Risk,West Bengal,Kolkata,T30,36-45,Male,30.6,Verified
INV001984,2024-07-13,2024-07-13,1,24984,0.0,0.0,Continuous,Delhi,Gurugram,T30,26-35,Female,7.2,Verified
INV001985,2024-02-04,2025-03-14,5,99750,192.0,101.0,At Risk,Gujarat,Surat,T30,36-45,Male,46.6,Verified
INV001986,2024-07-03,2025-04-15,7,93572,98.0,47.67,At Risk,Madhya Pradesh,Indore,T30,36-45,Female,17.4,Verified
INV001987,2024-04-08,2025-05-15,7,101651,241.0,67.0,At Risk,Tamil Nadu,Coimbatore,B30,18-25,Male,7.2,Verified
INV001988,2024-12-10,2024-12-10,1,2376,0.0,0.0,Continuous,Karnataka,Bangalore,T30,26-35,Male,17.7,Verified
INV001989,2024-04-14,2024-10-10,3,49776,94.0,89.5,At Risk,Telangana,Hyderabad,T30,36-45,Female,17.8,Verified
INV001990,2024-06-17,2025-04-30,8,60133,91.0,45.29,At Risk,Punjab,Amritsar,B30,26-35,Male,9.3,Verified
INV001991,2024-08-08,2024-08-08,1,25770,0.0,0.0,Continuous,West Bengal,Kolkata,T30,26-35,Male,13.9,Verified
INV001992,2024-01-27,2025-03-08,4,6876,222.0,135.33,At Risk,Telangana,Hyderabad,T30,18-25,Male,3.3,Verified
INV001993,2024-02-15,2024-11-24,6,42253,147.0,56.6,At Risk,Uttar Pradesh,Agra,B30,36-45,Female,44.2,Verified
INV001994,2024-10-14,2024-10-14,1,570,0.0,0.0,Continuous,Tamil Nadu,Coimbatore,B30,18-25,Female,5.2,Verified
INV001995,2024-02-18,2024-10-18,6,76418,94.0,48.6,At Risk,Gujarat,Surat,T30,26-35,Male,20.8,Verified
INV001996,2024-04-18,2024-04-18,1,4355,0.0,0.0,Continuous,Telangana,Hyderabad,T30,26-35,Male,21.7,Verified
INV001997,2024-01-04,2025-03-22,6,23078,168.0,88.6,At Risk,Delhi,New Delhi,T30,56+,Female,24.8,Verified
INV001998,2024-03-28,2025-04-09,5,31255,215.0,94.25,At Risk,Haryana,Faridabad,B30,26-35,Male,19.2,Verified
INV001999,2024-04-09,2024-10-14,4,50826,127.0,62.67,At Risk,Rajasthan,Udaipur,B30,18-25,Male,5.8,Verified
INV002000,2024-03-22,2025-02-05,5,82347,132.0,80.0,At Risk,Rajasthan,Jaipur,T30,36-45,Female,57.6,Verified
INV002001,2024-03-17,2025-05-15,6,35997,335.0,84.8,At Risk,Uttar Pradesh,Kanpur,B30,36-45,Female,38.4,Verified
INV002002,2024-11-26,2025-03-15,2,9884,109.0,109.0,At Risk,Gujarat,Ahmedabad,T30,36-45,Female,28.4,Verified
INV002003,2024-02-13,2024-07-14,2,31279,152.0,152.0,At Risk,Delhi,New Delhi,T30,26-35,Female,20.1,Verified
INV002004,2024-07-02,2024-07-02,1,5496,0.0,0.0,Continuous,Uttar Pradesh,Agra,B30,18-25,Male,7.3,Verified
INV002005,2024-06-28,2025-01-31,3,8208,112.0,108.5,At Risk,Maharashtra,Pune,T30,18-25,Male,7.1,Verified
INV002006,2024-03-19,2025-03-22,6,56278,157.0,73.6,At Risk,Punjab,Chandigarh,T30,26-35,Male,15.3,Verified
INV002007,2024-06-18,2025-02-21,3,17382,233.0,124.0,At Risk,Haryana,Faridabad,B30,18-25,Male,4.2,Verified
INV002008,2024-03-17,2025-02-24,5,31532,266.0,86.0,At Risk,Haryana,Gurugram,T30,46-55,Male,83.3,Verified
INV002009,2024-06-19,2024-06-19,1,12577,0.0,0.0,Continuous,Telangana,Hyderabad,T30,36-45,Female,57.5,Verified
INV002010,2024-01-11,2025-01-18,6,111364,103.0,74.6,At Risk,Uttar Pradesh,Agra,B30,56+,Male,11.6,Verified
INV002011,2024-03-28,2025-02-25,4,23143,205.0,111.33,At Risk,Tamil Nadu,Chennai,T30,36-45,Male,41.1,Verified
INV002012,2024-03-27,2025-03-06,5,37132,144.0,86.0,At Risk,Telangana,Hyderabad,T30,36-45,Male,38.4,Verified
INV002013,2024-02-16,2025-02-22,5,33505,187.0,93.0,At Risk,Rajasthan,Jaipur,T30,46-55,Male,30.2,Pending
INV002014,2024-11-25,2025-05-29,3,17561,101.0,92.5,At Risk,Maharashtra,Pune,T30,26-35,Female,13.7,Verified
INV002015,2024-04-13,2025-05-20,2,3269,402.0,402.0,At Risk,Delhi,New Delhi,T30,26-35,Female,11.1,Verified
INV002016,2024-07-04,2024-12-27,3,53694,90.0,88.0,At Risk,Delhi,Noida,T30,46-55,Male,17.2,Verified
INV002017,2024-04-23,2025-01-16,7,48099,99.0,44.67,At Risk,Karnataka,Mysore,B30,26-35,Female,15.0,Verified
INV002018,2024-03-24,2025-02-05,6,22792,106.0,63.6,At Risk,Uttar Pradesh,Agra,B30,26-35,Female,18.0,Verified
INV002019,2024-06-02,2025-05-12,6,50866,117.0,68.8,At Risk,Delhi,New Delhi,T30,36-45,Male,19.8,Verified
INV002020,2024-06-24,2024-06-24,1,905,0.0,0.0,Continuous,Karnataka,Mysore,B30,18-25,Male,5.8,Verified
INV002021,2024-08-19,2025-05-23,2,4569,277.0,277.0,At Risk,Maharashtra,Pune,T30,36-45,Male,38.6,Verified
INV002022,2024-09-19,2025-05-30,4,29433,95.0,84.33,At Risk,Tamil Nadu,Coimbatore,B30,26-35,Male,6.8,Verified
INV002023,2024-05-04,2025-01-17,2,54950,258.0,258.0,At Risk,Madhya Pradesh,Indore,T30,36-45,Female,50.5,Verified
INV002024,2024-07-07,2024-07-07,1,500,0.0,0.0,Continuous,West Bengal,Kolkata,T30,26-35,Male,17.6,Verified
INV002025,2024-05-24,2025-04-24,7,52531,92.0,55.83,At Risk,Karnataka,Mysore,B30,26-35,Female,23.7,Verified
INV002026,2024-03-08,2025-04-12,5,108397,161.0,100.0,At Risk,Telangana,Hyderabad,T30,26-35,Male,6.8,Verified
INV002027,2024-04-30,2025-05-30,3,28375,235.0,197.5,At Risk,Uttar Pradesh,Agra,B30,18-25,Female,3.1,Verified
INV002028,2024-04-26,2024-04-26,1,2054,0.0,0.0,Continuous,Rajasthan,Jaipur,T30,36-45,Female,19.9,Pending
INV002029,2025-05-24,2025-05-24,1,465,0.0,0.0,Continuous,West Bengal,Kolkata,T30,36-45,Male,29.3,Verified
INV002030,2024-05-10,2025-05-25,4,16766,257.0,126.67,At Risk,Madhya Pradesh,Bhopal,B30,36-45,Male,31.7,Verified
INV002031,2024-01-21,2024-01-21,1,9353,0.0,0.0,Continuous,Madhya Pradesh,Indore,T30,46-55,Male,24.3,Verified
INV002032,2025-03-07,2025-04-02,2,2251,26.0,26.0,Continuous,Haryana,Gurugram,T30,26-35,Male,14.2,Verified
INV002033,2024-01-04,2024-11-29,7,43182,123.0,55.0,At Risk,Gujarat,Ahmedabad,T30,46-55,Male,18.9,Verified
INV002034,2024-01-06,2025-05-03,8,75286,166.0,69.0,At Risk,Uttar Pradesh,Lucknow,T30,26-35,Male,10.0,Verified
INV002035,2024-04-09,2025-05-04,3,109414,296.0,195.0,At Risk,Tamil Nadu,Chennai,T30,36-45,Male,12.2,Verified
INV002036,2024-04-01,2024-07-31,5,128383,66.0,30.25,At Risk,Madhya Pradesh,Indore,T30,26-35,Male,23.2,Verified
INV002037,2024-03-04,2024-08-17,6,58317,61.0,33.2,At Risk,Delhi,New Delhi,T30,56+,Male,22.0,Verified
INV002038,2024-01-16,2025-03-11,6,89042,202.0,84.0,At Risk,Madhya Pradesh,Bhopal,B30,26-35,Male,20.6,Verified
INV002039,2024-01-22,2024-10-28,3,69071,269.0,140.0,At Risk,Madhya Pradesh,Bhopal,B30,46-55,Male,17.3,Verified
INV002040,2024-10-11,2025-04-26,4,43148,178.0,65.67,At Risk,Karnataka,Mysore,B30,36-45,Female,49.1,Verified
INV002041,2024-02-22,2024-11-12,4,22193,130.0,88.0,At Risk,Madhya Pradesh,Indore,T30,26-35,Male,21.9,Verified
INV002042,2024-08-18,2025-03-28,5,86290,76.0,55.5,At Risk,Tamil Nadu,Chennai,T30,26-35,Female,10.0,Verified
INV002043,2024-11-18,2025-02-23,3,18416,64.0,48.5,At Risk,Uttar Pradesh,Lucknow,T30,18-25,Male,6.7,Verified
INV002044,2024-05-10,2024-10-16,2,14777,159.0,159.0,At Risk,Gujarat,Ahmedabad,T30,26-35,Female,19.1,Verified
INV002045,2024-02-26,2025-05-06,5,82837,206.0,108.75,At Risk,Rajasthan,Jaipur,T30,18-25,Female,3.8,Pending
INV002046,2024-02-29,2024-02-29,1,29942,0.0,0.0,Continuous,Madhya Pradesh,Bhopal,B30,26-35,Male,20.8,Verified
INV002047,2024-01-23,2025-03-02,4,14605,161.0,134.67,At Risk,Tamil Nadu,Coimbatore,B30,26-35,Female,19.5,Verified
INV002048,2025-03-21,2025-03-21,1,15142,0.0,0.0,Continuous,Karnataka,Mysore,B30,46-55,Female,66.5,Verified
INV002049,2024-02-18,2025-03-21,4,12843,239.0,132.33,At Risk,Tamil Nadu,Coimbatore,B30,36-45,Female,36.8,Verified
INV002050,2024-02-09,2025-02-10,3,63887,211.0,183.5,At Risk,Tamil Nadu,Chennai,T30,18-25,Female,7.2,Verified
INV002051,2024-03-30,2025-04-27,6,101112,159.0,78.6,At Risk,Gujarat,Ahmedabad,T30,46-55,Female,56.2,Verified
INV002052,2024-02-08,2024-10-30,7,143832,114.0,44.17,At Risk,Uttar Pradesh,Lucknow,T30,36-45,Male,50.8,Pending
INV002053,2024-02-18,2024-03-10,2,11671,21.0,21.0,Continuous,West Bengal,Kolkata,T30,26-35,Male,8.8,Verified
INV002054,2024-01-01,2024-11-10,5,26667,127.0,78.5,At Risk,Telangana,Hyderabad,T30,26-35,Male,17.8,Verified
INV002055,2024-01-21,2025-01-16,4,3645,254.0,120.33,At Risk,Punjab,Amritsar,B30,26-35,Male,18.7,Verified
INV002056,2024-01-04,2025-05-02,3,29703,279.0,242.0,At Risk,Madhya Pradesh,Bhopal,B30,18-25,Female,3.4,Verified
INV002057,2025-02-16,2025-02-16,1,17441,0.0,0.0,Continuous,Rajasthan,Udaipur,B30,18-25,Male,3.3,Verified
INV002058,2024-05-21,2024-05-21,1,481,0.0,0.0,Continuous,Tamil Nadu,Coimbatore,B30,36-45,Male,14.5,Verified
INV002059,2024-06-11,2025-03-06,2,21217,268.0,268.0,At Risk,Haryana,Faridabad,B30,46-55,Male,95.1,Verified
INV002060,2024-06-06,2025-04-18,5,87731,215.0,79.0,At Risk,Madhya Pradesh,Indore,T30,36-45,Male,31.8,Verified
INV002061,2024-01-30,2024-12-07,4,46145,205.0,104.0,At Risk,West Bengal,Kolkata,T30,26-35,Male,14.2,Verified
INV002063,2024-10-17,2024-12-29,2,44222,73.0,73.0,At Risk,Madhya Pradesh,Indore,T30,26-35,Female,21.3,Verified
INV002064,2024-06-23,2024-06-23,1,957,0.0,0.0,Continuous,Uttar Pradesh,Lucknow,T30,18-25,Male,3.5,Verified
INV002065,2024-01-03,2025-05-07,4,69276,270.0,163.33,At Risk,Rajasthan,Udaipur,B30,46-55,Male,78.6,Verified
INV002066,2024-08-31,2025-05-17,3,49651,130.0,129.5,At Risk,West Bengal,Kolkata,T30,26-35,Female,23.3,Verified
INV002067,2024-05-19,2025-02-19,5,73471,130.0,69.0,At Risk,Gujarat,Ahmedabad,T30,36-45,Female,46.2,Verified
INV002068,2024-08-11,2025-03-20,2,23863,221.0,221.0,At Risk,Delhi,Gurugram,T30,18-25,Female,3.1,Verified
INV002069,2024-01-09,2025-03-12,10,82746,95.0,47.56,At Risk,West Bengal,Kolkata,T30,46-55,Male,59.0,Verified
INV002070,2024-01-10,2025-05-12,7,70993,118.0,81.33,At Risk,Telangana,Hyderabad,T30,36-45,Male,40.3,Verified
INV002071,2025-02-14,2025-02-14,1,5807,0.0,0.0,Continuous,Punjab,Chandigarh,T30,56+,Male,61.1,Verified
INV002072,2024-01-31,2024-10-24,3,49859,266.0,133.5,At Risk,Punjab,Chandigarh,T30,26-35,Female,15.2,Verified
INV002073,2024-06-14,2025-05-01,3,68155,226.0,160.5,At Risk,Uttar Pradesh,Kanpur,B30,56+,Male,73.1,Verified
INV002074,2024-10-24,2025-05-30,3,23032,114.0,109.0,At Risk,Karnataka,Bangalore,T30,26-35,Female,6.1,Verified
INV002075,2024-03-08,2025-02-02,5,86335,140.0,82.75,At Risk,Uttar Pradesh,Lucknow,T30,36-45,Female,34.4,Verified
INV002076,2024-12-23,2024-12-23,1,7534,0.0,0.0,Continuous,Madhya Pradesh,Indore,T30,36-45,Female,47.0,Verified
INV002077,2024-02-04,2024-08-11,5,34282,99.0,47.25,At Risk,West Bengal,Kolkata,T30,18-25,Female,6.3,Verified
INV002078,2024-08-03,2024-09-26,2,24172,54.0,54.0,At Risk,Haryana,Faridabad,B30,18-25,Male,6.4,Verified
INV002079,2024-08-14,2025-02-14,3,3529,175.0,92.0,At Risk,Rajasthan,Udaipur,B30,26-35,Male,10.1,Verified
INV002080,2024-01-13,2025-04-28,5,161833,218.0,117.75,At Risk,Tamil Nadu,Coimbatore,B30,26-35,Male,21.3,Pending
INV002081,2024-12-18,2025-02-03,2,94670,47.0,47.0,At Risk,Telangana,Hyderabad,T30,26-35,Male,14.2,Verified
INV002082,2024-10-23,2025-02-02,4,31787,83.0,34.0,At Risk,Telangana,Hyderabad,T30,36-45,Male,59.5,Verified
INV002083,2024-02-03,2025-05-13,10,142753,193.0,51.67,At Risk,Gujarat,Surat,T30,26-35,Male,21.2,Verified
INV002084,2024-07-20,2024-07-20,1,2072,0.0,0.0,Continuous,Punjab,Chandigarh,T30,18-25,Male,5.4,Pending
INV002085,2024-02-29,2025-01-19,6,89035,220.0,65.0,At Risk,Telangana,Hyderabad,T30,56+,Female,12.5,Verified
INV002087,2024-03-29,2025-03-17,5,107417,126.0,88.25,At Risk,Delhi,Gurugram,T30,26-35,Male,24.8,Verified
INV002088,2024-02-02,2025-03-26,5,60523,182.0,104.5,At Risk,Rajasthan,Jaipur,T30,46-55,Female,43.7,Verified
INV002089,2024-08-27,2025-03-28,3,21661,145.0,106.5,At Risk,Rajasthan,Udaipur,B30,46-55,Female,22.5,Verified
INV002090,2024-02-11,2025-05-07,6,38375,231.0,90.2,At Risk,Maharashtra,Mumbai,T30,26-35,Male,23.7,Verified
INV002091,2024-03-28,2024-03-28,1,534,0.0,0.0,Continuous,Karnataka,Bangalore,T30,18-25,Male,6.5,Verified
INV002092,2024-05-20,2024-12-07,7,63358,54.0,33.5,At Risk,Punjab,Amritsar,B30,18-25,Male,7.7,Verified
INV002093,2024-04-24,2024-09-14,4,83459,110.0,47.67,At Risk,Punjab,Chandigarh,T30,26-35,Male,14.7,Verified
INV002094,2024-04-26,2025-04-17,3,61620,341.0,178.0,At Risk,Punjab,Amritsar,B30,26-35,Female,25.0,Pending
INV002095,2024-03-17,2025-05-08,4,55326,295.0,139.0,At Risk,Punjab,Amritsar,B30,26-35,Male,9.2,Verified
INV002096,2024-06-12,2025-04-27,3,33877,215.0,159.5,At Risk,Delhi,New Delhi,T30,18-25,Female,6.9,Verified
INV002097,2024-03-29,2024-03-29,1,17656,0.0,0.0,Continuous,Uttar Pradesh,Agra,B30,46-55,Male,64.5,Verified
INV002098,2024-10-30,2025-04-11,4,6267,131.0,54.33,At Risk,Gujarat,Ahmedabad,T30,26-35,Male,15.6,Verified
INV002099,2025-01-20,2025-05-23,4,41135,72.0,41.0,At Risk,Tamil Nadu,Chennai,T30,36-45,Female,34.9,Verified
INV002101,2024-01-09,2025-02-13,6,71140,248.0,80.2,At Risk,Uttar Pradesh,Lucknow,T30,26-35,Male,14.7,Verified
INV002102,2024-06-16,2025-01-26,6,90782,63.0,44.8,At Risk,Madhya Pradesh,Bhopal,B30,26-35,Male,9.2,Verified
INV002103,2024-10-25,2024-12-22,2,23161,58.0,58.0,At Risk,Maharashtra,Nashik,B30,26-35,Male,24.1,Verified
INV002104,2024-03-18,2025-04-22,5,17633,159.0,100.0,At Risk,Maharashtra,Mumbai,T30,26-35,Female,15.0,Verified
INV002106,2024-04-02,2025-03-24,4,14781,315.0,118.67,At Risk,Uttar Pradesh,Lucknow,T30,26-35,Male,20.8,Verified
INV002107,2024-01-09,2025-05-21,8,100667,298.0,71.14,At Risk,Telangana,Hyderabad,T30,26-35,Male,18.2,Verified
INV002108,2024-04-08,2025-03-03,3,61029,317.0,164.5,At Risk,Gujarat,Ahmedabad,T30,46-55,Male,35.0,Verified
INV002109,2024-11-04,2024-11-04,1,2193,0.0,0.0,Continuous,Tamil Nadu,Coimbatore,B30,26-35,Male,14.4,Verified
INV002110,2024-03-20,2024-11-12,4,43300,199.0,79.0,At Risk,Haryana,Faridabad,B30,26-35,Female,20.8,Verified
INV002111,2024-01-24,2025-04-05,8,84899,123.0,62.43,At Risk,Telangana,Hyderabad,T30,36-45,Female,29.2,Pending
INV002112,2024-05-14,2025-05-03,5,63933,152.0,88.5,At Risk,Madhya Pradesh,Indore,T30,56+,Male,41.3,Verified
INV002113,2024-02-03,2025-02-15,4,37205,201.0,126.0,At Risk,Maharashtra,Nashik,B30,26-35,Male,21.6,Verified
INV002114,2025-03-29,2025-03-29,1,41529,0.0,0.0,Continuous,Rajasthan,Udaipur,B30,18-25,Female,5.5,Pending
INV002115,2024-02-08,2025-05-13,4,12407,301.0,153.33,At Risk,Punjab,Chandigarh,T30,56+,Female,71.4,Verified
INV002116,2024-06-11,2024-10-12,4,56030,78.0,41.0,At Risk,Karnataka,Bangalore,T30,18-25,Male,3.8,Verified
INV002117,2024-02-21,2024-10-17,5,56520,166.0,59.75,At Risk,Delhi,Gurugram,T30,26-35,Male,21.7,Verified
INV002118,2024-11-21,2024-11-21,1,1091,0.0,0.0,Continuous,Punjab,Chandigarh,T30,26-35,Female,6.6,Verified
INV002119,2024-03-29,2025-04-23,6,82710,195.0,78.0,At Risk,Tamil Nadu,Coimbatore,B30,26-35,Female,11.8,Verified
INV002120,2024-04-14,2024-11-19,3,62457,173.0,109.5,At Risk,Tamil Nadu,Chennai,T30,26-35,Male,13.8,Verified
INV002121,2024-04-05,2025-05-21,7,69342,197.0,68.5,At Risk,Madhya Pradesh,Bhopal,B30,18-25,Female,3.5,Verified
INV002122,2024-09-26,2025-05-26,7,66891,97.0,40.33,At Risk,Gujarat,Ahmedabad,T30,46-55,Male,46.3,Verified
INV002123,2024-03-13,2025-04-19,4,137093,160.0,134.0,At Risk,West Bengal,Kolkata,T30,26-35,Male,14.7,Verified
INV002124,2024-02-14,2025-01-07,5,86345,169.0,82.0,At Risk,Tamil Nadu,Coimbatore,B30,18-25,Male,5.0,Verified
INV002125,2024-08-07,2025-02-03,5,18883,88.0,45.0,At Risk,Haryana,Faridabad,B30,26-35,Female,7.9,Verified
INV002126,2024-02-12,2025-03-07,5,62106,153.0,97.25,At Risk,Delhi,New Delhi,T30,26-35,Female,22.0,Verified
INV002127,2024-05-18,2025-03-15,6,66425,113.0,60.2,At Risk,Rajasthan,Udaipur,B30,18-25,Male,7.4,Verified
INV002128,2024-07-25,2025-05-01,3,21777,176.0,140.0,At Risk,Rajasthan,Udaipur,B30,26-35,Female,21.6,Pending
INV002129,2024-03-10,2024-12-08,3,3986,156.0,136.5,At Risk,Rajasthan,Jaipur,T30,56+,Male,10.0,Verified
INV002130,2024-03-20,2024-12-12,4,36116,95.0,89.0,At Risk,Maharashtra,Pune,T30,46-55,Male,22.5,Pending
INV002131,2024-01-11,2025-03-12,5,7358,129.0,106.5,At Risk,Madhya Pradesh,Bhopal,B30,46-55,Male,75.1,Verified
INV002132,2024-12-23,2024-12-25,2,7565,2.0,2.0,Continuous,Tamil Nadu,Coimbatore,B30,46-55,Female,31.0,Verified
INV002133,2024-02-23,2025-04-17,4,9748,272.0,139.67,At Risk,Rajasthan,Udaipur,B30,26-35,Male,23.0,Verified
INV002134,2024-01-20,2025-05-30,7,29028,180.0,82.67,At Risk,Rajasthan,Udaipur,B30,26-35,Male,24.8,Verified
INV002135,2024-05-20,2025-02-26,4,68474,184.0,94.0,At Risk,Gujarat,Ahmedabad,T30,56+,Male,18.3,Verified
INV002136,2024-07-31,2025-01-30,2,51640,183.0,183.0,At Risk,Punjab,Chandigarh,T30,18-25,Male,5.3,Verified
INV002137,2024-05-28,2025-03-08,5,69715,221.0,71.0,At Risk,Tamil Nadu,Coimbatore,B30,36-45,Male,17.6,Verified
INV002138,2024-01-22,2025-04-25,6,20298,189.0,91.8,At Risk,Karnataka,Bangalore,T30,46-55,Female,78.2,Pending
INV002139,2024-01-19,2025-04-03,4,56917,170.0,146.67,At Risk,Haryana,Gurugram,T30,36-45,Female,28.6,Verified
INV002140,2024-01-11,2024-06-21,2,49000,162.0,162.0,At Risk,Tamil Nadu,Chennai,T30,26-35,Male,15.4,Verified
INV002141,2024-07-13,2025-02-06,4,57355,84.0,69.33,At Risk,Delhi,New Delhi,T30,46-55,Male,36.2,Verified
INV002142,2024-05-01,2025-04-30,9,118669,162.0,45.5,At Risk,Tamil Nadu,Chennai,T30,18-25,Male,3.6,Verified
INV002143,2024-01-15,2025-04-04,8,73958,148.0,63.57,At Risk,Uttar Pradesh,Lucknow,T30,26-35,Male,11.8,Verified
INV002144,2024-02-26,2025-02-25,3,21590,238.0,182.5,At Risk,Maharashtra,Pune,T30,18-25,Male,3.2,Verified
INV002145,2024-12-02,2025-05-20,2,29663,169.0,169.0,At Risk,Delhi,Gurugram,T30,36-45,Male,32.8,Verified
INV002146,2024-10-18,2025-04-11,2,32679,175.0,175.0,At Risk,Telangana,Hyderabad,T30,26-35,Male,19.0,Verified
INV002147,2025-05-30,2025-05-30,1,59081,0.0,0.0,Continuous,Madhya Pradesh,Bhopal,B30,26-35,Male,14.4,Verified
INV002148,2024-02-20,2025-03-14,4,94522,268.0,129.33,At Risk,Uttar Pradesh,Lucknow,T30,26-35,Male,9.8,Verified
INV002149,2024-05-03,2025-02-23,8,71024,215.0,42.29,At Risk,Tamil Nadu,Coimbatore,B30,26-35,Male,21.8,Verified
INV002150,2024-03-14,2025-03-17,6,57183,216.0,73.6,At Risk,Uttar Pradesh,Kanpur,B30,26-35,Female,21.5,Verified
INV002151,2024-01-16,2025-05-13,9,185290,201.0,60.38,At Risk,Rajasthan,Jaipur,T30,26-35,Female,18.1,Verified
INV002152,2024-02-22,2025-05-10,4,124165,212.0,147.67,At Risk,Tamil Nadu,Coimbatore,B30,46-55,Male,69.8,Verified
INV002153,2024-03-22,2025-05-03,7,28131,194.0,67.83,At Risk,Maharashtra,Nashik,B30,18-25,Female,3.5,Pending
INV002154,2024-01-26,2025-04-17,6,42587,175.0,89.4,At Risk,Uttar Pradesh,Lucknow,T30,36-45,Male,40.5,Verified
INV002155,2024-04-02,2025-04-27,6,24270,190.0,78.0,At Risk,Telangana,Hyderabad,T30,56+,Male,26.2,Verified
INV002156,2024-04-19,2024-11-01,2,58495,196.0,196.0,At Risk,Rajasthan,Jaipur,T30,26-35,Male,18.7,Verified
INV002157,2024-02-03,2025-01-19,7,66010,142.0,58.5,At Risk,Punjab,Chandigarh,T30,26-35,Male,16.9,Verified
INV002158,2024-04-07,2024-12-18,4,19052,158.0,85.0,At Risk,Madhya Pradesh,Indore,T30,26-35,Male,14.5,Verified
INV002159,2024-06-18,2025-05-09,6,57957,104.0,65.0,At Risk,Haryana,Gurugram,T30,26-35,Male,7.0,Verified
INV002160,2024-10-27,2024-10-27,1,23537,0.0,0.0,Continuous,Rajasthan,Udaipur,B30,18-25,Male,6.9,Verified
INV002161,2024-02-12,2024-08-06,2,8828,176.0,176.0,At Risk,Maharashtra,Nashik,B30,26-35,Male,11.4,Verified
INV002162,2024-02-04,2025-05-16,9,176674,198.0,58.38,At Risk,Madhya Pradesh,Indore,T30,46-55,Male,40.2,Verified
INV002163,2024-03-11,2025-01-11,2,16887,306.0,306.0,At Risk,Tamil Nadu,Coimbatore,B30,26-35,Female,10.5,Verified
INV002164,2024-05-27,2025-02-24,4,55535,116.0,91.0,At Risk,Punjab,Amritsar,B30,56+,Male,37.0,Verified
INV002165,2024-01-02,2024-01-02,1,2539,0.0,0.0,Continuous,Telangana,Hyderabad,T30,46-55,Male,46.2,Verified
INV002166,2024-01-01,2025-05-11,6,88421,248.0,99.2,At Risk,Haryana,Gurugram,T30,36-45,Male,33.3,Verified
INV002167,2024-03-31,2024-12-28,3,13475,184.0,136.0,At Risk,Rajasthan,Jaipur,T30,26-35,Female,8.7,Pending
INV002168,2024-01-09,2025-05-26,3,12623,391.0,251.5,At Risk,Rajasthan,Jaipur,T30,36-45,Male,34.9,Verified
INV002169,2025-01-23,2025-01-23,1,562,0.0,0.0,Continuous,Punjab,Amritsar,B30,46-55,Male,70.3,Verified
INV002170,2024-01-23,2024-12-07,3,23466,172.0,159.5,At Risk,Delhi,New Delhi,T30,26-35,Female,14.7,Pending
INV002171,2024-03-08,2025-02-06,7,55736,150.0,55.83,At Risk,Telangana,Hyderabad,T30,56+,Male,21.8,Verified
INV002172,2024-07-25,2025-05-03,3,55655,205.0,141.0,At Risk,Rajasthan,Jaipur,T30,46-55,Female,56.0,Verified
INV002173,2024-05-19,2024-10-14,2,3200,148.0,148.0,At Risk,Rajasthan,Jaipur,T30,26-35,Female,6.5,Verified
INV002174,2024-01-15,2025-03-20,4,33599,178.0,143.33,At Risk,Gujarat,Ahmedabad,T30,36-45,Male,25.1,Verified
INV002175,2024-06-12,2024-06-12,1,9818,0.0,0.0,Continuous,Uttar Pradesh,Kanpur,B30,36-45,Male,47.8,Verified
INV002176,2024-07-14,2025-05-13,5,92232,191.0,75.75,At Risk,Haryana,Faridabad,B30,56+,Male,32.0,Verified
INV002177,2024-03-16,2025-05-28,7,93321,330.0,73.0,At Risk,Haryana,Gurugram,T30,26-35,Male,13.2,Verified
INV002178,2024-02-10,2025-05-20,8,66309,236.0,66.43,At Risk,Gujarat,Ahmedabad,T30,36-45,Female,33.8,Verified
INV002179,2024-02-10,2025-02-23,8,77276,171.0,54.14,At Risk,Haryana,Gurugram,T30,26-35,Female,12.0,Verified
INV002180,2024-03-02,2025-01-04,3,57151,175.0,154.0,At Risk,Delhi,Gurugram,T30,18-25,Male,5.1,Verified
INV002181,2024-06-29,2024-06-29,1,21003,0.0,0.0,Continuous,Gujarat,Surat,T30,26-35,Male,18.3,Verified
INV002182,2024-02-19,2025-04-17,7,127872,148.0,70.5,At Risk,Madhya Pradesh,Bhopal,B30,36-45,Male,54.3,Verified
INV002183,2024-06-30,2025-04-19,3,35044,241.0,146.5,At Risk,Uttar Pradesh,Kanpur,B30,46-55,Female,98.2,Verified
INV002184,2024-02-06,2025-05-23,5,85529,242.0,118.0,At Risk,Uttar Pradesh,Agra,B30,36-45,Female,38.1,Verified
INV002185,2024-03-16,2024-11-13,6,87101,92.0,48.4,At Risk,Punjab,Chandigarh,T30,26-35,Male,21.0,Verified
INV002186,2024-02-05,2025-04-29,7,110455,167.0,74.83,At Risk,Haryana,Faridabad,B30,18-25,Female,7.9,Pending
INV002187,2024-04-02,2025-05-14,7,51698,221.0,67.83,At Risk,Tamil Nadu,Chennai,T30,36-45,Male,15.0,Verified
INV002188,2024-04-07,2024-06-06,3,16315,51.0,30.0,At Risk,Rajasthan,Jaipur,T30,26-35,Male,19.1,Verified
INV002189,2024-06-09,2025-05-14,5,9685,266.0,84.75,At Risk,Uttar Pradesh,Lucknow,T30,36-45,Male,37.4,Verified
INV002190,2024-04-25,2024-10-17,2,3468,175.0,175.0,At Risk,Uttar Pradesh,Kanpur,B30,36-45,Female,58.7,Verified
INV002191,2024-03-30,2024-08-02,2,70750,125.0,125.0,At Risk,West Bengal,Kolkata,T30,26-35,Male,9.0,Verified
INV002192,2024-02-20,2025-01-05,5,13669,109.0,80.0,At Risk,Uttar Pradesh,Lucknow,T30,18-25,Male,6.9,Verified
INV002193,2025-04-24,2025-04-24,1,1011,0.0,0.0,Continuous,Haryana,Gurugram,T30,36-45,Female,49.7,Verified
INV002194,2025-01-31,2025-01-31,1,8980,0.0,0.0,Continuous,Madhya Pradesh,Bhopal,B30,56+,Female,13.4,Verified
INV002195,2024-03-05,2025-04-03,9,141661,154.0,49.25,At Risk,Telangana,Hyderabad,T30,26-35,Male,24.5,Verified
INV002196,2024-01-02,2025-03-12,8,123014,115.0,62.14,At Risk,Delhi,Gurugram,T30,26-35,Female,23.6,Verified
INV002197,2024-01-31,2024-03-28,3,7596,56.0,28.5,At Risk,Delhi,Noida,T30,18-25,Male,6.3,Verified
INV002198,2024-05-08,2025-04-17,9,50035,93.0,43.0,At Risk,Delhi,Gurugram,T30,36-45,Female,43.3,Verified
INV002199,2024-02-14,2024-12-15,7,22813,94.0,50.83,At Risk,Gujarat,Ahmedabad,T30,26-35,Male,18.6,Verified
INV002200,2024-03-03,2025-04-25,4,87175,355.0,139.33,At Risk,Madhya Pradesh,Indore,T30,26-35,Male,23.1,Verified
INV002201,2024-01-27,2025-02-16,5,72157,195.0,96.5,At Risk,Haryana,Gurugram,T30,36-45,Male,34.5,Verified
INV002202,2024-01-13,2025-05-20,8,16013,276.0,70.43,At Risk,Madhya Pradesh,Indore,T30,18-25,Female,7.1,Verified
INV002204,2024-07-24,2025-04-30,2,40160,280.0,280.0,At Risk,Punjab,Amritsar,B30,36-45,Male,36.1,Verified
INV002205,2024-03-01,2025-05-01,4,74314,366.0,142.0,At Risk,Gujarat,Surat,T30,26-35,Female,10.9,Verified
INV002206,2024-02-22,2024-12-12,7,119856,141.0,49.0,At Risk,Tamil Nadu,Chennai,T30,18-25,Male,7.7,Verified
INV002207,2024-02-01,2025-04-13,4,66397,252.0,145.67,At Risk,Madhya Pradesh,Indore,T30,26-35,Female,6.6,Verified
INV002208,2024-01-31,2025-04-03,7,113907,142.0,71.33,At Risk,Punjab,Chandigarh,T30,56+,Male,61.1,Verified
INV002209,2024-03-10,2024-12-06,2,9846,271.0,271.0,At Risk,West Bengal,Kolkata,T30,56+,Male,9.6,Verified
INV002211,2024-03-28,2025-04-15,7,75896,109.0,63.83,At Risk,Gujarat,Surat,T30,26-35,Male,11.3,Verified
INV002212,2024-08-01,2025-03-31,3,61036,230.0,121.0,At Risk,Telangana,Hyderabad,T30,36-45,Male,26.4,Verified
INV002213,2024-06-07,2025-02-10,5,81716,143.0,62.0,At Risk,Maharashtra,Pune,T30,36-45,Female,33.8,Pending
INV002214,2024-07-08,2025-05-23,5,12367,118.0,79.75,At Risk,Delhi,Gurugram,T30,36-45,Female,50.5,Verified
INV002215,2024-06-07,2025-02-13,4,69617,205.0,83.67,At Risk,Madhya Pradesh,Bhopal,B30,18-25,Male,3.4,Verified
INV002216,2024-03-01,2025-05-07,8,122472,172.0,61.71,At Risk,Maharashtra,Mumbai,T30,46-55,Male,26.5,Verified
INV002217,2024-01-13,2024-09-04,3,6017,166.0,117.5,At Risk,Tamil Nadu,Coimbatore,B30,18-25,Male,7.0,Verified
INV002218,2024-03-31,2025-03-05,6,78519,181.0,67.8,At Risk,Punjab,Amritsar,B30,36-45,Male,52.7,Pending
INV002219,2024-01-04,2025-05-14,8,41599,166.0,70.86,At Risk,Karnataka,Mysore,B30,26-35,Male,6.9,Verified
INV002220,2024-04-20,2024-12-28,5,41151,130.0,63.0,At Risk,Punjab,Chandigarh,T30,46-55,Male,29.9,Verified
INV002222,2024-08-11,2024-08-11,1,2065,0.0,0.0,Continuous,Punjab,Amritsar,B30,26-35,Male,8.7,Verified
INV002223,2024-01-09,2025-02-02,2,15221,390.0,390.0,At Risk,Karnataka,Bangalore,T30,36-45,Female,40.7,Verified
INV002224,2024-03-05,2024-06-24,3,70090,90.0,55.5,At Risk,Rajasthan,Udaipur,B30,26-35,Male,21.4,Verified
INV002225,2024-01-05,2024-09-26,4,20361,148.0,88.33,At Risk,Punjab,Amritsar,B30,46-55,Male,86.2,Verified
INV002226,2024-07-23,2024-08-14,2,16593,22.0,22.0,Continuous,Gujarat,Surat,T30,46-55,Female,29.3,Verified
INV002227,2024-11-01,2025-01-11,4,30084,39.0,23.67,At Risk,Uttar Pradesh,Lucknow,T30,26-35,Female,12.5,Verified
INV002228,2024-02-24,2025-02-01,6,75215,109.0,68.6,At Risk,Uttar Pradesh,Kanpur,B30,18-25,Male,7.7,Verified
INV002229,2024-04-19,2025-03-08,6,113731,101.0,64.6,At Risk,Rajasthan,Jaipur,T30,36-45,Male,24.6,Verified
INV002230,2024-03-18,2025-04-25,8,170960,171.0,57.57,At Risk,Delhi,Noida,T30,36-45,Male,21.7,Verified
INV002232,2024-01-08,2025-02-26,7,105171,174.0,69.17,At Risk,Karnataka,Bangalore,T30,26-35,Female,16.9,Verified
INV002233,2025-02-10,2025-02-10,1,2600,0.0,0.0,Continuous,Gujarat,Surat,T30,36-45,Female,21.6,Verified
INV002234,2024-04-10,2025-03-08,4,87775,171.0,110.67,At Risk,Rajasthan,Jaipur,T30,26-35,Male,24.5,Verified
INV002235,2024-04-01,2025-04-24,5,51834,137.0,97.0,At Risk,Uttar Pradesh,Agra,B30,36-45,Female,32.1,Verified
INV002236,2024-01-16,2025-04-02,7,38246,119.0,73.67,At Risk,Delhi,New Delhi,T30,26-35,Male,21.6,Verified
INV002237,2024-05-17,2025-03-23,7,61264,142.0,51.67,At Risk,Uttar Pradesh,Agra,B30,46-55,Male,23.1,Verified
INV002238,2024-01-17,2025-05-03,5,36024,161.0,118.0,At Risk,Gujarat,Surat,T30,36-45,Male,58.3,Verified
INV002239,2024-01-25,2025-04-22,3,72013,334.0,226.5,At Risk,Gujarat,Surat,T30,26-35,Male,8.9,Verified
INV002240,2024-02-02,2025-05-14,7,28229,266.0,77.83,At Risk,Haryana,Faridabad,B30,26-35,Male,24.7,Verified
INV002241,2024-04-19,2025-05-18,7,40838,124.0,65.67,At Risk,Punjab,Amritsar,B30,36-45,Female,41.4,Verified
INV002242,2024-03-06,2025-03-23,4,28727,227.0,127.33,At Risk,Gujarat,Ahmedabad,T30,26-35,Male,22.2,Verified
INV002243,2024-01-12,2025-04-15,3,5796,389.0,229.5,At Risk,Tamil Nadu,Coimbatore,B30,26-35,Male,7.8,Verified
INV002244,2024-03-17,2025-04-28,5,90239,179.0,101.75,At Risk,Maharashtra,Mumbai,T30,36-45,Male,49.4,Verified
INV002245,2024-03-07,2025-03-24,4,62924,280.0,127.33,At Risk,Karnataka,Mysore,B30,26-35,Female,24.6,Verified
INV002246,2024-09-13,2024-09-13,1,16888,0.0,0.0,Continuous,Maharashtra,Pune,T30,36-45,Male,31.2,Verified
INV002247,2024-06-09,2024-07-12,2,75739,33.0,33.0,Continuous,Karnataka,Mysore,B30,18-25,Female,6.1,Verified
INV002248,2024-08-11,2025-03-25,5,63311,73.0,56.5,At Risk,Delhi,New Delhi,T30,26-35,Male,8.1,Verified
INV002249,2024-03-03,2024-12-11,5,22848,109.0,70.75,At Risk,Karnataka,Bangalore,T30,36-45,Male,19.6,Verified
INV002250,2024-04-29,2024-10-21,5,117805,108.0,43.75,At Risk,Telangana,Hyderabad,T30,36-45,Male,20.4,Verified
INV002251,2024-06-24,2025-05-03,6,140754,157.0,62.6,At Risk,Punjab,Chandigarh,T30,26-35,Female,16.8,Verified
INV002252,2024-02-23,2024-11-22,5,37382,130.0,68.25,At Risk,Maharashtra,Pune,T30,36-45,Female,46.4,Pending
INV002253,2024-05-16,2024-05-16,1,2074,0.0,0.0,Continuous,West Bengal,Kolkata,T30,46-55,Male,28.6,Verified
INV002255,2024-05-04,2024-10-08,3,9530,95.0,78.5,At Risk,Rajasthan,Jaipur,T30,26-35,Male,24.0,Verified
INV002256,2024-01-14,2025-01-26,6,86659,115.0,75.6,At Risk,Rajasthan,Jaipur,T30,46-55,Male,49.6,Verified
INV002257,2024-03-20,2024-12-18,2,2370,273.0,273.0,At Risk,West Bengal,Kolkata,T30,26-35,Male,9.8,Pending
INV002258,2024-04-03,2025-01-08,4,74112,262.0,93.33,At Risk,Madhya Pradesh,Bhopal,B30,36-45,Male,33.7,Verified
INV002259,2024-04-27,2025-01-24,7,139276,89.0,45.33,At Risk,Madhya Pradesh,Bhopal,B30,18-25,Female,6.7,Verified
INV002260,2024-01-25,2025-02-17,6,43224,235.0,77.8,At Risk,Telangana,Hyderabad,T30,26-35,Female,10.1,Verified
INV002261,2024-06-01,2025-04-25,5,20235,162.0,82.0,At Risk,Uttar Pradesh,Kanpur,B30,18-25,Male,5.0,Verified
INV002262,2024-01-13,2024-04-21,3,14578,70.0,49.5,At Risk,Rajasthan,Udaipur,B30,26-35,Male,8.2,Verified
INV002264,2024-05-13,2025-05-25,5,83173,197.0,94.25,At Risk,Tamil Nadu,Coimbatore,B30,46-55,Female,21.2,Verified
INV002265,2024-05-07,2025-05-21,7,74670,244.0,63.17,At Risk,Rajasthan,Jaipur,T30,18-25,Female,3.8,Verified
INV002266,2024-06-23,2025-03-26,2,9384,276.0,276.0,At Risk,Telangana,Hyderabad,T30,26-35,Male,12.0,Verified
INV002267,2024-09-15,2025-03-07,5,84782,130.0,43.25,At Risk,Haryana,Faridabad,B30,18-25,Male,4.7,Verified
INV002268,2025-05-11,2025-05-11,1,2093,0.0,0.0,Continuous,Delhi,New Delhi,T30,36-45,Female,18.7,Verified
INV002269,2024-04-14,2025-04-29,2,57991,380.0,380.0,At Risk,Punjab,Amritsar,B30,36-45,Female,49.0,Verified
INV002270,2024-03-06,2025-01-07,4,144210,168.0,102.33,At Risk,Madhya Pradesh,Indore,T30,46-55,Female,23.9,Verified
INV002271,2024-04-05,2024-11-26,4,20631,102.0,78.33,At Risk,Tamil Nadu,Chennai,T30,46-55,Female,75.9,Verified
INV002272,2024-11-07,2024-11-07,1,40554,0.0,0.0,Continuous,Maharashtra,Pune,T30,18-25,Male,5.3,Verified
INV002273,2024-05-23,2024-10-07,2,24849,137.0,137.0,At Risk,West Bengal,Kolkata,T30,36-45,Male,25.3,Verified
INV002274,2024-02-24,2025-03-28,5,11120,130.0,99.5,At Risk,Tamil Nadu,Coimbatore,B30,18-25,Female,6.9,Verified
INV002275,2024-03-15,2025-04-05,5,69122,182.0,96.5,At Risk,Maharashtra,Mumbai,T30,18-25,Male,7.1,Verified
INV002276,2024-02-05,2025-03-30,5,46443,163.0,104.75,At Risk,Telangana,Hyderabad,T30,46-55,Male,88.0,Verified
INV002277,2024-03-05,2025-04-13,7,58558,127.0,67.33,At Risk,Haryana,Gurugram,T30,26-35,Female,10.3,Verified
INV002278,2024-01-22,2025-05-10,2,3791,474.0,474.0,At Risk,Uttar Pradesh,Agra,B30,46-55,Female,88.6,Verified
INV002279,2024-09-01,2024-12-02,2,51745,92.0,92.0,At Risk,Delhi,Gurugram,T30,36-45,Male,25.1,Verified
INV002280,2024-03-15,2025-05-19,7,48070,182.0,71.67,At Risk,Karnataka,Mysore,B30,18-25,Male,3.5,Verified
INV002281,2024-01-11,2025-05-08,5,39053,162.0,120.75,At Risk,Uttar Pradesh,Lucknow,T30,18-25,Female,3.1,Verified
INV002282,2024-05-02,2025-01-23,6,90468,102.0,53.2,At Risk,West Bengal,Kolkata,T30,36-45,Male,53.7,Verified
INV002283,2024-07-08,2025-01-08,3,85085,168.0,92.0,At Risk,Karnataka,Bangalore,T30,26-35,Female,14.5,Pending
INV002284,2024-02-13,2025-04-13,6,113616,277.0,85.0,At Risk,Karnataka,Bangalore,T30,36-45,Male,55.3,Pending
INV002285,2025-01-03,2025-01-09,2,30008,6.0,6.0,Continuous,Telangana,Hyderabad,T30,18-25,Male,6.6,Verified
INV002286,2024-03-25,2024-08-30,4,56913,122.0,52.67,At Risk,Tamil Nadu,Coimbatore,B30,18-25,Male,5.9,Verified
INV002287,2024-03-04,2024-11-10,3,20389,235.0,125.5,At Risk,Madhya Pradesh,Bhopal,B30,46-55,Male,64.1,Verified
INV002288,2024-09-10,2024-12-16,2,55964,97.0,97.0,At Risk,Gujarat,Surat,T30,26-35,Female,17.5,Verified
INV002290,2024-04-28,2025-03-02,6,49049,112.0,61.6,At Risk,Gujarat,Ahmedabad,T30,36-45,Male,24.7,Verified
INV002291,2024-08-01,2024-11-12,3,6541,78.0,51.5,At Risk,Telangana,Hyderabad,T30,26-35,Male,8.2,Verified
INV002292,2024-03-16,2025-03-16,5,51013,236.0,91.25,At Risk,Rajasthan,Udaipur,B30,36-45,Male,54.1,Verified
INV002294,2024-04-01,2025-03-08,8,93669,163.0,48.71,At Risk,Haryana,Gurugram,T30,26-35,Male,22.3,Verified
INV002295,2024-02-10,2025-03-03,7,97348,159.0,64.5,At Risk,Telangana,Hyderabad,T30,26-35,Female,17.9,Verified
INV002296,2024-05-22,2024-05-22,1,7412,0.0,0.0,Continuous,Gujarat,Ahmedabad,T30,56+,Male,14.8,Verified
INV002297,2024-05-10,2025-01-25,2,62192,260.0,260.0,At Risk,Haryana,Gurugram,T30,36-45,Male,22.9,Verified
INV002298,2024-09-30,2025-01-24,6,79273,37.0,23.2,At Risk,Maharashtra,Nashik,B30,56+,Male,45.3,Verified
INV002299,2024-07-02,2024-09-23,2,1037,83.0,83.0,At Risk,Karnataka,Mysore,B30,36-45,Female,26.8,Verified
INV002300,2024-05-22,2025-05-01,4,47182,251.0,114.67,At Risk,Punjab,Amritsar,B30,36-45,Female,21.1,Verified
INV002301,2025-05-08,2025-05-08,1,3574,0.0,0.0,Continuous,Delhi,Gurugram,T30,18-25,Male,6.9,Verified
INV002302,2024-03-08,2024-08-12,4,8301,102.0,52.33,At Risk,West Bengal,Kolkata,T30,26-35,Male,10.1,Verified
INV002304,2024-03-28,2025-04-15,10,88837,104.0,42.56,At Risk,Karnataka,Mysore,B30,46-55,Male,57.7,Verified
INV002306,2024-01-18,2025-04-26,5,26161,276.0,116.0,At Risk,Tamil Nadu,Chennai,T30,18-25,Male,3.4,Verified
INV002307,2024-05-02,2025-04-09,5,63338,127.0,85.5,At Risk,Gujarat,Ahmedabad,T30,26-35,Male,24.2,Verified
INV002308,2024-05-26,2025-03-12,5,59684,111.0,72.5,At Risk,Tamil Nadu,Chennai,T30,26-35,Male,19.0,Verified
INV002309,2024-09-09,2024-09-09,2,52802,0.0,0.0,Continuous,Tamil Nadu,Chennai,T30,26-35,Female,16.6,Verified
INV002310,2024-05-23,2024-08-18,2,34253,87.0,87.0,At Risk,Tamil Nadu,Coimbatore,B30,26-35,Female,15.6,Verified
INV002311,2024-03-19,2025-02-13,2,9296,331.0,331.0,At Risk,Rajasthan,Udaipur,B30,36-45,Male,31.5,Verified
INV002312,2024-02-11,2025-02-27,4,79137,228.0,127.33,At Risk,Delhi,Noida,T30,18-25,Female,5.5,Verified
INV002314,2024-04-17,2024-10-15,2,7014,181.0,181.0,At Risk,Tamil Nadu,Chennai,T30,18-25,Male,3.9,Verified
INV002315,2024-03-01,2025-05-06,7,71574,174.0,71.83,At Risk,Haryana,Faridabad,B30,18-25,Male,6.4,Verified
INV002316,2024-01-01,2024-10-27,2,6551,300.0,300.0,At Risk,Punjab,Amritsar,B30,26-35,Male,16.7,Verified
INV002317,2025-01-20,2025-01-20,1,16835,0.0,0.0,Continuous,Gujarat,Ahmedabad,T30,26-35,Male,18.1,Verified
INV002318,2024-04-07,2025-05-25,2,20024,413.0,413.0,At Risk,Tamil Nadu,Chennai,T30,36-45,Male,21.1,Verified
INV002319,2024-01-19,2025-01-13,7,77278,123.0,60.0,At Risk,Karnataka,Mysore,B30,26-35,Male,8.7,Verified
INV002320,2025-03-11,2025-03-11,1,8062,0.0,0.0,Continuous,Rajasthan,Udaipur,B30,26-35,Male,23.7,Pending
INV002321,2024-06-02,2024-06-02,1,25499,0.0,0.0,Continuous,Telangana,Hyderabad,T30,26-35,Male,22.5,Pending
INV002322,2024-05-28,2025-04-10,6,54669,102.0,63.4,At Risk,Tamil Nadu,Chennai,T30,18-25,Male,3.3,Verified
INV002323,2024-02-05,2025-01-09,5,50424,193.0,84.75,At Risk,West Bengal,Kolkata,T30,36-45,Female,33.7,Verified
INV002324,2024-07-18,2025-01-19,4,62997,113.0,61.67,At Risk,Karnataka,Bangalore,T30,26-35,Male,16.2,Verified
INV002325,2024-11-14,2025-03-06,2,6437,112.0,112.0,At Risk,Rajasthan,Udaipur,B30,36-45,Male,48.8,Verified
INV002326,2024-02-17,2025-04-05,5,9058,255.0,103.25,At Risk,Telangana,Hyderabad,T30,36-45,Female,33.2,Verified
INV002327,2024-01-27,2025-02-12,6,17936,215.0,76.4,At Risk,Punjab,Amritsar,B30,26-35,Male,7.0,Pending
INV002328,2024-01-01,2025-02-15,4,54777,191.0,137.0,At Risk,Haryana,Gurugram,T30,26-35,Male,11.6,Verified
INV002329,2024-01-06,2024-12-13,7,94661,183.0,57.0,At Risk,Madhya Pradesh,Indore,T30,56+,Male,51.2,Verified
INV002330,2024-06-26,2024-09-26,4,112362,51.0,30.67,At Risk,Madhya Pradesh,Indore,T30,26-35,Female,17.5,Verified
INV002332,2024-02-22,2025-03-28,4,76534,250.0,133.33,At Risk,Punjab,Chandigarh,T30,26-35,Female,13.4,Verified
INV002333,2024-02-07,2024-08-14,4,62111,115.0,63.0,At Risk,Uttar Pradesh,Kanpur,B30,26-35,Male,23.7,Verified
INV002334,2024-01-26,2024-06-22,2,6577,148.0,148.0,At Risk,Gujarat,Surat,T30,56+,Male,40.4,Verified
INV002335,2024-01-10,2024-01-10,1,588,0.0,0.0,Continuous,Punjab,Amritsar,B30,26-35,Male,19.3,Verified
INV002336,2025-05-08,2025-05-08,1,26986,0.0,0.0,Continuous,Maharashtra,Pune,T30,36-45,Male,35.8,Verified
INV002337,2025-02-07,2025-02-07,1,3242,0.0,0.0,Continuous,Telangana,Hyderabad,T30,26-35,Female,17.5,Verified
INV002338,2024-05-04,2025-05-12,5,88431,178.0,93.25,At Risk,Delhi,New Delhi,T30,26-35,Male,23.6,Verified
INV002339,2024-10-14,2025-01-25,3,43609,78.0,51.5,At Risk,Delhi,New Delhi,T30,36-45,Male,46.4,Verified
INV002341,2024-10-01,2025-03-07,4,35291,89.0,52.33,At Risk,West Bengal,Kolkata,T30,36-45,Female,50.8,Verified
INV002342,2024-04-13,2025-04-19,6,43134,212.0,74.2,At Risk,Maharashtra,Mumbai,T30,26-35,Male,15.8,Pending
INV002343,2024-01-04,2025-04-10,9,97388,115.0,57.75,At Risk,Punjab,Amritsar,B30,26-35,Male,22.1,Verified
INV002344,2024-03-13,2024-11-29,4,127923,206.0,87.0,At Risk,Punjab,Chandigarh,T30,46-55,Female,92.9,Verified
INV002345,2024-06-23,2025-05-15,5,25850,161.0,81.5,At Risk,Uttar Pradesh,Agra,B30,36-45,Male,38.3,Verified
INV002346,2024-06-21,2024-08-02,2,2679,42.0,42.0,At Risk,Maharashtra,Mumbai,T30,36-45,Male,54.5,Verified
INV002347,2024-06-10,2025-04-30,9,30517,79.0,40.5,At Risk,Delhi,New Delhi,T30,26-35,Female,6.5,Verified
INV002348,2024-01-30,2025-05-16,6,43335,166.0,94.4,At Risk,Uttar Pradesh,Agra,B30,26-35,Male,13.4,Verified
INV002349,2024-04-08,2024-12-25,6,31786,75.0,52.2,At Risk,Punjab,Amritsar,B30,26-35,Female,9.6,Verified
INV002350,2024-01-24,2025-05-21,4,29688,220.0,161.0,At Risk,Tamil Nadu,Chennai,T30,26-35,Male,23.0,Verified
INV002351,2024-03-13,2025-04-03,6,66039,204.0,77.2,At Risk,Gujarat,Ahmedabad,T30,36-45,Male,18.9,Verified
INV002352,2024-10-02,2025-05-29,2,53550,239.0,239.0,At Risk,Uttar Pradesh,Lucknow,T30,56+,Male,28.1,Verified
INV002353,2024-06-29,2025-03-10,4,55867,134.0,84.67,At Risk,West Bengal,Kolkata,T30,46-55,Male,40.5,Verified
INV002355,2024-10-16,2024-10-16,1,7493,0.0,0.0,Continuous,Rajasthan,Jaipur,T30,26-35,Female,23.7,Verified
INV002357,2024-01-03,2025-02-16,7,77648,240.0,68.33,At Risk,Delhi,Gurugram,T30,26-35,Male,7.8,Verified
INV002358,2024-03-15,2024-12-06,4,67939,209.0,88.67,At Risk,Telangana,Hyderabad,T30,36-45,Female,55.6,Verified
INV002360,2024-03-05,2025-05-28,9,147868,129.0,56.12,At Risk,Maharashtra,Mumbai,T30,26-35,Male,11.6,Verified
INV002361,2024-01-08,2024-10-11,6,123135,198.0,55.4,At Risk,Gujarat,Surat,T30,36-45,Male,59.3,Verified
INV002363,2024-03-27,2025-05-28,5,37857,148.0,106.75,At Risk,Punjab,Chandigarh,T30,26-35,Male,12.7,Verified
INV002364,2024-09-13,2025-03-16,4,90600,87.0,61.33,At Risk,Rajasthan,Jaipur,T30,46-55,Male,51.3,Verified
INV002365,2024-02-13,2025-05-20,4,38806,227.0,154.0,At Risk,Gujarat,Ahmedabad,T30,46-55,Male,76.9,Verified
INV002366,2024-05-09,2025-03-23,2,27719,318.0,318.0,At Risk,Telangana,Hyderabad,T30,26-35,Female,20.4,Verified
INV002367,2024-05-11,2025-03-22,7,52309,134.0,52.5,At Risk,Telangana,Hyderabad,T30,26-35,Male,13.9,Verified
INV002368,2024-04-06,2025-04-08,7,36706,215.0,61.17,At Risk,Telangana,Hyderabad,T30,26-35,Male,13.7,Verified
INV002369,2024-04-02,2025-01-27,6,142348,136.0,60.0,At Risk,Madhya Pradesh,Bhopal,B30,36-45,Male,33.6,Pending
INV002370,2024-03-10,2025-05-05,7,89876,237.0,70.17,At Risk,Delhi,Noida,T30,26-35,Male,16.6,Verified
INV002371,2024-10-21,2024-10-21,1,5338,0.0,0.0,Continuous,Haryana,Faridabad,B30,26-35,Female,20.9,Verified
INV002372,2024-01-26,2025-05-16,6,55170,133.0,95.2,At Risk,Maharashtra,Pune,T30,36-45,Female,28.6,Verified
INV002373,2024-01-19,2025-05-24,8,177377,154.0,70.14,At Risk,Maharashtra,Pune,T30,36-45,Male,56.3,Verified
INV002374,2024-10-21,2025-02-04,6,87120,34.0,21.2,Continuous,Uttar Pradesh,Kanpur,B30,26-35,Female,8.6,Verified
INV002375,2024-03-21,2024-07-09,3,7529,103.0,55.0,At Risk,Haryana,Gurugram,T30,46-55,Male,64.0,Verified
INV002376,2025-05-19,2025-05-19,1,5340,0.0,0.0,Continuous,Tamil Nadu,Chennai,T30,18-25,Male,6.8,Verified
INV002377,2024-07-09,2025-03-24,3,5551,164.0,129.0,At Risk,Madhya Pradesh,Bhopal,B30,18-25,Male,7.1,Verified
INV002378,2024-03-13,2025-02-12,4,114822,212.0,112.0,At Risk,Haryana,Gurugram,T30,26-35,Male,12.1,Verified
INV002379,2024-01-10,2025-03-10,3,23068,369.0,212.5,At Risk,Madhya Pradesh,Bhopal,B30,26-35,Male,15.6,Verified
INV002380,2024-05-09,2025-03-12,4,59019,195.0,102.33,At Risk,Gujarat,Surat,T30,26-35,Male,19.4,Verified
INV002381,2024-03-24,2025-03-15,4,74549,182.0,118.67,At Risk,Karnataka,Mysore,B30,36-45,Male,23.1,Pending
INV002382,2024-05-05,2024-12-11,5,50155,77.0,55.0,At Risk,Maharashtra,Mumbai,T30,26-35,Male,18.5,Verified
INV002383,2024-03-19,2024-03-19,1,28350,0.0,0.0,Continuous,Madhya Pradesh,Bhopal,B30,18-25,Female,3.2,Verified
INV002384,2024-06-05,2025-05-23,10,107297,92.0,39.11,At Risk,Karnataka,Mysore,B30,26-35,Male,24.3,Verified
INV002385,2024-02-03,2024-03-20,3,55543,41.0,23.0,At Risk,Punjab,Chandigarh,T30,26-35,Male,21.9,Verified
INV002386,2024-02-01,2024-02-01,1,3282,0.0,0.0,Continuous,Rajasthan,Jaipur,T30,26-35,Female,19.8,Verified
INV002387,2024-01-01,2025-05-28,5,53919,254.0,128.25,At Risk,Telangana,Hyderabad,T30,26-35,Male,13.1,Verified
INV002388,2024-11-27,2025-05-12,6,109517,84.0,33.2,At Risk,Haryana,Faridabad,B30,18-25,Male,4.8,Verified
INV002389,2024-02-06,2025-05-08,10,37401,126.0,50.78,At Risk,Haryana,Faridabad,B30,36-45,Male,50.8,Verified
INV002390,2024-03-20,2024-11-10,6,90741,100.0,47.0,At Risk,Uttar Pradesh,Kanpur,B30,56+,Female,24.4,Verified
INV002391,2024-05-05,2024-11-22,6,59250,124.0,40.2,At Risk,Madhya Pradesh,Bhopal,B30,18-25,Female,7.9,Verified
INV002392,2024-07-07,2025-03-15,4,18100,117.0,83.67,At Risk,Madhya Pradesh,Indore,T30,56+,Female,68.4,Verified
INV002393,2024-05-15,2025-04-02,5,45146,188.0,80.5,At Risk,Madhya Pradesh,Bhopal,B30,26-35,Female,15.2,Verified
INV002394,2024-08-23,2025-04-27,5,37371,126.0,61.75,At Risk,Delhi,Gurugram,T30,46-55,Male,84.9,Verified
INV002395,2024-01-17,2025-05-16,6,58610,225.0,97.0,At Risk,West Bengal,Kolkata,T30,26-35,Male,13.0,Verified
INV002396,2025-02-13,2025-02-13,1,6575,0.0,0.0,Continuous,Rajasthan,Udaipur,B30,18-25,Female,3.6,Verified
INV002397,2024-06-17,2025-04-23,4,75443,141.0,103.33,At Risk,Tamil Nadu,Coimbatore,B30,26-35,Male,20.2,Verified
INV002399,2024-06-20,2025-04-10,4,96314,219.0,98.0,At Risk,Gujarat,Ahmedabad,T30,46-55,Female,34.7,Pending
INV002400,2024-01-04,2025-03-22,9,37008,141.0,55.38,At Risk,Punjab,Chandigarh,T30,36-45,Male,15.5,Verified
INV002401,2024-01-12,2025-03-01,8,30941,125.0,59.14,At Risk,West Bengal,Kolkata,T30,26-35,Male,20.9,Verified
INV002402,2024-08-17,2025-05-27,7,91623,89.0,47.17,At Risk,Uttar Pradesh,Lucknow,T30,46-55,Male,55.5,Verified
INV002403,2024-01-10,2025-01-16,2,44971,372.0,372.0,At Risk,Maharashtra,Nashik,B30,18-25,Male,3.3,Verified
INV002404,2024-04-09,2024-07-09,2,68711,91.0,91.0,At Risk,Madhya Pradesh,Bhopal,B30,18-25,Female,7.5,Pending
INV002405,2024-03-11,2024-10-20,3,40480,158.0,111.5,At Risk,Maharashtra,Nashik,B30,18-25,Male,7.6,Verified
INV002406,2025-03-27,2025-03-27,1,2701,0.0,0.0,Continuous,Tamil Nadu,Chennai,T30,36-45,Male,31.9,Verified
INV002407,2024-08-02,2025-05-16,7,68991,167.0,47.83,At Risk,West Bengal,Kolkata,T30,36-45,Male,35.9,Verified
INV002408,2024-03-16,2024-07-01,2,41074,107.0,107.0,At Risk,Rajasthan,Jaipur,T30,56+,Male,56.2,Verified
INV002409,2024-05-04,2025-05-28,8,88823,125.0,55.57,At Risk,Punjab,Amritsar,B30,18-25,Female,4.9,Verified
INV002410,2024-10-26,2024-10-26,1,2285,0.0,0.0,Continuous,Uttar Pradesh,Kanpur,B30,26-35,Male,8.7,Verified
INV002411,2024-04-17,2025-05-14,3,27263,380.0,196.0,At Risk,Rajasthan,Jaipur,T30,46-55,Male,38.4,Pending
INV002412,2024-01-15,2025-01-17,5,18574,115.0,92.0,At Risk,Karnataka,Bangalore,T30,26-35,Male,11.4,Verified
INV002413,2024-05-24,2025-05-30,8,63974,189.0,53.0,At Risk,Gujarat,Surat,T30,26-35,Male,14.4,Verified
INV002414,2024-12-16,2025-04-30,4,16928,65.0,45.0,At Risk,Gujarat,Surat,T30,26-35,Female,24.1,Verified
INV002415,2024-03-14,2025-04-20,8,96841,110.0,57.43,At Risk,West Bengal,Kolkata,T30,36-45,Male,13.9,Verified
INV002416,2024-10-01,2025-04-29,4,61774,123.0,70.0,At Risk,Telangana,Hyderabad,T30,26-35,Female,15.2,Pending
INV002417,2024-01-03,2025-05-17,7,126729,190.0,83.33,At Risk,Tamil Nadu,Coimbatore,B30,26-35,Male,16.8,Verified
INV002418,2024-01-30,2025-05-02,6,34952,128.0,91.6,At Risk,Haryana,Faridabad,B30,36-45,Male,34.0,Verified
INV002419,2025-05-17,2025-05-17,1,3279,0.0,0.0,Continuous,Madhya Pradesh,Bhopal,B30,36-45,Male,58.7,Verified
INV002420,2024-01-15,2025-01-13,6,54588,107.0,72.8,At Risk,Karnataka,Mysore,B30,26-35,Female,6.4,Verified
INV002421,2025-01-13,2025-01-13,1,26163,0.0,0.0,Continuous,Delhi,New Delhi,T30,26-35,Male,6.8,Verified
INV002422,2024-01-25,2025-04-22,10,78015,139.0,50.33,At Risk,Tamil Nadu,Chennai,T30,36-45,Male,20.5,Verified
INV002423,2024-05-21,2024-11-16,3,47412,127.0,89.5,At Risk,Haryana,Gurugram,T30,46-55,Male,38.7,Verified
INV002424,2024-04-19,2025-01-09,3,34988,138.0,132.5,At Risk,Telangana,Hyderabad,T30,56+,Female,51.2,Verified
INV002425,2024-09-26,2025-01-01,2,59396,97.0,97.0,At Risk,Madhya Pradesh,Bhopal,B30,26-35,Male,18.1,Verified
INV002426,2024-04-18,2025-03-19,5,111654,148.0,83.75,At Risk,Haryana,Faridabad,B30,26-35,Male,10.9,Verified
INV002427,2024-12-18,2025-03-21,4,20118,56.0,31.0,At Risk,Karnataka,Mysore,B30,18-25,Female,6.5,Verified
INV002428,2024-07-21,2024-07-21,1,8304,0.0,0.0,Continuous,Gujarat,Ahmedabad,T30,56+,Female,38.0,Verified
INV002429,2024-02-16,2025-03-15,6,95082,216.0,78.6,At Risk,Rajasthan,Udaipur,B30,26-35,Male,11.2,Verified
INV002430,2024-02-04,2024-12-05,4,32915,139.0,101.67,At Risk,Madhya Pradesh,Bhopal,B30,26-35,Male,16.2,Verified
INV002431,2024-08-23,2025-05-11,2,22267,261.0,261.0,At Risk,Delhi,Noida,T30,26-35,Female,14.8,Verified
INV002432,2024-01-01,2024-10-16,2,12141,289.0,289.0,At Risk,Haryana,Gurugram,T30,46-55,Female,48.1,Verified
INV002433,2024-09-21,2024-09-21,1,1109,0.0,0.0,Continuous,Tamil Nadu,Coimbatore,B30,36-45,Female,46.3,Verified
INV002434,2024-01-13,2025-03-29,6,38421,217.0,88.2,At Risk,Uttar Pradesh,Agra,B30,26-35,Male,13.8,Verified
INV002435,2024-05-13,2025-04-24,5,41496,122.0,86.5,At Risk,Maharashtra,Nashik,B30,56+,Female,58.6,Verified
INV002436,2024-01-04,2025-04-04,4,16148,216.0,152.0,At Risk,Gujarat,Surat,T30,46-55,Male,28.8,Verified
INV002437,2024-04-25,2025-02-14,7,180355,212.0,49.17,At Risk,Haryana,Faridabad,B30,26-35,Male,24.8,Verified
INV002438,2025-03-20,2025-03-20,1,8198,0.0,0.0,Continuous,Uttar Pradesh,Kanpur,B30,56+,Male,37.9,Verified
INV002440,2024-01-27,2024-10-13,3,103597,190.0,130.0,At Risk,Karnataka,Bangalore,T30,18-25,Female,3.0,Verified
INV002441,2024-01-16,2024-07-26,2,3621,192.0,192.0,At Risk,Punjab,Chandigarh,T30,26-35,Male,19.6,Verified
INV002442,2025-02-08,2025-05-08,2,7979,89.0,89.0,At Risk,Rajasthan,Udaipur,B30,56+,Female,30.7,Verified
INV002443,2025-05-02,2025-05-02,1,2279,0.0,0.0,Continuous,Telangana,Hyderabad,T30,36-45,Male,57.0,Pending
INV002444,2025-02-27,2025-03-15,2,3487,16.0,16.0,Continuous,Uttar Pradesh,Lucknow,T30,18-25,Female,3.8,Verified
INV002445,2024-02-24,2024-11-17,8,93265,117.0,38.14,At Risk,Punjab,Chandigarh,T30,26-35,Male,9.5,Verified
INV002446,2024-02-10,2025-04-04,4,107054,192.0,139.67,At Risk,Tamil Nadu,Coimbatore,B30,26-35,Male,12.9,Verified
INV002447,2025-03-01,2025-03-01,1,21120,0.0,0.0,Continuous,Telangana,Hyderabad,T30,26-35,Male,21.3,Verified
INV002448,2024-08-26,2024-10-30,2,4713,65.0,65.0,At Risk,Madhya Pradesh,Bhopal,B30,26-35,Male,24.7,Verified
INV002449,2024-01-24,2024-06-20,2,8972,148.0,148.0,At Risk,Punjab,Amritsar,B30,46-55,Male,78.3,Verified
INV002450,2024-04-07,2024-09-12,2,16323,158.0,158.0,At Risk,West Bengal,Kolkata,T30,36-45,Female,14.5,Pending
INV002451,2024-07-03,2025-04-01,2,90042,272.0,272.0,At Risk,Punjab,Chandigarh,T30,18-25,Male,6.6,Verified
INV002452,2024-04-02,2024-11-04,4,62458,125.0,72.0,At Risk,Uttar Pradesh,Kanpur,B30,18-25,Male,5.1,Verified
INV002453,2024-03-14,2025-03-27,7,76815,87.0,63.0,At Risk,Gujarat,Surat,T30,26-35,Female,16.1,Verified
INV002454,2024-04-14,2024-09-02,3,24404,77.0,70.5,At Risk,Uttar Pradesh,Agra,B30,36-45,Male,37.5,Verified
INV002455,2024-05-08,2024-05-08,1,5559,0.0,0.0,Continuous,West Bengal,Kolkata,T30,26-35,Male,13.4,Verified
INV002457,2024-07-09,2025-05-05,2,68550,300.0,300.0,At Risk,Gujarat,Surat,T30,36-45,Male,39.2,Verified
INV002458,2024-04-20,2025-04-17,6,80628,232.0,72.4,At Risk,West Bengal,Kolkata,T30,18-25,Male,7.1,Verified
INV002459,2024-02-03,2025-02-13,8,40242,161.0,53.71,At Risk,Rajasthan,Udaipur,B30,18-25,Female,5.2,Pending
INV002460,2024-06-15,2025-04-13,3,60628,276.0,151.0,At Risk,Madhya Pradesh,Bhopal,B30,36-45,Male,44.8,Verified
INV002461,2024-01-29,2025-04-12,4,17526,204.0,146.33,At Risk,West Bengal,Kolkata,T30,26-35,Male,19.5,Verified
INV002462,2025-04-16,2025-04-16,1,7150,0.0,0.0,Continuous,Madhya Pradesh,Indore,T30,36-45,Male,19.6,Verified
INV002463,2024-02-07,2025-05-29,6,43792,236.0,95.4,At Risk,Punjab,Amritsar,B30,18-25,Male,7.0,Verified
INV002464,2024-02-21,2024-08-16,6,50372,97.0,35.4,At Risk,Karnataka,Bangalore,T30,26-35,Female,22.9,Verified
INV002465,2025-03-09,2025-04-06,2,15763,28.0,28.0,Continuous,Rajasthan,Jaipur,T30,26-35,Female,7.0,Verified
INV002466,2024-01-30,2025-05-28,7,96619,270.0,80.67,At Risk,Madhya Pradesh,Indore,T30,36-45,Male,36.9,Verified
INV002467,2024-01-03,2024-10-01,8,200058,116.0,38.86,At Risk,Punjab,Chandigarh,T30,36-45,Male,12.3,Verified
INV002468,2024-03-22,2024-10-22,4,39817,120.0,71.33,At Risk,West Bengal,Kolkata,T30,46-55,Male,48.8,Verified
INV002469,2024-03-15,2025-03-27,5,58606,208.0,94.25,At Risk,Tamil Nadu,Chennai,T30,26-35,Female,12.3,Pending
INV002470,2024-07-21,2024-07-21,1,1135,0.0,0.0,Continuous,Telangana,Hyderabad,T30,46-55,Female,26.1,Verified
INV002471,2024-01-07,2024-10-15,6,65355,98.0,56.4,At Risk,Punjab,Chandigarh,T30,18-25,Male,3.1,Verified
INV002472,2024-01-17,2024-11-18,3,37306,158.0,153.0,At Risk,Maharashtra,Mumbai,T30,26-35,Female,19.1,Verified
INV002473,2024-05-12,2025-04-28,3,20533,320.0,175.5,At Risk,Uttar Pradesh,Lucknow,T30,36-45,Male,41.8,Verified
INV002474,2024-09-04,2024-09-04,1,1870,0.0,0.0,Continuous,Gujarat,Surat,T30,36-45,Male,54.3,Verified
INV002475,2024-03-06,2025-05-27,10,65140,119.0,49.67,At Risk,Delhi,New Delhi,T30,26-35,Male,14.4,Verified
INV002476,2024-01-19,2025-03-24,6,74851,235.0,86.0,At Risk,Telangana,Hyderabad,T30,36-45,Female,58.6,Verified
INV002477,2024-04-13,2024-06-30,3,53918,58.0,39.0,At Risk,West Bengal,Kolkata,T30,46-55,Female,72.4,Verified
INV002478,2024-08-20,2024-08-20,1,9387,0.0,0.0,Continuous,Telangana,Hyderabad,T30,18-25,Male,4.4,Verified
INV002479,2024-07-09,2025-03-26,2,29314,260.0,260.0,At Risk,Haryana,Gurugram,T30,18-25,Male,3.3,Verified
INV002481,2024-03-12,2024-03-12,1,2615,0.0,0.0,Continuous,West Bengal,Kolkata,T30,46-55,Male,64.1,Verified
INV002483,2024-01-25,2024-05-25,4,8447,96.0,40.33,At Risk,Delhi,New Delhi,T30,46-55,Female,60.8,Verified
INV002484,2025-02-07,2025-02-07,1,1094,0.0,0.0,Continuous,Telangana,Hyderabad,T30,26-35,Male,24.1,Verified
INV002485,2024-03-25,2025-03-12,6,58588,136.0,70.4,At Risk,Karnataka,Mysore,B30,46-55,Female,70.2,Verified
INV002486,2024-05-08,2025-02-25,5,78770,229.0,73.25,At Risk,Gujarat,Surat,T30,56+,Male,16.2,Verified
INV002487,2024-04-23,2024-06-10,2,18142,48.0,48.0,At Risk,Punjab,Chandigarh,T30,26-35,Male,19.5,Verified
INV002488,2024-04-29,2025-04-14,4,69728,199.0,116.67,At Risk,Delhi,Gurugram,T30,26-35,Male,12.2,Verified
INV002489,2024-11-05,2025-03-29,2,3507,144.0,144.0,At Risk,Haryana,Faridabad,B30,56+,Female,52.2,Verified
INV002490,2024-01-09,2025-05-13,8,221876,125.0,70.0,At Risk,Gujarat,Surat,T30,36-45,Female,28.1,Verified
INV002491,2024-12-15,2025-01-01,2,28275,17.0,17.0,Continuous,Karnataka,Mysore,B30,18-25,Male,4.4,Verified
INV002493,2024-01-18,2025-04-02,3,61288,276.0,220.0,At Risk,Maharashtra,Mumbai,T30,56+,Female,27.1,Verified
INV002494,2024-03-25,2024-03-25,1,8822,0.0,0.0,Continuous,Delhi,Noida,T30,46-55,Male,40.0,Verified
INV002495,2024-01-04,2025-02-18,6,64609,174.0,82.2,At Risk,Maharashtra,Nashik,B30,26-35,Male,6.6,Verified
INV002496,2024-08-09,2025-05-01,6,28341,156.0,53.0,At Risk,Karnataka,Mysore,B30,36-45,Male,40.5,Verified
INV002497,2024-01-13,2025-04-28,8,105613,152.0,67.29,At Risk,Telangana,Hyderabad,T30,26-35,Female,13.0,Verified
INV002498,2025-05-27,2025-05-27,1,2741,0.0,0.0,Continuous,Gujarat,Ahmedabad,T30,36-45,Male,56.2,Verified
INV002499,2024-09-21,2025-05-30,2,3394,251.0,251.0,At Risk,Gujarat,Surat,T30,26-35,Male,23.0,Verified
INV002500,2024-01-20,2025-03-13,5,86513,223.0,104.5,At Risk,Delhi,New Delhi,T30,26-35,Male,14.7,Verified
INV002502,2024-02-08,2025-05-15,5,15520,222.0,115.5,At Risk,Tamil Nadu,Coimbatore,B30,26-35,Male,23.6,Verified
INV002503,2024-04-24,2024-09-28,4,37323,94.0,52.33,At Risk,Gujarat,Ahmedabad,T30,26-35,Male,11.5,Verified
INV002504,2024-07-09,2025-05-18,5,67257,206.0,78.25,At Risk,Madhya Pradesh,Bhopal,B30,26-35,Male,22.4,Verified
INV002505,2024-01-07,2025-03-31,2,8583,449.0,449.0,At Risk,Tamil Nadu,Coimbatore,B30,36-45,Female,21.1,Verified
INV002506,2024-03-05,2025-03-25,5,65187,130.0,96.25,At Risk,Karnataka,Bangalore,T30,18-25,Female,3.2,Verified
INV002507,2024-04-07,2025-05-28,4,29070,192.0,138.67,At Risk,Tamil Nadu,Chennai,T30,26-35,Female,12.7,Verified
INV002508,2024-04-06,2025-05-24,9,128547,171.0,51.62,At Risk,West Bengal,Kolkata,T30,46-55,Male,60.8,Verified
INV002509,2024-02-07,2024-12-06,10,117779,74.0,33.67,At Risk,Maharashtra,Mumbai,T30,36-45,Female,19.9,Pending
INV002510,2024-01-10,2025-01-30,7,83001,176.0,64.33,At Risk,Karnataka,Mysore,B30,36-45,Male,32.6,Verified
INV002511,2024-03-29,2024-03-29,1,4132,0.0,0.0,Continuous,Rajasthan,Jaipur,T30,36-45,Male,45.5,Verified
INV002512,2025-03-26,2025-03-29,2,13207,3.0,3.0,Continuous,Rajasthan,Jaipur,T30,46-55,Male,74.6,Verified
INV002513,2024-09-11,2025-04-12,3,31837,114.0,106.5,At Risk,Punjab,Amritsar,B30,26-35,Female,10.6,Verified
INV002514,2025-02-18,2025-03-01,2,13001,11.0,11.0,Continuous,Rajasthan,Udaipur,B30,18-25,Male,7.5,Verified
INV002515,2024-12-22,2025-01-15,2,4719,24.0,24.0,Continuous,West Bengal,Kolkata,T30,56+,Female,73.9,Pending
INV002516,2024-11-22,2025-03-14,3,45310,77.0,56.0,At Risk,Uttar Pradesh,Agra,B30,36-45,Female,39.6,Verified
INV002517,2024-12-11,2024-12-11,1,4897,0.0,0.0,Continuous,Telangana,Hyderabad,T30,26-35,Male,19.8,Verified
INV002518,2024-03-26,2025-05-12,3,8309,284.0,206.0,At Risk,Karnataka,Bangalore,T30,36-45,Male,39.4,Verified
INV002519,2024-04-03,2024-04-03,1,48999,0.0,0.0,Continuous,Gujarat,Ahmedabad,T30,56+,Male,29.7,Verified
INV002520,2024-06-23,2025-04-27,4,22082,202.0,102.67,At Risk,Tamil Nadu,Chennai,T30,36-45,Male,48.9,Verified
INV002521,2024-04-27,2025-05-05,6,46638,206.0,74.6,At Risk,Punjab,Chandigarh,T30,26-35,Male,12.3,Verified
INV002523,2024-05-02,2025-05-17,5,50071,179.0,95.0,At Risk,Telangana,Hyderabad,T30,46-55,Female,57.2,Verified
INV002524,2024-12-09,2024-12-09,1,28916,0.0,0.0,Continuous,Rajasthan,Udaipur,B30,46-55,Male,72.9,Verified
INV002525,2024-04-11,2024-11-30,2,45894,233.0,233.0,At Risk,Tamil Nadu,Coimbatore,B30,18-25,Male,4.5,Verified
INV002526,2024-06-27,2025-02-27,5,95794,174.0,61.25,At Risk,Madhya Pradesh,Bhopal,B30,18-25,Female,3.5,Pending
INV002527,2024-01-18,2024-11-11,7,9444,93.0,49.67,At Risk,Telangana,Hyderabad,T30,18-25,Male,6.8,Verified
INV002528,2024-04-18,2025-02-18,5,24269,241.0,76.5,At Risk,Gujarat,Ahmedabad,T30,46-55,Male,16.3,Verified
INV002529,2024-02-15,2025-02-19,4,82754,202.0,123.33,At Risk,Maharashtra,Mumbai,T30,18-25,Female,5.3,Verified
INV002530,2024-01-05,2025-05-19,8,74111,175.0,71.43,At Risk,Telangana,Hyderabad,T30,36-45,Male,53.9,Pending
INV002531,2024-02-01,2025-05-04,7,30854,182.0,76.33,At Risk,Rajasthan,Udaipur,B30,36-45,Female,50.4,Verified
INV002532,2024-08-27,2025-04-27,3,62862,223.0,121.5,At Risk,Telangana,Hyderabad,T30,56+,Female,11.7,Verified
INV002533,2024-04-06,2024-11-22,5,16293,88.0,57.5,At Risk,Haryana,Faridabad,B30,46-55,Male,73.5,Verified
INV002534,2024-04-29,2025-04-18,2,52634,354.0,354.0,At Risk,Madhya Pradesh,Indore,T30,46-55,Male,31.0,Verified
INV002535,2024-10-09,2025-01-24,3,52902,78.0,53.5,At Risk,Rajasthan,Udaipur,B30,36-45,Male,22.6,Verified
INV002536,2024-03-16,2024-07-27,2,12992,133.0,133.0,At Risk,West Bengal,Kolkata,T30,26-35,Male,11.9,Verified
INV002538,2024-09-12,2025-05-20,2,30934,250.0,250.0,At Risk,Haryana,Gurugram,T30,18-25,Male,4.7,Verified
INV002539,2025-01-16,2025-03-22,2,9949,65.0,65.0,At Risk,Gujarat,Ahmedabad,T30,18-25,Male,6.4,Verified
INV002540,2024-02-04,2025-01-07,4,7261,291.0,112.67,At Risk,Uttar Pradesh,Agra,B30,26-35,Male,10.8,Verified
INV002541,2025-03-24,2025-03-24,1,1081,0.0,0.0,Continuous,Karnataka,Mysore,B30,46-55,Male,63.8,Verified
INV002542,2024-06-03,2025-05-19,4,26395,188.0,116.67,At Risk,Telangana,Hyderabad,T30,26-35,Female,15.9,Verified
INV002543,2024-02-05,2025-04-28,7,90368,116.0,74.67,At Risk,Madhya Pradesh,Indore,T30,18-25,Female,7.7,Verified
INV002544,2024-08-06,2024-08-06,1,8566,0.0,0.0,Continuous,Haryana,Faridabad,B30,26-35,Male,7.4,Verified
INV002545,2024-03-16,2025-02-12,2,8593,333.0,333.0,At Risk,Haryana,Faridabad,B30,36-45,Male,31.5,Verified
INV002546,2024-04-09,2024-11-25,4,45287,152.0,76.67,At Risk,Gujarat,Surat,T30,26-35,Male,19.3,Verified
INV002547,2024-02-04,2025-04-24,6,19927,181.0,89.0,At Risk,Haryana,Gurugram,T30,26-35,Male,7.3,Verified
INV002548,2024-01-06,2025-04-29,4,64311,339.0,159.67,At Risk,Haryana,Gurugram,T30,26-35,Male,21.3,Verified
INV002549,2024-01-08,2025-02-27,5,30889,204.0,104.0,At Risk,Delhi,New Delhi,T30,26-35,Male,12.5,Verified
INV002550,2024-04-19,2024-11-04,2,5696,199.0,199.0,At Risk,Tamil Nadu,Coimbatore,B30,26-35,Female,15.3,Verified
INV002551,2024-01-16,2025-03-07,5,71077,164.0,104.0,At Risk,West Bengal,Kolkata,T30,18-25,Female,5.9,Verified
INV002552,2024-01-10,2025-03-19,10,117496,184.0,48.22,At Risk,Delhi,Gurugram,T30,36-45,Male,24.4,Verified
INV002553,2024-06-10,2025-04-30,3,84989,241.0,162.0,At Risk,Gujarat,Ahmedabad,T30,36-45,Female,47.8,Verified
INV002554,2024-01-04,2024-10-28,7,51011,100.0,49.67,At Risk,Madhya Pradesh,Bhopal,B30,18-25,Male,5.4,Verified
INV002555,2024-01-30,2025-04-06,7,87655,172.0,72.0,At Risk,Gujarat,Ahmedabad,T30,36-45,Male,24.5,Pending
INV002556,2025-01-03,2025-03-13,2,5821,69.0,69.0,At Risk,Delhi,Noida,T30,26-35,Male,8.1,Verified
INV002557,2024-03-30,2025-05-07,7,32589,264.0,67.17,At Risk,West Bengal,Kolkata,T30,26-35,Female,18.2,Verified
INV002558,2024-01-23,2025-05-25,6,52002,297.0,97.6,At Risk,Haryana,Faridabad,B30,26-35,Female,9.1,Verified
INV002559,2025-01-23,2025-01-23,1,12520,0.0,0.0,Continuous,Haryana,Faridabad,B30,18-25,Female,3.4,Verified
INV002560,2024-01-02,2025-04-22,6,25934,155.0,95.2,At Risk,Haryana,Faridabad,B30,26-35,Male,6.4,Verified
INV002561,2024-09-20,2025-01-27,3,11430,68.0,64.5,At Risk,Gujarat,Ahmedabad,T30,18-25,Female,4.6,Verified
INV002562,2025-01-04,2025-01-04,1,43246,0.0,0.0,Continuous,Telangana,Hyderabad,T30,26-35,Male,8.7,Verified
INV002563,2024-01-27,2024-12-21,6,18179,114.0,65.8,At Risk,Madhya Pradesh,Indore,T30,18-25,Female,6.8,Verified
INV002564,2024-06-18,2024-06-18,1,6737,0.0,0.0,Continuous,Maharashtra,Pune,T30,18-25,Male,5.6,Verified
INV002565,2024-02-26,2025-05-18,5,15338,281.0,111.75,At Risk,Rajasthan,Jaipur,T30,26-35,Male,10.0,Verified
INV002566,2024-03-23,2025-05-26,4,10288,323.0,143.0,At Risk,Uttar Pradesh,Kanpur,B30,26-35,Female,23.0,Verified
INV002567,2024-01-05,2025-02-18,6,51780,127.0,82.0,At Risk,Madhya Pradesh,Indore,T30,36-45,Male,20.3,Verified
INV002568,2024-03-02,2025-05-07,8,138384,144.0,61.57,At Risk,Uttar Pradesh,Lucknow,T30,26-35,Female,7.3,Verified
INV002569,2024-08-23,2024-08-23,1,1962,0.0,0.0,Continuous,Maharashtra,Nashik,B30,36-45,Female,16.5,Verified
INV002570,2024-02-14,2025-02-20,7,26296,150.0,62.0,At Risk,Punjab,Chandigarh,T30,36-45,Male,55.3,Verified
INV002571,2024-01-31,2025-04-22,4,37880,225.0,149.0,At Risk,Delhi,New Delhi,T30,36-45,Female,32.1,Verified
INV002572,2024-04-24,2025-05-19,8,126760,108.0,55.71,At Risk,Rajasthan,Jaipur,T30,56+,Male,19.5,Verified
INV002573,2025-02-02,2025-02-02,1,8328,0.0,0.0,Continuous,Punjab,Amritsar,B30,26-35,Male,10.0,Verified
INV002574,2024-01-31,2025-03-03,6,98204,139.0,79.4,At Risk,Maharashtra,Nashik,B30,26-35,Male,11.1,Pending
INV002575,2024-02-18,2025-05-12,9,155419,128.0,56.12,At Risk,West Bengal,Kolkata,T30,18-25,Male,7.9,Verified
INV002576,2024-03-18,2024-12-26,4,35308,160.0,94.33,At Risk,Telangana,Hyderabad,T30,26-35,Male,20.3,Verified
INV002577,2024-03-11,2024-07-12,3,51820,78.0,61.5,At Risk,Karnataka,Mysore,B30,36-45,Female,60.0,Verified
INV002578,2024-02-09,2025-04-27,2,31372,443.0,443.0,At Risk,Telangana,Hyderabad,T30,26-35,Male,20.9,Verified
INV002579,2024-08-14,2025-03-06,6,136656,71.0,40.8,At Risk,Maharashtra,Mumbai,T30,36-45,Male,30.1,Verified
INV002580,2024-11-19,2025-05-06,4,48803,65.0,56.0,At Risk,Rajasthan,Jaipur,T30,36-45,Female,46.0,Verified
INV002582,2024-02-01,2025-02-22,6,18333,173.0,77.4,At Risk,Telangana,Hyderabad,T30,26-35,Female,11.1,Verified
INV002583,2024-03-24,2024-11-29,3,15603,162.0,125.0,At Risk,Gujarat,Ahmedabad,T30,46-55,Male,48.5,Verified
INV002584,2024-01-09,2024-01-09,1,22012,0.0,0.0,Continuous,Tamil Nadu,Chennai,T30,36-45,Female,40.0,Verified
INV002585,2024-03-29,2025-02-17,6,46894,124.0,65.0,At Risk,Uttar Pradesh,Lucknow,T30,18-25,Male,3.2,Verified
INV002586,2024-03-13,2025-05-23,6,73304,168.0,87.2,At Risk,West Bengal,Kolkata,T30,26-35,Female,9.1,Verified
INV002587,2024-02-21,2024-12-08,2,5256,291.0,291.0,At Risk,West Bengal,Kolkata,T30,18-25,Male,7.2,Verified
INV002588,2024-05-15,2025-02-08,3,12753,203.0,134.5,At Risk,West Bengal,Kolkata,T30,18-25,Male,5.5,Verified
INV002589,2024-07-09,2024-07-09,1,8624,0.0,0.0,Continuous,Haryana,Gurugram,T30,26-35,Male,23.3,Verified
INV002590,2024-01-28,2025-04-24,10,151056,125.0,50.22,At Risk,West Bengal,Kolkata,T30,36-45,Male,45.1,Pending
INV002591,2024-06-19,2025-03-07,6,29695,139.0,52.2,At Risk,Gujarat,Ahmedabad,T30,18-25,Male,3.7,Verified
INV002592,2024-11-21,2025-04-19,2,5287,149.0,149.0,At Risk,Madhya Pradesh,Bhopal,B30,26-35,Female,15.7,Verified
INV002593,2024-10-05,2025-04-04,3,26357,181.0,90.5,At Risk,Madhya Pradesh,Indore,T30,36-45,Male,36.5,Verified
INV002594,2024-02-07,2025-05-22,6,98891,244.0,94.0,At Risk,Haryana,Gurugram,T30,26-35,Male,23.7,Pending
INV002595,2025-01-24,2025-03-23,3,10736,55.0,29.0,At Risk,Tamil Nadu,Coimbatore,B30,36-45,Male,27.8,Verified
INV002596,2024-04-10,2025-03-01,2,2227,325.0,325.0,At Risk,Maharashtra,Pune,T30,26-35,Male,16.2,Verified
INV002597,2024-04-02,2025-04-23,3,9390,301.0,193.0,At Risk,West Bengal,Kolkata,T30,26-35,Male,12.0,Verified
INV002598,2024-02-21,2025-04-07,9,121198,179.0,51.38,At Risk,Uttar Pradesh,Lucknow,T30,26-35,Male,14.6,Verified
INV002599,2024-01-07,2025-03-20,5,9652,234.0,109.5,At Risk,Gujarat,Surat,T30,26-35,Male,11.4,Verified
INV002600,2024-01-27,2024-05-08,2,29078,102.0,102.0,At Risk,Madhya Pradesh,Bhopal,B30,36-45,Female,54.1,Verified
INV002601,2024-10-07,2024-11-30,2,8472,54.0,54.0,At Risk,Tamil Nadu,Coimbatore,B30,36-45,Female,34.1,Verified
INV002602,2024-02-10,2025-05-17,8,95414,151.0,66.0,At Risk,Gujarat,Surat,T30,56+,Female,45.7,Verified
INV002603,2025-02-22,2025-02-22,1,23608,0.0,0.0,Continuous,Haryana,Gurugram,T30,36-45,Male,28.4,Verified
INV002604,2024-04-08,2025-05-09,5,34996,218.0,99.0,At Risk,Maharashtra,Mumbai,T30,36-45,Female,25.5,Pending
INV002605,2024-04-15,2025-05-25,2,15762,405.0,405.0,At Risk,Delhi,New Delhi,T30,46-55,Male,87.0,Pending
INV002606,2024-03-02,2025-05-24,6,73666,248.0,89.6,At Risk,Telangana,Hyderabad,T30,26-35,Female,8.1,Verified
INV002607,2024-10-28,2024-10-28,1,14066,0.0,0.0,Continuous,Rajasthan,Udaipur,B30,36-45,Male,57.5,Verified
INV002608,2024-04-01,2025-04-15,4,51776,177.0,126.33,At Risk,Uttar Pradesh,Agra,B30,36-45,Female,22.2,Verified
INV002610,2024-01-05,2024-12-04,2,9860,334.0,334.0,At Risk,Tamil Nadu,Coimbatore,B30,36-45,Female,31.7,Verified
INV002611,2024-09-08,2024-09-08,1,2691,0.0,0.0,Continuous,West Bengal,Kolkata,T30,26-35,Male,21.5,Verified
INV002612,2024-11-28,2025-05-09,2,17198,162.0,162.0,At Risk,Telangana,Hyderabad,T30,26-35,Male,16.2,Verified
INV002613,2024-02-16,2025-05-16,8,23849,143.0,65.0,At Risk,Karnataka,Bangalore,T30,46-55,Female,44.3,Verified
INV002614,2024-04-15,2024-08-01,2,4158,108.0,108.0,At Risk,Punjab,Chandigarh,T30,36-45,Male,13.2,Verified
INV002615,2025-04-18,2025-04-18,1,4382,0.0,0.0,Continuous,Tamil Nadu,Chennai,T30,26-35,Female,11.6,Verified
INV002616,2024-06-14,2025-01-23,2,26166,223.0,223.0,At Risk,Tamil Nadu,Coimbatore,B30,26-35,Male,21.9,Verified
INV002617,2024-05-13,2025-02-12,2,25313,275.0,275.0,At Risk,Maharashtra,Nashik,B30,26-35,Male,13.9,Verified
INV002618,2025-02-01,2025-02-01,1,486,0.0,0.0,Continuous,Maharashtra,Mumbai,T30,36-45,Male,24.4,Verified
INV002619,2024-08-12,2025-03-19,2,3024,219.0,219.0,At Risk,Gujarat,Ahmedabad,T30,18-25,Male,3.4,Verified
INV002620,2024-03-07,2025-02-15,2,10679,345.0,345.0,At Risk,Maharashtra,Nashik,B30,46-55,Female,88.5,Verified
INV002621,2024-01-02,2025-01-01,3,16712,186.0,182.5,At Risk,Uttar Pradesh,Agra,B30,26-35,Female,22.6,Pending
INV002622,2024-01-29,2025-05-03,7,64167,244.0,76.67,At Risk,Karnataka,Mysore,B30,18-25,Female,4.0,Pending
INV002623,2025-04-21,2025-04-21,1,2184,0.0,0.0,Continuous,Tamil Nadu,Chennai,T30,36-45,Male,49.3,Verified
INV002624,2024-11-02,2024-11-02,1,8868,0.0,0.0,Continuous,West Bengal,Kolkata,T30,26-35,Male,8.7,Verified
INV002625,2024-03-30,2025-02-08,4,6957,143.0,105.0,At Risk,Karnataka,Bangalore,T30,46-55,Female,99.3,Verified
INV002626,2024-07-05,2025-04-15,4,52340,191.0,94.67,At Risk,Karnataka,Bangalore,T30,36-45,Male,29.4,Verified
INV002627,2024-03-23,2025-05-22,6,40609,182.0,85.0,At Risk,West Bengal,Kolkata,T30,26-35,Male,19.0,Verified
INV002628,2024-02-01,2025-02-20,6,42616,322.0,77.0,At Risk,Uttar Pradesh,Agra,B30,26-35,Male,16.4,Verified
INV002629,2024-02-15,2025-04-16,4,38172,227.0,142.0,At Risk,Karnataka,Mysore,B30,36-45,Male,32.9,Verified
INV002630,2024-07-13,2025-01-04,5,70306,82.0,43.75,At Risk,Punjab,Amritsar,B30,36-45,Male,19.6,Verified
INV002631,2024-06-05,2025-01-11,3,53489,178.0,110.0,At Risk,Uttar Pradesh,Kanpur,B30,46-55,Female,93.8,Pending
INV002632,2024-01-26,2025-04-29,8,70430,180.0,65.57,At Risk,Tamil Nadu,Chennai,T30,26-35,Female,14.1,Verified
INV002633,2024-02-25,2025-01-23,5,63199,101.0,83.25,At Risk,Karnataka,Bangalore,T30,26-35,Female,8.1,Verified
INV002634,2024-12-11,2025-01-05,2,47351,25.0,25.0,Continuous,Madhya Pradesh,Bhopal,B30,26-35,Male,10.7,Verified
INV002635,2024-04-25,2025-01-03,3,3022,127.0,126.5,At Risk,Telangana,Hyderabad,T30,18-25,Male,3.8,Verified
INV002636,2024-07-10,2024-11-05,2,1410,118.0,118.0,At Risk,West Bengal,Kolkata,T30,56+,Female,21.0,Verified
INV002637,2024-02-04,2024-09-22,3,19656,227.0,115.5,At Risk,Telangana,Hyderabad,T30,26-35,Male,14.4,Verified
INV002639,2024-09-04,2025-03-04,5,36293,55.0,45.25,At Risk,Gujarat,Ahmedabad,T30,36-45,Male,20.7,Verified
INV002640,2024-01-29,2025-03-24,7,66928,153.0,70.0,At Risk,Haryana,Faridabad,B30,56+,Female,50.5,Pending
INV002641,2024-07-11,2025-01-20,4,76181,99.0,64.33,At Risk,Maharashtra,Nashik,B30,56+,Male,27.1,Verified
INV002642,2024-01-04,2025-03-12,5,93634,181.0,108.25,At Risk,Haryana,Gurugram,T30,46-55,Female,48.8,Verified
INV002643,2024-02-03,2025-02-08,6,32343,229.0,74.2,At Risk,Telangana,Hyderabad,T30,36-45,Male,29.2,Verified
INV002645,2024-03-16,2024-12-12,7,89681,133.0,45.17,At Risk,Haryana,Gurugram,T30,46-55,Female,67.7,Verified
INV002646,2025-05-24,2025-05-24,1,2310,0.0,0.0,Continuous,Uttar Pradesh,Lucknow,T30,36-45,Male,17.4,Verified
INV002647,2024-02-22,2024-11-16,4,44750,153.0,89.33,At Risk,Rajasthan,Jaipur,T30,46-55,Male,87.0,Verified
INV002648,2024-03-21,2025-05-04,5,18902,190.0,102.25,At Risk,Punjab,Chandigarh,T30,36-45,Male,57.1,Pending
INV002649,2024-08-13,2025-02-03,2,13550,174.0,174.0,At Risk,Tamil Nadu,Coimbatore,B30,46-55,Male,69.7,Verified
INV002650,2024-06-20,2024-07-09,2,13872,19.0,19.0,Continuous,Telangana,Hyderabad,T30,26-35,Male,13.7,Verified
INV002651,2024-03-07,2024-03-07,1,522,0.0,0.0,Continuous,Haryana,Faridabad,B30,26-35,Male,12.5,Verified
INV002652,2024-02-19,2025-03-15,5,59549,235.0,97.5,At Risk,Gujarat,Surat,T30,36-45,Male,40.6,Verified
INV002653,2024-02-09,2024-02-09,1,513,0.0,0.0,Continuous,Gujarat,Ahmedabad,T30,26-35,Male,7.5,Verified
INV002654,2024-02-05,2025-04-13,8,97131,115.0,61.86,At Risk,Delhi,New Delhi,T30,36-45,Female,38.2,Verified
INV002655,2025-04-06,2025-04-30,2,66121,24.0,24.0,Continuous,Haryana,Faridabad,B30,56+,Male,44.4,Verified
INV002656,2024-01-30,2024-08-27,5,99657,90.0,52.5,At Risk,Tamil Nadu,Coimbatore,B30,26-35,Male,9.6,Verified
INV002657,2024-01-19,2025-04-20,3,72571,301.0,228.5,At Risk,Punjab,Amritsar,B30,36-45,Male,50.0,Verified
INV002658,2024-12-31,2024-12-31,1,5973,0.0,0.0,Continuous,Madhya Pradesh,Indore,T30,26-35,Female,16.8,Verified
INV002659,2024-03-17,2025-03-26,7,96575,224.0,62.33,At Risk,Madhya Pradesh,Bhopal,B30,36-45,Female,56.5,Verified
INV002660,2024-02-09,2024-12-21,4,13803,210.0,105.33,At Risk,Uttar Pradesh,Lucknow,T30,36-45,Male,28.2,Verified
INV002661,2024-03-23,2024-05-22,2,908,60.0,60.0,At Risk,West Bengal,Kolkata,T30,36-45,Male,21.6,Verified
INV002662,2024-01-27,2024-11-06,2,7717,284.0,284.0,At Risk,Tamil Nadu,Coimbatore,B30,26-35,Male,20.5,Verified
INV002664,2024-03-26,2025-01-06,4,18686,130.0,95.33,At Risk,Karnataka,Bangalore,T30,26-35,Male,17.3,Verified
INV002666,2024-06-06,2025-04-21,7,50807,100.0,53.17,At Risk,Madhya Pradesh,Bhopal,B30,46-55,Female,93.7,Verified
INV002668,2024-01-18,2025-02-11,5,75544,186.0,97.5,At Risk,Delhi,Gurugram,T30,26-35,Male,9.8,Verified
INV002669,2024-10-04,2024-12-23,2,9326,80.0,80.0,At Risk,Madhya Pradesh,Indore,T30,46-55,Male,50.4,Verified
INV002670,2024-09-06,2025-04-24,2,4932,230.0,230.0,At Risk,Uttar Pradesh,Agra,B30,36-45,Male,48.7,Verified
INV002671,2024-02-10,2025-05-18,7,121426,163.0,77.17,At Risk,Madhya Pradesh,Indore,T30,18-25,Male,6.3,Pending
INV002672,2024-08-31,2024-08-31,1,441,0.0,0.0,Continuous,Rajasthan,Udaipur,B30,26-35,Male,10.2,Verified
INV002673,2024-02-21,2025-05-21,8,205287,147.0,65.0,At Risk,Maharashtra,Mumbai,T30,26-35,Male,14.2,Verified
INV002674,2024-02-06,2025-02-19,6,109896,153.0,75.8,At Risk,Karnataka,Mysore,B30,26-35,Female,7.4,Verified
INV002675,2024-02-05,2025-04-27,8,104247,138.0,63.86,At Risk,Uttar Pradesh,Agra,B30,36-45,Male,17.9,Verified
INV002676,2024-02-28,2024-08-13,3,25472,110.0,83.5,At Risk,Delhi,Gurugram,T30,46-55,Male,81.0,Verified
INV002677,2025-04-08,2025-04-08,1,3298,0.0,0.0,Continuous,Telangana,Hyderabad,T30,56+,Male,21.7,Verified
INV002678,2025-03-26,2025-03-26,1,472,0.0,0.0,Continuous,Madhya Pradesh,Indore,T30,26-35,Female,22.5,Verified
INV002679,2024-01-10,2025-04-12,4,67230,278.0,152.67,At Risk,Uttar Pradesh,Agra,B30,36-45,Male,33.8,Verified
INV002680,2024-03-13,2024-08-27,3,109520,160.0,83.5,At Risk,West Bengal,Kolkata,T30,36-45,Male,17.4,Verified
INV002681,2024-01-13,2025-05-29,7,77813,161.0,83.67,At Risk,Maharashtra,Nashik,B30,18-25,Female,7.2,Verified
INV002682,2024-06-27,2025-04-23,5,47520,107.0,75.0,At Risk,Karnataka,Mysore,B30,26-35,Male,17.9,Verified
INV002683,2024-05-22,2024-06-18,3,51383,14.0,13.5,Continuous,Haryana,Faridabad,B30,26-35,Male,9.7,Verified
INV002684,2024-01-28,2025-03-06,6,81047,266.0,80.6,At Risk,Delhi,New Delhi,T30,36-45,Female,56.2,Verified
INV002685,2024-01-20,2025-05-16,3,69446,247.0,241.0,At Risk,Madhya Pradesh,Bhopal,B30,18-25,Male,3.7,Verified
INV002686,2024-10-06,2025-05-30,2,55540,236.0,236.0,At Risk,Punjab,Chandigarh,T30,18-25,Male,5.7,Pending
INV002687,2024-03-29,2025-02-12,5,98994,193.0,80.0,At Risk,Delhi,New Delhi,T30,36-45,Male,25.9,Verified
INV002688,2024-06-25,2025-04-17,9,127567,122.0,37.0,At Risk,Uttar Pradesh,Lucknow,T30,26-35,Male,23.5,Pending
INV002689,2024-03-10,2025-02-23,8,78790,115.0,50.0,At Risk,Madhya Pradesh,Bhopal,B30,26-35,Male,7.4,Verified
INV002690,2024-04-21,2024-04-21,1,2584,0.0,0.0,Continuous,Karnataka,Mysore,B30,36-45,Male,58.0,Verified
INV002691,2024-02-02,2024-02-02,1,439,0.0,0.0,Continuous,Tamil Nadu,Coimbatore,B30,26-35,Female,20.6,Verified
INV002692,2025-05-25,2025-05-25,1,5333,0.0,0.0,Continuous,West Bengal,Kolkata,T30,26-35,Male,16.7,Verified
INV002693,2024-06-06,2025-03-08,7,166843,72.0,45.83,At Risk,Uttar Pradesh,Kanpur,B30,26-35,Male,22.5,Verified
INV002694,2024-09-03,2024-10-27,2,14915,54.0,54.0,At Risk,West Bengal,Kolkata,T30,26-35,Male,12.9,Verified
INV002695,2025-05-19,2025-05-19,1,2490,0.0,0.0,Continuous,Telangana,Hyderabad,T30,26-35,Male,18.8,Verified
INV002696,2024-03-05,2025-05-16,5,34567,315.0,109.25,At Risk,Punjab,Amritsar,B30,18-25,Male,7.1,Verified
INV002697,2024-01-20,2024-12-17,7,61207,199.0,55.33,At Risk,West Bengal,Kolkata,T30,26-35,Male,14.1,Pending
INV002698,2024-04-15,2024-10-29,5,29449,98.0,49.25,At Risk,Maharashtra,Pune,T30,26-35,Male,20.9,Verified
INV002699,2024-03-24,2025-03-23,3,35385,318.0,182.0,At Risk,Gujarat,Surat,T30,18-25,Female,6.1,Verified
INV002700,2024-01-10,2025-05-03,7,40488,140.0,79.83,At Risk,Tamil Nadu,Coimbatore,B30,26-35,Male,8.1,Verified
INV002701,2024-03-15,2024-11-12,3,4031,185.0,121.0,At Risk,Rajasthan,Jaipur,T30,26-35,Male,11.6,Verified
INV002702,2024-03-11,2025-01-23,5,45679,127.0,79.5,At Risk,Punjab,Chandigarh,T30,36-45,Male,25.4,Verified
INV002703,2024-08-26,2025-03-16,2,50310,202.0,202.0,At Risk,Punjab,Amritsar,B30,18-25,Male,3.1,Verified
INV002704,2024-03-19,2025-05-07,8,75458,139.0,59.14,At Risk,Delhi,Noida,T30,36-45,Female,47.8,Verified
INV002705,2024-04-11,2024-09-16,8,53493,70.0,22.57,At Risk,Uttar Pradesh,Lucknow,T30,46-55,Female,90.6,Pending
INV002706,2024-03-26,2025-03-29,6,69684,133.0,73.6,At Risk,Haryana,Faridabad,B30,46-55,Female,22.8,Pending
INV002707,2024-07-18,2025-04-23,4,50878,151.0,93.0,At Risk,Maharashtra,Mumbai,T30,26-35,Male,24.7,Verified
INV002708,2024-11-03,2025-04-29,5,41772,116.0,44.25,At Risk,Karnataka,Mysore,B30,26-35,Male,14.0,Verified
INV002709,2024-05-11,2024-12-03,2,38177,206.0,206.0,At Risk,Uttar Pradesh,Kanpur,B30,36-45,Male,39.9,Verified
INV002710,2024-06-26,2024-06-29,2,9983,3.0,3.0,Continuous,Haryana,Faridabad,B30,26-35,Male,22.6,Verified
INV002711,2024-01-26,2025-04-29,8,73628,230.0,65.57,At Risk,Haryana,Gurugram,T30,26-35,Male,12.4,Verified
INV002712,2024-02-06,2025-05-19,11,102129,174.0,46.8,At Risk,Karnataka,Bangalore,T30,46-55,Male,24.8,Verified
INV002713,2024-08-14,2025-01-23,2,17714,162.0,162.0,At Risk,Rajasthan,Udaipur,B30,26-35,Female,6.7,Verified
INV002714,2024-10-26,2025-04-21,2,26703,177.0,177.0,At Risk,West Bengal,Kolkata,T30,46-55,Male,65.7,Pending
INV002715,2024-08-17,2024-08-17,1,527,0.0,0.0,Continuous,Madhya Pradesh,Bhopal,B30,26-35,Male,19.8,Verified
INV002716,2024-01-12,2025-05-25,5,26302,342.0,124.75,At Risk,Tamil Nadu,Chennai,T30,56+,Female,47.4,Pending
INV002717,2024-03-08,2025-03-05,2,15706,362.0,362.0,At Risk,Maharashtra,Nashik,B30,26-35,Female,24.8,Verified
INV002718,2024-01-15,2024-09-01,5,15911,112.0,57.5,At Risk,Telangana,Hyderabad,T30,36-45,Male,15.6,Verified
INV002719,2024-07-28,2025-01-14,2,51321,170.0,170.0,At Risk,Rajasthan,Jaipur,T30,18-25,Female,4.8,Verified
INV002720,2024-02-13,2024-12-30,3,4807,283.0,160.5,At Risk,Karnataka,Bangalore,T30,26-35,Male,19.2,Verified
INV002721,2024-06-19,2024-06-19,1,818,0.0,0.0,Continuous,Tamil Nadu,Chennai,T30,46-55,Female,25.7,Verified
INV002722,2024-06-08,2025-04-11,6,36876,178.0,61.4,At Risk,Delhi,Noida,T30,36-45,Female,50.9,Verified
INV002723,2024-07-31,2025-05-29,9,44585,102.0,37.75,At Risk,West Bengal,Kolkata,T30,36-45,Female,54.4,Verified
INV002724,2024-02-15,2025-03-04,6,94701,187.0,76.6,At Risk,Rajasthan,Udaipur,B30,36-45,Male,26.3,Verified
INV002725,2024-04-03,2025-05-22,3,44626,291.0,207.0,At Risk,Rajasthan,Udaipur,B30,46-55,Female,49.2,Verified
INV002726,2024-06-18,2025-05-03,8,41222,84.0,45.57,At Risk,Gujarat,Ahmedabad,T30,36-45,Male,16.9,Verified
INV002727,2024-03-21,2024-10-16,4,13711,178.0,69.67,At Risk,Madhya Pradesh,Bhopal,B30,26-35,Female,6.3,Verified
INV002728,2024-10-05,2024-10-05,1,11412,0.0,0.0,Continuous,West Bengal,Kolkata,T30,26-35,Male,16.0,Verified
INV002729,2024-01-21,2024-01-21,1,14776,0.0,0.0,Continuous,Uttar Pradesh,Kanpur,B30,26-35,Female,15.4,Verified
INV002732,2024-01-07,2025-05-16,8,96854,151.0,70.71,At Risk,Uttar Pradesh,Lucknow,T30,18-25,Male,4.5,Verified
INV002733,2024-05-25,2025-05-21,8,56424,150.0,51.57,At Risk,Punjab,Chandigarh,T30,26-35,Male,19.0,Verified
INV002734,2024-01-26,2025-03-05,4,55924,178.0,134.67,At Risk,Haryana,Faridabad,B30,26-35,Female,15.8,Verified
INV002735,2024-03-23,2025-05-06,7,88635,136.0,68.17,At Risk,Tamil Nadu,Coimbatore,B30,18-25,Female,7.6,Verified
INV002736,2024-01-17,2025-01-04,6,64757,323.0,70.6,At Risk,Karnataka,Mysore,B30,18-25,Female,6.2,Verified
INV002737,2024-03-30,2025-05-13,8,102279,104.0,58.43,At Risk,Gujarat,Ahmedabad,T30,18-25,Female,5.4,Verified
INV002738,2024-02-28,2024-03-30,2,43576,31.0,31.0,Continuous,Haryana,Faridabad,B30,36-45,Male,38.7,Verified
INV002739,2024-01-09,2024-05-20,2,41810,132.0,132.0,At Risk,Tamil Nadu,Chennai,T30,36-45,Female,20.6,Verified
INV002740,2024-02-11,2025-05-30,2,5516,474.0,474.0,At Risk,Maharashtra,Mumbai,T30,26-35,Female,24.5,Verified
INV002741,2024-02-29,2025-03-04,4,56215,190.0,123.0,At Risk,West Bengal,Kolkata,T30,26-35,Male,19.9,Pending
INV002742,2024-10-05,2024-10-05,1,54309,0.0,0.0,Continuous,Uttar Pradesh,Kanpur,B30,46-55,Female,34.5,Verified
INV002743,2024-03-14,2025-05-29,6,40865,190.0,88.2,At Risk,Haryana,Gurugram,T30,56+,Male,49.8,Pending
INV002744,2024-01-31,2025-05-21,10,64967,139.0,52.89,At Risk,Karnataka,Bangalore,T30,36-45,Male,25.9,Verified
INV002745,2024-06-30,2025-04-19,4,22831,115.0,97.67,At Risk,Uttar Pradesh,Agra,B30,18-25,Male,7.6,Verified
INV002746,2024-01-14,2025-05-04,8,48769,206.0,68.0,At Risk,Delhi,Noida,T30,26-35,Male,23.2,Verified
INV002747,2024-11-04,2025-01-25,3,30249,82.0,41.0,At Risk,Haryana,Faridabad,B30,46-55,Male,34.0,Verified
INV002748,2024-01-04,2025-01-21,4,6985,173.0,127.67,At Risk,Punjab,Amritsar,B30,26-35,Male,7.8,Verified
INV002749,2025-02-18,2025-02-18,1,44760,0.0,0.0,Continuous,West Bengal,Kolkata,T30,46-55,Female,58.7,Verified
INV002750,2024-03-17,2025-03-14,6,54778,254.0,72.4,At Risk,Madhya Pradesh,Bhopal,B30,36-45,Male,41.8,Verified
INV002751,2024-05-15,2025-01-19,7,95314,102.0,41.5,At Risk,Delhi,New Delhi,T30,36-45,Male,45.4,Verified
INV002752,2024-05-08,2024-11-25,3,9590,171.0,100.5,At Risk,Rajasthan,Udaipur,B30,26-35,Male,20.1,Verified
INV002753,2024-02-02,2024-12-21,5,134185,153.0,80.75,At Risk,Uttar Pradesh,Lucknow,T30,26-35,Female,21.2,Verified
INV002754,2024-01-08,2025-04-18,5,130770,162.0,116.5,At Risk,Karnataka,Bangalore,T30,46-55,Male,82.6,Verified
INV002755,2024-10-29,2024-10-29,1,13259,0.0,0.0,Continuous,Delhi,New Delhi,T30,36-45,Female,32.4,Verified
INV002756,2024-02-18,2025-05-23,2,13443,460.0,460.0,At Risk,Delhi,Gurugram,T30,36-45,Male,49.7,Pending
INV002757,2024-03-22,2025-01-14,4,14297,206.0,99.33,At Risk,Madhya Pradesh,Indore,T30,18-25,Male,5.0,Verified
INV002758,2024-03-17,2025-04-26,6,100322,263.0,81.0,At Risk,Delhi,Gurugram,T30,26-35,Male,7.3,Verified
INV002759,2024-05-15,2024-12-23,3,21774,112.0,111.0,At Risk,Delhi,Noida,T30,36-45,Male,44.6,Verified
INV002760,2025-05-25,2025-05-25,1,1118,0.0,0.0,Continuous,Maharashtra,Nashik,B30,26-35,Female,24.1,Verified
INV002761,2024-03-01,2025-04-08,6,61101,312.0,80.6,At Risk,Rajasthan,Jaipur,T30,26-35,Male,14.9,Verified
INV002762,2024-01-26,2025-01-09,5,62683,238.0,87.25,At Risk,Rajasthan,Udaipur,B30,26-35,Female,21.9,Verified
INV002763,2024-01-18,2025-03-02,2,15743,409.0,409.0,At Risk,Gujarat,Ahmedabad,T30,18-25,Female,3.5,Verified
INV002764,2024-05-20,2025-03-03,4,63869,155.0,95.67,At Risk,Madhya Pradesh,Bhopal,B30,36-45,Male,40.8,Verified
INV002765,2024-02-12,2025-05-23,4,61069,332.0,155.33,At Risk,Uttar Pradesh,Lucknow,T30,36-45,Male,57.6,Verified
INV002766,2024-05-21,2025-05-09,6,73612,151.0,70.6,At Risk,Punjab,Chandigarh,T30,26-35,Female,8.7,Verified
INV002767,2024-06-14,2025-05-12,7,54936,145.0,55.33,At Risk,Madhya Pradesh,Indore,T30,26-35,Male,10.8,Verified
INV002768,2024-09-27,2024-09-27,1,7182,0.0,0.0,Continuous,Delhi,Noida,T30,26-35,Male,6.9,Verified
INV002769,2024-01-23,2025-05-29,7,149870,141.0,82.0,At Risk,Maharashtra,Pune,T30,18-25,Female,4.5,Verified
INV002770,2024-04-06,2025-05-15,3,11646,262.0,202.0,At Risk,West Bengal,Kolkata,T30,36-45,Female,21.5,Verified
INV002771,2024-02-17,2025-05-05,3,6509,374.0,221.5,At Risk,West Bengal,Kolkata,T30,36-45,Female,45.1,Verified
INV002772,2024-01-09,2025-03-31,7,59984,168.0,74.5,At Risk,Haryana,Faridabad,B30,26-35,Male,14.7,Verified
INV002773,2024-01-15,2025-02-23,2,69451,405.0,405.0,At Risk,Karnataka,Mysore,B30,36-45,Female,28.0,Verified
INV002774,2024-02-04,2025-05-05,5,88061,211.0,114.0,At Risk,Haryana,Gurugram,T30,36-45,Male,58.4,Verified
INV002775,2024-12-16,2025-03-12,3,14702,53.0,43.0,At Risk,Haryana,Faridabad,B30,18-25,Female,5.9,Verified
INV002776,2024-01-06,2024-11-22,3,5328,274.0,160.5,At Risk,Tamil Nadu,Coimbatore,B30,18-25,Male,5.8,Pending
INV002777,2024-05-18,2024-05-18,1,7563,0.0,0.0,Continuous,Madhya Pradesh,Indore,T30,26-35,Male,10.6,Verified
INV002778,2024-06-03,2025-05-19,2,14396,350.0,350.0,At Risk,Punjab,Chandigarh,T30,26-35,Female,13.5,Verified
INV002779,2024-06-24,2025-05-11,6,120653,151.0,64.2,At Risk,Uttar Pradesh,Lucknow,T30,26-35,Male,10.4,Verified
INV002780,2024-05-02,2025-03-10,4,20508,213.0,104.0,At Risk,Haryana,Faridabad,B30,36-45,Male,21.2,Verified
INV002781,2024-10-05,2024-10-26,2,4029,21.0,21.0,Continuous,Tamil Nadu,Chennai,T30,26-35,Female,13.3,Verified
INV002782,2024-07-11,2024-10-24,2,13156,105.0,105.0,At Risk,Punjab,Chandigarh,T30,18-25,Male,3.7,Verified
INV002783,2024-05-05,2025-05-24,7,63570,126.0,64.0,At Risk,West Bengal,Kolkata,T30,26-35,Male,7.0,Verified
INV002784,2024-07-22,2025-04-02,5,71724,178.0,63.5,At Risk,Karnataka,Mysore,B30,26-35,Male,17.7,Verified
INV002785,2024-05-24,2024-07-22,3,37283,45.0,29.5,At Risk,Delhi,Noida,T30,36-45,Male,20.2,Verified
INV002786,2024-01-12,2025-04-14,7,94391,124.0,76.33,At Risk,Tamil Nadu,Coimbatore,B30,26-35,Female,13.3,Verified
INV002787,2024-04-05,2025-05-07,5,35197,280.0,99.25,At Risk,Uttar Pradesh,Kanpur,B30,18-25,Male,4.8,Verified
INV002788,2024-05-05,2025-04-23,5,22790,124.0,88.25,At Risk,Uttar Pradesh,Agra,B30,26-35,Male,23.5,Verified
INV002789,2024-06-13,2024-07-18,2,24429,35.0,35.0,Continuous,Madhya Pradesh,Bhopal,B30,26-35,Female,7.8,Verified
INV002790,2024-08-07,2025-05-18,2,54420,284.0,284.0,At Risk,Telangana,Hyderabad,T30,18-25,Male,4.8,Verified
INV002791,2024-05-05,2025-04-01,3,16153,285.0,165.5,At Risk,Madhya Pradesh,Indore,T30,36-45,Male,54.9,Verified
INV002792,2024-02-27,2024-09-16,2,13579,202.0,202.0,At Risk,Gujarat,Surat,T30,18-25,Male,3.6,Verified
INV002793,2024-05-30,2025-05-21,7,73091,125.0,59.33,At Risk,Madhya Pradesh,Bhopal,B30,36-45,Male,54.3,Verified
INV002794,2024-02-12,2025-01-14,7,62084,111.0,56.17,At Risk,Madhya Pradesh,Bhopal,B30,56+,Male,39.9,Verified
INV002795,2024-04-05,2024-04-05,1,3347,0.0,0.0,Continuous,Maharashtra,Pune,T30,18-25,Female,4.5,Pending
INV002796,2024-01-08,2025-02-22,4,77432,220.0,137.0,At Risk,Telangana,Hyderabad,T30,36-45,Male,48.8,Pending
INV002797,2024-04-08,2024-04-08,1,489,0.0,0.0,Continuous,Madhya Pradesh,Indore,T30,36-45,Male,54.3,Verified
INV002798,2024-01-12,2025-04-04,3,77358,275.0,224.0,At Risk,Tamil Nadu,Coimbatore,B30,26-35,Female,24.5,Verified
INV002799,2024-01-27,2025-01-15,6,77732,129.0,70.8,At Risk,Uttar Pradesh,Lucknow,T30,36-45,Male,50.5,Verified
INV002800,2024-03-12,2025-03-28,7,92767,108.0,63.5,At Risk,West Bengal,Kolkata,T30,36-45,Male,51.9,Verified
INV002801,2024-07-02,2025-02-21,4,7929,127.0,78.0,At Risk,Madhya Pradesh,Indore,T30,18-25,Male,6.4,Verified
INV002802,2024-06-01,2024-08-03,2,8525,63.0,63.0,At Risk,Gujarat,Surat,T30,36-45,Female,32.8,Verified
INV002803,2024-02-16,2025-03-11,7,32936,176.0,64.83,At Risk,Uttar Pradesh,Agra,B30,36-45,Male,31.9,Verified
INV002804,2024-03-27,2025-05-20,8,50641,209.0,59.86,At Risk,Madhya Pradesh,Indore,T30,36-45,Male,39.9,Verified
INV002805,2024-06-02,2025-04-30,2,10496,332.0,332.0,At Risk,Maharashtra,Mumbai,T30,26-35,Female,14.5,Verified
INV002806,2024-01-25,2025-05-08,3,33238,365.0,234.5,At Risk,Rajasthan,Jaipur,T30,46-55,Male,24.2,Verified
INV002807,2024-10-27,2025-05-16,3,22156,194.0,100.5,At Risk,Madhya Pradesh,Indore,T30,46-55,Male,26.7,Verified
INV002808,2024-05-04,2025-04-27,7,114782,120.0,59.67,At Risk,Uttar Pradesh,Agra,B30,26-35,Male,24.1,Verified
INV002809,2024-03-23,2025-05-04,6,27992,276.0,81.4,At Risk,Uttar Pradesh,Agra,B30,36-45,Male,48.6,Pending
INV002810,2024-06-26,2025-02-07,8,198382,139.0,32.29,At Risk,Punjab,Amritsar,B30,36-45,Male,33.2,Verified
INV002811,2024-01-02,2024-08-19,3,8358,203.0,115.0,At Risk,Uttar Pradesh,Agra,B30,36-45,Male,43.7,Verified
INV002813,2024-04-30,2025-02-18,7,58938,149.0,49.0,At Risk,Punjab,Chandigarh,T30,26-35,Male,13.5,Verified
INV002814,2024-10-06,2025-04-22,2,13063,198.0,198.0,At Risk,West Bengal,Kolkata,T30,36-45,Male,40.4,Verified
INV002815,2024-04-16,2024-04-16,1,1088,0.0,0.0,Continuous,Rajasthan,Jaipur,T30,26-35,Male,10.5,Pending
INV002816,2025-01-15,2025-05-24,2,2884,129.0,129.0,At Risk,Uttar Pradesh,Agra,B30,26-35,Male,22.8,Verified
INV002817,2024-09-16,2025-02-22,2,31498,159.0,159.0,At Risk,Gujarat,Ahmedabad,T30,26-35,Male,15.8,Verified
INV002818,2024-04-02,2025-04-03,2,4799,366.0,366.0,At Risk,Haryana,Gurugram,T30,46-55,Female,50.2,Verified
INV002819,2024-08-30,2024-12-13,4,9204,69.0,35.0,At Risk,West Bengal,Kolkata,T30,26-35,Male,24.1,Verified
INV002820,2025-02-26,2025-02-26,1,22569,0.0,0.0,Continuous,Rajasthan,Jaipur,T30,18-25,Male,7.5,Verified
INV002822,2024-07-02,2025-05-16,7,79723,108.0,53.0,At Risk,Karnataka,Bangalore,T30,46-55,Male,79.5,Verified
INV002823,2024-01-20,2024-12-18,2,56658,333.0,333.0,At Risk,Telangana,Hyderabad,T30,26-35,Male,21.5,Verified
INV002824,2024-02-25,2025-05-01,7,129424,223.0,71.83,At Risk,Rajasthan,Jaipur,T30,56+,Male,42.5,Verified
INV002825,2024-03-06,2025-04-25,3,9853,348.0,207.5,At Risk,Delhi,New Delhi,T30,36-45,Male,52.4,Verified
INV002826,2024-01-20,2024-11-23,6,16841,91.0,61.6,At Risk,Haryana,Gurugram,T30,26-35,Male,20.5,Pending
INV002827,2024-02-15,2025-02-17,6,31630,200.0,73.6,At Risk,Karnataka,Mysore,B30,36-45,Female,58.1,Verified
INV002828,2024-02-22,2025-03-28,6,24496,211.0,80.0,At Risk,West Bengal,Kolkata,T30,26-35,Male,21.8,Verified
INV002829,2024-10-09,2025-03-18,3,21533,136.0,80.0,At Risk,West Bengal,Kolkata,T30,26-35,Male,6.1,Verified
INV002830,2024-03-12,2025-05-27,5,42869,219.0,110.25,At Risk,Karnataka,Mysore,B30,56+,Male,72.2,Verified
INV002831,2024-05-28,2024-12-15,6,41114,72.0,40.2,At Risk,Telangana,Hyderabad,T30,56+,Female,78.0,Verified
INV002832,2024-08-06,2025-02-18,4,30379,129.0,65.33,At Risk,Uttar Pradesh,Lucknow,T30,26-35,Male,15.9,Verified
INV002833,2024-07-16,2025-05-09,2,5866,297.0,297.0,At Risk,Gujarat,Ahmedabad,T30,46-55,Female,52.9,Verified
INV002834,2024-02-03,2025-02-12,3,32161,231.0,187.5,At Risk,West Bengal,Kolkata,T30,18-25,Male,6.9,Verified
INV002835,2024-01-06,2025-05-14,7,66597,233.0,82.33,At Risk,Haryana,Faridabad,B30,26-35,Male,11.2,Verified
INV002836,2024-03-19,2024-03-19,1,1649,0.0,0.0,Continuous,Karnataka,Bangalore,T30,36-45,Male,25.2,Verified
INV002837,2024-12-21,2024-12-21,1,935,0.0,0.0,Continuous,Delhi,Gurugram,T30,26-35,Female,14.6,Pending
INV002838,2024-03-28,2025-04-29,8,85390,116.0,56.71,At Risk,West Bengal,Kolkata,T30,56+,Female,71.9,Verified
INV002839,2024-09-21,2025-01-13,2,17202,114.0,114.0,At Risk,Punjab,Amritsar,B30,26-35,Male,14.8,Verified
INV002840,2024-10-30,2025-05-09,4,48742,186.0,63.67,At Risk,Gujarat,Surat,T30,26-35,Female,12.0,Verified
INV002841,2024-09-09,2025-04-14,6,66169,102.0,43.4,At Risk,Uttar Pradesh,Kanpur,B30,26-35,Male,13.2,Verified
INV002842,2024-12-20,2024-12-20,1,14799,0.0,0.0,Continuous,Uttar Pradesh,Agra,B30,36-45,Male,37.5,Verified
INV002843,2024-07-18,2025-05-16,8,39772,128.0,43.14,At Risk,Haryana,Faridabad,B30,26-35,Male,11.8,Verified
INV002845,2024-11-26,2024-11-26,1,2698,0.0,0.0,Continuous,Gujarat,Surat,T30,26-35,Female,17.5,Verified
INV002846,2024-06-09,2025-02-22,3,30963,255.0,129.0,At Risk,Punjab,Amritsar,B30,36-45,Male,57.1,Verified
INV002847,2024-01-03,2025-04-21,10,54971,129.0,52.67,At Risk,Haryana,Faridabad,B30,26-35,Male,13.4,Verified
INV002848,2024-03-07,2024-03-07,1,3539,0.0,0.0,Continuous,West Bengal,Kolkata,T30,46-55,Male,70.2,Verified
INV002849,2024-09-17,2025-02-26,4,15288,99.0,54.0,At Risk,Madhya Pradesh,Indore,T30,26-35,Male,21.3,Verified
INV002850,2024-04-13,2025-02-26,7,60216,166.0,53.17,At Risk,Uttar Pradesh,Lucknow,T30,46-55,Male,76.5,Verified
INV002851,2024-01-15,2025-05-19,3,25932,280.0,245.0,At Risk,Tamil Nadu,Coimbatore,B30,26-35,Male,16.0,Verified
INV002852,2024-03-09,2025-03-23,6,72731,207.0,75.8,At Risk,West Bengal,Kolkata,T30,46-55,Male,69.5,Verified
INV002853,2024-12-26,2024-12-26,1,3481,0.0,0.0,Continuous,Gujarat,Ahmedabad,T30,26-35,Male,24.9,Verified
INV002854,2024-01-10,2025-01-24,3,6592,273.0,190.0,At Risk,Rajasthan,Jaipur,T30,26-35,Female,8.9,Verified
INV002855,2024-01-26,2024-09-22,3,12212,196.0,120.0,At Risk,Uttar Pradesh,Kanpur,B30,26-35,Female,9.9,Verified
INV002856,2024-04-04,2025-04-28,4,82061,212.0,129.67,At Risk,Telangana,Hyderabad,T30,26-35,Male,13.2,Verified
INV002857,2024-06-06,2024-06-06,1,832,0.0,0.0,Continuous,West Bengal,Kolkata,T30,56+,Male,36.7,Pending
INV002858,2024-09-29,2025-03-09,2,5192,161.0,161.0,At Risk,Rajasthan,Udaipur,B30,26-35,Male,17.4,Verified
INV002859,2024-02-15,2025-05-19,7,102010,198.0,76.5,At Risk,Madhya Pradesh,Indore,T30,26-35,Male,20.1,Verified
INV002860,2024-04-05,2025-05-03,3,61602,280.0,196.5,At Risk,Madhya Pradesh,Indore,T30,46-55,Male,18.9,Verified
INV002861,2024-01-27,2025-05-26,5,17189,211.0,121.25,At Risk,Punjab,Amritsar,B30,56+,Female,79.7,Verified
INV002862,2024-01-04,2025-04-06,4,6833,270.0,152.67,At Risk,Telangana,Hyderabad,T30,56+,Male,72.7,Verified
INV002863,2024-01-15,2025-01-21,6,64141,199.0,74.4,At Risk,Rajasthan,Udaipur,B30,36-45,Female,49.8,Verified
INV002864,2024-03-12,2025-01-22,5,31823,175.0,79.0,At Risk,Madhya Pradesh,Bhopal,B30,26-35,Male,6.8,Verified
INV002865,2024-04-21,2024-10-24,6,101007,50.0,37.2,At Risk,Maharashtra,Pune,T30,18-25,Male,3.3,Verified
INV002866,2024-11-22,2025-04-19,2,60154,148.0,148.0,At Risk,Telangana,Hyderabad,T30,46-55,Male,95.2,Verified
INV002867,2024-12-07,2025-04-11,2,13060,125.0,125.0,At Risk,West Bengal,Kolkata,T30,18-25,Male,5.0,Verified
INV002868,2024-01-02,2024-11-02,4,128685,169.0,101.67,At Risk,Gujarat,Ahmedabad,T30,26-35,Female,24.7,Verified
INV002869,2024-08-13,2025-04-05,5,70456,169.0,58.75,At Risk,Haryana,Faridabad,B30,26-35,Male,19.9,Verified
INV002870,2024-01-18,2024-09-15,6,46965,109.0,48.2,At Risk,Karnataka,Mysore,B30,26-35,Female,23.7,Verified
INV002871,2024-06-27,2024-06-27,1,2791,0.0,0.0,Continuous,Delhi,Gurugram,T30,26-35,Male,15.2,Verified
INV002872,2024-03-19,2025-05-21,6,46749,199.0,85.6,At Risk,West Bengal,Kolkata,T30,36-45,Male,47.5,Verified
INV002873,2024-01-18,2025-05-23,6,103488,235.0,98.2,At Risk,Haryana,Gurugram,T30,18-25,Male,5.9,Verified
INV002874,2024-01-30,2025-05-26,5,44415,192.0,120.5,At Risk,Punjab,Chandigarh,T30,56+,Female,15.0,Verified
INV002875,2024-05-07,2024-08-31,3,40481,98.0,58.0,At Risk,Delhi,Noida,T30,26-35,Male,23.9,Verified
INV002876,2024-02-17,2025-01-30,2,54123,348.0,348.0,At Risk,Uttar Pradesh,Kanpur,B30,36-45,Female,44.6,Pending
INV002877,2024-03-20,2024-12-04,4,20922,111.0,86.33,At Risk,Rajasthan,Jaipur,T30,36-45,Male,56.5,Verified
INV002878,2024-02-08,2024-02-08,1,2453,0.0,0.0,Continuous,Uttar Pradesh,Lucknow,T30,26-35,Female,17.4,Verified
INV002879,2024-03-20,2025-05-27,7,67219,125.0,72.17,At Risk,Tamil Nadu,Coimbatore,B30,46-55,Male,26.0,Verified
INV002881,2024-04-08,2024-11-12,6,73870,110.0,43.6,At Risk,Uttar Pradesh,Agra,B30,26-35,Female,11.4,Verified
INV002882,2024-07-03,2025-01-10,2,7558,191.0,191.0,At Risk,Gujarat,Ahmedabad,T30,36-45,Male,52.7,Verified
INV002883,2024-01-18,2025-05-12,6,127978,176.0,96.0,At Risk,West Bengal,Kolkata,T30,26-35,Female,12.5,Verified
INV002884,2024-04-08,2024-04-08,1,5071,0.0,0.0,Continuous,West Bengal,Kolkata,T30,18-25,Male,7.3,Verified
INV002885,2024-02-11,2024-02-11,1,4159,0.0,0.0,Continuous,Delhi,Gurugram,T30,26-35,Male,23.4,Pending
INV002886,2024-01-24,2024-10-16,7,111958,137.0,44.33,At Risk,Tamil Nadu,Chennai,T30,18-25,Female,7.1,Pending
INV002888,2024-07-20,2024-12-27,4,29539,85.0,53.33,At Risk,Rajasthan,Udaipur,B30,26-35,Male,9.2,Pending
INV002890,2024-04-01,2025-05-11,5,56376,230.0,101.25,At Risk,Rajasthan,Jaipur,T30,36-45,Female,49.2,Verified
INV002891,2024-01-04,2025-05-27,8,91856,166.0,72.71,At Risk,Haryana,Faridabad,B30,36-45,Female,56.5,Verified
INV002892,2024-09-13,2025-04-10,2,13738,209.0,209.0,At Risk,West Bengal,Kolkata,T30,18-25,Male,4.4,Verified
INV002893,2024-01-01,2025-02-04,9,67163,148.0,50.0,At Risk,Telangana,Hyderabad,T30,56+,Male,69.4,Pending
INV002894,2024-06-19,2024-06-30,2,3239,11.0,11.0,Continuous,Delhi,Noida,T30,26-35,Male,10.4,Verified
INV002895,2024-05-01,2025-05-19,5,62836,171.0,95.75,At Risk,Madhya Pradesh,Bhopal,B30,26-35,Male,10.7,Verified
INV002896,2024-09-16,2025-04-16,4,17149,110.0,70.67,At Risk,Maharashtra,Nashik,B30,26-35,Male,21.5,Pending
INV002897,2024-05-14,2025-04-20,5,41553,147.0,85.25,At Risk,Maharashtra,Pune,T30,26-35,Male,23.1,Verified
INV002898,2024-06-01,2024-09-25,3,7763,111.0,58.0,At Risk,Maharashtra,Pune,T30,26-35,Female,8.1,Verified
INV002899,2024-02-11,2025-05-04,3,4862,269.0,224.0,At Risk,Punjab,Amritsar,B30,18-25,Male,7.6,Verified
INV002900,2024-05-20,2025-04-06,6,74395,136.0,64.2,At Risk,Haryana,Faridabad,B30,26-35,Female,14.2,Verified
INV002901,2024-02-03,2024-08-09,3,4927,131.0,94.0,At Risk,Delhi,Noida,T30,26-35,Male,17.4,Verified
INV002902,2025-02-13,2025-03-20,2,12903,35.0,35.0,Continuous,Gujarat,Surat,T30,36-45,Male,35.1,Verified
INV002903,2024-02-04,2025-04-27,6,34145,176.0,89.6,At Risk,Madhya Pradesh,Indore,T30,36-45,Male,45.0,Verified
INV002904,2024-06-25,2025-04-17,7,21362,104.0,49.33,At Risk,West Bengal,Kolkata,T30,36-45,Male,52.2,Verified
INV002905,2024-03-03,2025-03-03,6,41724,221.0,73.0,At Risk,Tamil Nadu,Chennai,T30,36-45,Female,32.4,Verified
INV002906,2024-06-23,2025-01-15,6,88578,74.0,41.2,At Risk,Telangana,Hyderabad,T30,26-35,Male,19.9,Verified
INV002907,2024-08-07,2024-08-07,1,15867,0.0,0.0,Continuous,Punjab,Chandigarh,T30,56+,Male,33.4,Verified
INV002908,2024-06-04,2024-11-11,3,4331,139.0,80.0,At Risk,Maharashtra,Nashik,B30,36-45,Female,28.9,Verified
INV002909,2024-01-13,2025-05-21,7,78147,263.0,82.33,At Risk,Rajasthan,Udaipur,B30,36-45,Male,44.1,Verified
INV002910,2024-04-11,2025-04-13,2,44782,367.0,367.0,At Risk,Haryana,Faridabad,B30,26-35,Female,22.0,Verified
INV002911,2024-01-15,2024-09-12,3,24880,218.0,120.5,At Risk,Gujarat,Surat,T30,26-35,Male,24.1,Verified
INV002912,2024-01-22,2025-05-21,6,82487,342.0,97.0,At Risk,Maharashtra,Mumbai,T30,26-35,Female,23.6,Verified
INV002913,2024-02-08,2025-04-25,7,83828,168.0,73.67,At Risk,Delhi,New Delhi,T30,56+,Male,28.5,Verified
INV002914,2025-01-06,2025-01-10,2,63321,4.0,4.0,Continuous,Rajasthan,Udaipur,B30,18-25,Male,7.4,Verified
INV002915,2024-03-02,2025-02-10,8,115638,117.0,49.29,At Risk,West Bengal,Kolkata,T30,18-25,Male,7.7,Pending
INV002917,2024-04-03,2025-05-05,4,11386,379.0,132.33,At Risk,Maharashtra,Pune,T30,18-25,Male,6.4,Verified
INV002919,2024-06-18,2024-06-18,1,2727,0.0,0.0,Continuous,Maharashtra,Mumbai,T30,18-25,Female,7.7,Verified
INV002920,2024-04-25,2024-08-02,2,58858,99.0,99.0,At Risk,Punjab,Chandigarh,T30,36-45,Male,19.5,Pending
INV002921,2024-04-28,2025-03-14,7,150805,121.0,53.33,At Risk,Punjab,Amritsar,B30,18-25,Female,5.4,Verified
INV002922,2024-05-05,2024-05-05,1,9053,0.0,0.0,Continuous,Punjab,Chandigarh,T30,18-25,Male,3.0,Verified
INV002923,2024-05-17,2024-12-23,2,55913,220.0,220.0,At Risk,Karnataka,Mysore,B30,26-35,Female,23.0,Verified
INV002924,2024-10-24,2025-03-01,5,62978,41.0,32.0,At Risk,Tamil Nadu,Chennai,T30,26-35,Female,14.5,Pending
INV002925,2024-06-15,2025-01-27,2,34822,226.0,226.0,At Risk,West Bengal,Kolkata,T30,36-45,Female,48.6,Verified
INV002926,2024-01-30,2025-04-17,4,52750,207.0,147.67,At Risk,Telangana,Hyderabad,T30,26-35,Male,16.6,Pending
INV002927,2024-08-01,2025-05-10,8,84741,79.0,40.29,At Risk,Punjab,Amritsar,B30,56+,Male,29.1,Verified
INV002928,2024-10-27,2024-11-03,2,46969,7.0,7.0,Continuous,Tamil Nadu,Coimbatore,B30,26-35,Male,9.4,Verified
INV002929,2024-03-11,2025-05-30,2,27647,445.0,445.0,At Risk,West Bengal,Kolkata,T30,26-35,Male,13.0,Verified
INV002930,2024-04-05,2025-01-16,4,35422,127.0,95.33,At Risk,West Bengal,Kolkata,T30,36-45,Male,54.0,Verified
INV002931,2024-03-07,2025-05-08,5,56457,157.0,106.75,At Risk,Tamil Nadu,Coimbatore,B30,56+,Female,32.4,Verified
INV002932,2024-01-08,2024-09-27,4,38848,161.0,87.67,At Risk,Haryana,Gurugram,T30,36-45,Female,28.4,Verified
INV002933,2024-11-16,2025-05-07,5,99944,160.0,43.0,At Risk,Madhya Pradesh,Indore,T30,36-45,Female,39.4,Verified
INV002934,2024-05-06,2025-03-14,4,19861,170.0,104.0,At Risk,Delhi,Noida,T30,36-45,Male,25.8,Verified
INV002935,2024-05-08,2025-02-20,7,50280,72.0,48.0,At Risk,Madhya Pradesh,Indore,T30,18-25,Male,5.6,Verified
INV002936,2024-02-11,2024-02-11,1,10548,0.0,0.0,Continuous,Tamil Nadu,Chennai,T30,26-35,Male,17.4,Verified
INV002937,2024-02-15,2025-03-24,7,137371,184.0,67.17,At Risk,Rajasthan,Jaipur,T30,56+,Male,64.5,Verified
INV002939,2024-04-23,2025-04-21,7,52116,127.0,60.5,At Risk,Rajasthan,Udaipur,B30,18-25,Male,3.1,Verified
INV002940,2024-01-02,2025-03-24,3,14226,417.0,223.5,At Risk,Haryana,Faridabad,B30,26-35,Male,18.3,Verified
INV002941,2024-01-20,2024-10-02,5,69222,154.0,64.0,At Risk,Rajasthan,Udaipur,B30,36-45,Female,59.2,Verified
INV002942,2024-01-14,2025-04-02,9,85118,180.0,55.5,At Risk,Delhi,Noida,T30,36-45,Male,27.8,Verified
INV002943,2024-07-21,2025-04-27,5,12120,188.0,70.0,At Risk,Karnataka,Bangalore,T30,26-35,Female,7.6,Verified
INV002944,2024-06-10,2025-02-27,3,32290,181.0,131.0,At Risk,Karnataka,Mysore,B30,36-45,Female,28.1,Verified
INV002945,2024-01-27,2025-04-26,8,119666,139.0,65.0,At Risk,Maharashtra,Nashik,B30,26-35,Male,15.6,Verified
INV002946,2024-04-24,2024-12-23,3,51021,122.0,121.5,At Risk,Haryana,Gurugram,T30,26-35,Male,22.8,Verified
INV002947,2024-01-05,2025-01-24,7,35512,152.0,64.17,At Risk,Maharashtra,Nashik,B30,46-55,Male,73.3,Verified
INV002948,2024-05-20,2025-05-20,2,27610,365.0,365.0,At Risk,Maharashtra,Mumbai,T30,46-55,Male,43.6,Verified
INV002949,2024-06-04,2025-04-11,4,68374,188.0,103.67,At Risk,Rajasthan,Jaipur,T30,26-35,Female,16.8,Verified
INV002950,2024-05-21,2025-04-07,8,52718,119.0,45.86,At Risk,Madhya Pradesh,Indore,T30,46-55,Female,37.4,Verified
INV002951,2024-03-03,2025-01-08,7,41135,82.0,51.83,At Risk,Karnataka,Bangalore,T30,36-45,Male,58.6,Verified
INV002952,2024-04-16,2024-08-31,2,19002,137.0,137.0,At Risk,Punjab,Amritsar,B30,18-25,Male,7.1,Verified
INV002953,2024-01-24,2024-09-01,4,74048,106.0,73.67,At Risk,Tamil Nadu,Coimbatore,B30,46-55,Male,62.4,Verified
INV002954,2024-04-11,2024-12-17,4,32431,218.0,83.33,At Risk,Delhi,New Delhi,T30,26-35,Female,6.0,Verified
INV002955,2024-03-09,2024-03-09,1,7986,0.0,0.0,Continuous,Tamil Nadu,Coimbatore,B30,36-45,Female,46.9,Verified
INV002956,2024-02-08,2025-04-29,4,37798,255.0,148.67,At Risk,Gujarat,Surat,T30,36-45,Female,53.7,Pending
INV002957,2024-02-14,2025-05-18,5,53193,225.0,114.75,At Risk,Tamil Nadu,Chennai,T30,26-35,Male,15.5,Verified
INV002958,2024-04-07,2024-04-07,1,24357,0.0,0.0,Continuous,Punjab,Amritsar,B30,26-35,Male,10.3,Verified
INV002959,2024-05-01,2024-08-13,2,20966,104.0,104.0,At Risk,Haryana,Gurugram,T30,18-25,Male,7.3,Verified
INV002960,2024-01-04,2024-01-04,1,15426,0.0,0.0,Continuous,Madhya Pradesh,Indore,T30,36-45,Male,57.1,Verified
INV002961,2024-01-02,2025-05-24,7,116671,231.0,84.67,At Risk,Gujarat,Ahmedabad,T30,26-35,Male,13.0,Verified
INV002962,2024-05-21,2024-05-21,1,12683,0.0,0.0,Continuous,Delhi,New Delhi,T30,46-55,Female,62.7,Verified
INV002963,2024-07-18,2024-08-14,2,6275,27.0,27.0,Continuous,Uttar Pradesh,Agra,B30,26-35,Male,24.0,Verified
INV002964,2024-03-23,2025-02-01,5,28895,242.0,78.75,At Risk,Rajasthan,Udaipur,B30,46-55,Male,84.1,Verified
INV002966,2024-01-01,2025-01-16,5,69294,210.0,95.25,At Risk,Gujarat,Ahmedabad,T30,26-35,Female,18.4,Verified
INV002967,2024-01-22,2025-04-10,3,28737,391.0,222.0,At Risk,Karnataka,Mysore,B30,18-25,Female,4.7,Verified
INV002968,2024-02-22,2025-01-10,5,79854,269.0,80.75,At Risk,West Bengal,Kolkata,T30,36-45,Female,16.2,Verified
INV002969,2024-07-07,2024-09-14,3,13587,35.0,34.5,Continuous,Karnataka,Bangalore,T30,26-35,Male,15.4,Verified
INV002970,2024-03-12,2024-03-12,1,27097,0.0,0.0,Continuous,Telangana,Hyderabad,T30,26-35,Female,12.4,Verified
INV002971,2024-07-06,2025-01-20,2,28117,198.0,198.0,At Risk,Tamil Nadu,Coimbatore,B30,36-45,Male,48.3,Verified
INV002972,2024-01-26,2024-01-26,1,3104,0.0,0.0,Continuous,Delhi,New Delhi,T30,26-35,Male,17.4,Verified
INV002973,2024-07-18,2025-02-08,4,20497,200.0,68.33,At Risk,Uttar Pradesh,Kanpur,B30,26-35,Male,16.7,Verified
INV002974,2024-05-13,2025-03-17,7,91467,105.0,51.33,At Risk,Telangana,Hyderabad,T30,26-35,Female,21.9,Pending
INV002975,2024-02-29,2024-06-12,3,21678,85.0,52.0,At Risk,Rajasthan,Udaipur,B30,26-35,Male,15.1,Verified
INV002976,2024-05-23,2024-05-23,1,42877,0.0,0.0,Continuous,Tamil Nadu,Coimbatore,B30,26-35,Male,23.7,Verified
INV002977,2024-03-18,2025-05-16,4,10928,211.0,141.33,At Risk,Haryana,Faridabad,B30,36-45,Female,26.6,Verified
INV002978,2024-04-30,2025-05-25,3,67067,317.0,195.0,At Risk,Karnataka,Bangalore,T30,36-45,Male,43.5,Verified
INV002979,2024-01-29,2025-02-19,4,79590,265.0,129.0,At Risk,Punjab,Chandigarh,T30,36-45,Female,56.2,Verified
INV002980,2024-04-21,2025-03-28,5,26630,117.0,85.25,At Risk,Maharashtra,Pune,T30,26-35,Male,22.4,Verified
INV002982,2024-04-12,2024-12-26,4,58226,203.0,86.0,At Risk,Gujarat,Surat,T30,36-45,Male,22.1,Verified
INV002983,2025-02-21,2025-02-21,1,12409,0.0,0.0,Continuous,Karnataka,Mysore,B30,18-25,Male,6.2,Verified
INV002984,2024-01-24,2025-04-23,6,49158,200.0,91.0,At Risk,Delhi,Gurugram,T30,26-35,Male,18.1,Verified
INV002985,2024-06-14,2024-10-16,3,7284,91.0,62.0,At Risk,Gujarat,Ahmedabad,T30,36-45,Male,26.4,Verified
INV002986,2024-01-13,2025-05-12,2,4496,485.0,485.0,At Risk,Punjab,Amritsar,B30,26-35,Male,11.9,Verified
INV002988,2025-04-12,2025-04-12,1,2703,0.0,0.0,Continuous,Uttar Pradesh,Kanpur,B30,36-45,Male,40.1,Pending
INV002989,2024-02-15,2025-04-23,6,97001,182.0,86.6,At Risk,Haryana,Faridabad,B30,46-55,Male,16.3,Verified
INV002990,2024-10-12,2024-10-12,1,15918,0.0,0.0,Continuous,Uttar Pradesh,Kanpur,B30,46-55,Female,79.4,Verified
INV002991,2024-07-06,2025-05-30,2,17714,328.0,328.0,At Risk,Tamil Nadu,Chennai,T30,26-35,Female,13.0,Verified
INV002992,2024-09-29,2025-03-12,3,29248,93.0,82.0,At Risk,Tamil Nadu,Chennai,T30,26-35,Male,14.6,Verified
INV002993,2024-02-08,2025-04-19,4,68033,280.0,145.33,At Risk,Maharashtra,Pune,T30,46-55,Male,36.0,Verified
INV002994,2024-05-13,2025-04-27,7,109553,142.0,58.17,At Risk,Karnataka,Mysore,B30,18-25,Male,8.0,Verified
INV002995,2025-04-28,2025-04-28,1,17009,0.0,0.0,Continuous,Gujarat,Ahmedabad,T30,26-35,Male,21.7,Verified
INV002996,2024-04-24,2025-02-18,5,106446,136.0,75.0,At Risk,Madhya Pradesh,Bhopal,B30,26-35,Male,20.7,Pending
INV002997,2024-02-27,2025-03-17,5,58601,166.0,96.0,At Risk,West Bengal,Kolkata,T30,26-35,Male,23.7,Verified
INV002998,2024-07-27,2024-08-02,2,4850,6.0,6.0,Continuous,Madhya Pradesh,Indore,T30,36-45,Male,38.4,Verified
INV002999,2024-09-06,2024-09-06,1,1661,0.0,0.0,Continuous,Madhya Pradesh,Bhopal,B30,36-45,Male,16.8,Verified
INV003000,2024-03-13,2025-04-19,7,54577,137.0,67.0,At Risk,Delhi,Gurugram,T30,36-45,Male,32.3,Verified
INV003001,2024-06-28,2024-06-28,1,10391,0.0,0.0,Continuous,Haryana,Faridabad,B30,56+,Female,48.8,Verified
INV003002,2024-02-14,2025-03-02,5,88050,225.0,95.5,At Risk,Maharashtra,Pune,T30,26-35,Male,17.0,Verified
INV003003,2024-02-04,2025-05-15,9,43344,100.0,58.25,At Risk,West Bengal,Kolkata,T30,18-25,Female,3.1,Verified
INV003004,2024-01-27,2025-05-09,5,32867,209.0,117.0,At Risk,Tamil Nadu,Chennai,T30,46-55,Female,34.6,Verified
INV003005,2024-02-28,2025-03-06,8,92598,107.0,53.14,At Risk,Punjab,Amritsar,B30,26-35,Male,24.5,Verified
INV003006,2025-03-07,2025-03-07,1,9727,0.0,0.0,Continuous,West Bengal,Kolkata,T30,26-35,Male,9.5,Verified
INV003007,2024-05-05,2025-05-26,9,50688,162.0,48.25,At Risk,Haryana,Faridabad,B30,26-35,Male,21.8,Verified
INV003008,2024-06-13,2025-05-27,3,14109,233.0,174.0,At Risk,Rajasthan,Jaipur,T30,36-45,Female,37.4,Verified
INV003009,2024-06-16,2025-04-17,9,44642,84.0,38.12,At Risk,Karnataka,Bangalore,T30,26-35,Male,20.1,Verified
INV003010,2024-02-07,2025-05-14,5,37835,303.0,115.5,At Risk,Delhi,Gurugram,T30,36-45,Male,13.7,Verified
INV003011,2024-02-09,2025-02-28,7,49243,154.0,64.17,At Risk,Gujarat,Ahmedabad,T30,18-25,Male,4.4,Verified
INV003012,2024-06-02,2025-01-21,5,58639,122.0,58.25,At Risk,Madhya Pradesh,Indore,T30,36-45,Male,41.8,Verified
INV003013,2025-03-07,2025-03-07,1,2599,0.0,0.0,Continuous,Uttar Pradesh,Lucknow,T30,56+,Male,44.8,Verified
INV003014,2024-04-09,2025-05-26,6,203009,144.0,82.4,At Risk,Karnataka,Bangalore,T30,26-35,Female,12.3,Verified
INV003015,2024-06-27,2025-05-21,7,114153,91.0,54.67,At Risk,Madhya Pradesh,Indore,T30,18-25,Male,4.4,Verified
INV003016,2024-01-18,2024-06-08,3,37459,73.0,71.0,At Risk,Madhya Pradesh,Bhopal,B30,26-35,Male,12.7,Verified
INV003017,2024-03-04,2025-05-17,5,18909,266.0,109.75,At Risk,West Bengal,Kolkata,T30,56+,Male,75.3,Verified
INV003018,2024-03-13,2024-11-14,6,48461,156.0,49.2,At Risk,Delhi,Gurugram,T30,36-45,Male,14.1,Verified
INV003019,2025-03-22,2025-03-22,1,2828,0.0,0.0,Continuous,Uttar Pradesh,Lucknow,T30,26-35,Male,12.5,Verified
INV003020,2024-03-28,2024-10-22,2,26926,208.0,208.0,At Risk,Delhi,Gurugram,T30,56+,Male,77.6,Verified
INV003021,2024-01-19,2025-05-15,5,64515,182.0,120.5,At Risk,Telangana,Hyderabad,T30,56+,Female,65.0,Pending
INV003022,2024-03-22,2025-03-05,6,108990,123.0,69.6,At Risk,Telangana,Hyderabad,T30,46-55,Male,60.2,Verified
INV003023,2024-01-20,2025-01-03,4,9966,259.0,116.33,At Risk,Gujarat,Ahmedabad,T30,26-35,Female,13.6,Verified
INV003024,2024-09-24,2025-05-03,6,49549,122.0,44.2,At Risk,Maharashtra,Pune,T30,36-45,Female,43.1,Verified
INV003025,2024-02-18,2024-10-22,8,71546,65.0,35.29,At Risk,Gujarat,Surat,T30,26-35,Female,11.9,Verified
INV003026,2024-08-24,2024-08-24,1,561,0.0,0.0,Continuous,Madhya Pradesh,Bhopal,B30,36-45,Female,25.7,Pending
INV003027,2024-06-23,2025-01-19,4,100182,108.0,70.0,At Risk,Telangana,Hyderabad,T30,26-35,Male,20.8,Verified
INV003028,2024-01-02,2025-04-03,6,77674,183.0,91.4,At Risk,Tamil Nadu,Chennai,T30,26-35,Female,12.8,Verified
INV003029,2025-03-01,2025-03-01,1,1090,0.0,0.0,Continuous,Delhi,New Delhi,T30,56+,Male,59.8,Verified
INV003031,2024-03-14,2024-06-24,3,8725,70.0,51.0,At Risk,Karnataka,Bangalore,T30,18-25,Male,7.7,Pending
INV003032,2024-08-22,2025-05-09,2,48955,260.0,260.0,At Risk,Punjab,Amritsar,B30,36-45,Male,51.8,Verified
INV003033,2024-04-06,2025-05-10,5,77782,196.0,99.75,At Risk,Gujarat,Ahmedabad,T30,36-45,Male,17.3,Verified
INV003034,2024-05-07,2025-05-09,6,92731,118.0,73.4,At Risk,Tamil Nadu,Chennai,T30,26-35,Male,7.2,Verified
INV003035,2024-10-07,2024-10-07,1,1605,0.0,0.0,Continuous,Telangana,Hyderabad,T30,18-25,Male,6.8,Verified
INV003036,2024-04-16,2025-05-25,8,134774,138.0,57.71,At Risk,Telangana,Hyderabad,T30,26-35,Male,18.2,Verified
INV003037,2024-02-08,2025-05-30,7,42399,300.0,79.5,At Risk,Telangana,Hyderabad,T30,18-25,Female,7.6,Verified
INV003038,2024-07-22,2024-10-13,2,9442,83.0,83.0,At Risk,Gujarat,Ahmedabad,T30,18-25,Male,6.0,Verified
INV003039,2024-07-30,2024-07-30,1,26913,0.0,0.0,Continuous,Rajasthan,Jaipur,T30,46-55,Female,85.3,Verified
INV003040,2024-01-06,2025-01-10,6,51162,194.0,74.0,At Risk,Karnataka,Bangalore,T30,26-35,Female,15.3,Verified
INV003041,2024-02-10,2025-05-28,5,13477,327.0,118.25,At Risk,Madhya Pradesh,Bhopal,B30,36-45,Male,32.0,Verified
INV003042,2024-02-23,2024-09-01,2,14942,191.0,191.0,At Risk,Tamil Nadu,Coimbatore,B30,46-55,Male,23.5,Pending
INV003043,2024-01-30,2025-04-17,7,78142,131.0,73.83,At Risk,Karnataka,Bangalore,T30,26-35,Male,21.2,Verified
INV003044,2024-02-24,2025-04-26,7,60913,237.0,71.17,At Risk,West Bengal,Kolkata,T30,18-25,Female,3.2,Verified
INV003045,2024-03-07,2024-09-04,6,32392,71.0,36.2,At Risk,Telangana,Hyderabad,T30,26-35,Male,12.2,Verified
INV003046,2024-06-10,2024-07-19,2,8911,39.0,39.0,At Risk,West Bengal,Kolkata,T30,36-45,Male,12.4,Verified
INV003047,2024-01-20,2025-05-25,8,137083,215.0,70.14,At Risk,Maharashtra,Mumbai,T30,46-55,Male,40.0,Verified
INV003048,2024-11-04,2025-03-31,5,23564,84.0,36.75,At Risk,Rajasthan,Jaipur,T30,26-35,Female,20.6,Verified
INV003049,2024-05-14,2025-05-28,4,57132,318.0,126.33,At Risk,Gujarat,Ahmedabad,T30,26-35,Male,15.5,Verified
INV003051,2024-03-31,2024-08-23,3,38004,76.0,72.5,At Risk,Haryana,Faridabad,B30,36-45,Male,40.2,Verified
INV003052,2024-02-05,2024-07-12,2,19984,158.0,158.0,At Risk,Karnataka,Mysore,B30,18-25,Female,7.0,Verified
INV003053,2024-05-05,2024-12-07,2,25335,216.0,216.0,At Risk,Delhi,Gurugram,T30,46-55,Male,57.4,Pending
INV003054,2024-01-01,2025-04-17,7,76249,209.0,78.67,At Risk,Telangana,Hyderabad,T30,56+,Female,77.1,Verified
INV003055,2024-02-07,2025-05-02,5,24126,209.0,112.5,At Risk,Madhya Pradesh,Indore,T30,26-35,Female,18.0,Verified
INV003057,2024-07-22,2025-05-09,5,36095,157.0,72.75,At Risk,Punjab,Chandigarh,T30,18-25,Male,6.4,Verified
INV003058,2024-01-17,2024-12-25,5,48981,130.0,85.75,At Risk,Karnataka,Mysore,B30,36-45,Male,46.2,Verified
INV003059,2024-03-21,2025-03-04,3,7084,284.0,174.0,At Risk,Uttar Pradesh,Agra,B30,26-35,Male,18.4,Verified
INV003060,2024-01-06,2025-04-24,7,69534,135.0,79.0,At Risk,Rajasthan,Jaipur,T30,56+,Female,16.6,Verified
INV003061,2024-05-20,2025-03-12,5,10766,201.0,74.0,At Risk,Uttar Pradesh,Lucknow,T30,26-35,Female,11.9,Verified
INV003062,2024-09-17,2024-09-17,1,4971,0.0,0.0,Continuous,Haryana,Faridabad,B30,46-55,Male,96.3,Verified
INV003063,2024-01-05,2024-12-17,7,27315,112.0,57.83,At Risk,Maharashtra,Mumbai,T30,36-45,Female,45.0,Verified
INV003064,2024-07-18,2024-11-29,2,7036,134.0,134.0,At Risk,Karnataka,Bangalore,T30,26-35,Male,6.5,Verified
INV003065,2024-03-25,2025-02-06,5,57384,150.0,79.5,At Risk,Uttar Pradesh,Kanpur,B30,46-55,Male,27.9,Verified
INV003066,2024-01-16,2024-05-18,2,1721,123.0,123.0,At Risk,Madhya Pradesh,Indore,T30,26-35,Male,20.4,Verified
INV003067,2024-09-12,2025-02-08,2,28292,149.0,149.0,At Risk,Delhi,New Delhi,T30,26-35,Male,8.9,Verified
INV003068,2024-03-09,2025-03-14,3,43274,302.0,185.0,At Risk,Delhi,New Delhi,T30,26-35,Male,11.6,Pending
INV003069,2024-06-09,2025-04-28,5,12603,192.0,80.75,At Risk,Punjab,Chandigarh,T30,56+,Female,59.5,Verified
INV003070,2024-01-06,2025-03-17,9,116790,132.0,54.5,At Risk,West Bengal,Kolkata,T30,26-35,Male,23.7,Verified
INV003071,2025-02-25,2025-02-25,1,4399,0.0,0.0,Continuous,Punjab,Amritsar,B30,56+,Male,33.7,Pending
INV003072,2024-01-05,2024-01-05,1,28652,0.0,0.0,Continuous,Tamil Nadu,Coimbatore,B30,18-25,Male,3.8,Verified
INV003073,2024-07-30,2025-05-27,5,48149,140.0,75.25,At Risk,Punjab,Amritsar,B30,26-35,Male,11.9,Pending
INV003074,2024-02-23,2025-03-03,6,78967,123.0,74.8,At Risk,Haryana,Faridabad,B30,26-35,Male,8.3,Verified
INV003075,2024-01-05,2025-02-10,8,169132,128.0,57.43,At Risk,Delhi,Gurugram,T30,46-55,Male,83.5,Verified
INV003076,2024-08-13,2024-08-13,1,46939,0.0,0.0,Continuous,Haryana,Gurugram,T30,26-35,Male,20.2,Verified
INV003077,2024-02-07,2025-04-27,5,62766,232.0,111.25,At Risk,Tamil Nadu,Coimbatore,B30,18-25,Female,4.6,Pending
INV003078,2024-02-12,2025-04-02,7,55176,126.0,69.17,At Risk,Haryana,Gurugram,T30,36-45,Male,57.5,Verified
INV003079,2024-02-12,2025-01-18,4,22063,191.0,113.67,At Risk,Gujarat,Surat,T30,26-35,Male,8.5,Pending
INV003080,2024-03-13,2024-07-25,3,4678,118.0,67.0,At Risk,Madhya Pradesh,Indore,T30,26-35,Male,20.5,Verified
INV003081,2024-07-09,2024-12-06,2,64587,150.0,150.0,At Risk,Delhi,Gurugram,T30,56+,Female,73.4,Verified
INV003082,2024-03-16,2025-02-04,8,40228,142.0,46.43,At Risk,Telangana,Hyderabad,T30,26-35,Male,18.7,Verified
INV003083,2024-01-25,2024-12-22,6,38189,169.0,66.4,At Risk,Madhya Pradesh,Bhopal,B30,56+,Female,41.3,Verified
INV003084,2024-03-29,2025-03-04,3,67157,227.0,170.0,At Risk,Haryana,Gurugram,T30,18-25,Female,6.3,Verified
INV003086,2024-02-13,2024-12-09,4,55531,224.0,100.0,At Risk,West Bengal,Kolkata,T30,26-35,Male,20.2,Verified
INV003087,2024-09-12,2024-12-27,2,41815,106.0,106.0,At Risk,Punjab,Amritsar,B30,18-25,Female,6.0,Verified
INV003088,2024-12-27,2024-12-27,1,408,0.0,0.0,Continuous,West Bengal,Kolkata,T30,26-35,Female,15.4,Verified
INV003089,2024-01-23,2024-12-13,6,72760,107.0,65.0,At Risk,Uttar Pradesh,Agra,B30,26-35,Male,14.1,Verified
INV003090,2024-09-21,2025-03-12,4,17634,114.0,57.33,At Risk,Karnataka,Bangalore,T30,26-35,Male,16.9,Verified
INV003091,2024-03-12,2025-04-23,9,35993,199.0,50.88,At Risk,Delhi,New Delhi,T30,36-45,Female,36.4,Verified
INV003092,2024-03-20,2024-09-23,2,3436,187.0,187.0,At Risk,Karnataka,Mysore,B30,26-35,Male,20.0,Verified
INV003093,2025-02-28,2025-02-28,1,2159,0.0,0.0,Continuous,Haryana,Faridabad,B30,26-35,Male,16.8,Verified
INV003094,2025-02-21,2025-02-21,1,17401,0.0,0.0,Continuous,Karnataka,Mysore,B30,46-55,Male,59.7,Verified
INV003095,2024-03-03,2025-05-10,6,64248,175.0,86.6,At Risk,Madhya Pradesh,Bhopal,B30,18-25,Male,5.1,Verified
INV003096,2025-05-22,2025-05-22,1,24140,0.0,0.0,Continuous,Uttar Pradesh,Kanpur,B30,26-35,Male,12.4,Pending
INV003097,2024-01-06,2025-03-20,8,151274,121.0,62.71,At Risk,Punjab,Chandigarh,T30,26-35,Male,21.5,Verified
INV003098,2024-03-12,2025-05-09,3,66309,253.0,211.5,At Risk,Gujarat,Surat,T30,26-35,Female,9.5,Verified
INV003099,2024-03-09,2025-03-28,3,8076,329.0,192.0,At Risk,Gujarat,Surat,T30,36-45,Male,14.4,Verified
INV003100,2024-03-21,2024-07-26,5,34362,69.0,31.75,At Risk,Telangana,Hyderabad,T30,26-35,Male,16.5,Verified
INV003101,2024-03-27,2024-12-06,3,18603,215.0,127.0,At Risk,Tamil Nadu,Chennai,T30,26-35,Female,24.8,Verified
INV003102,2024-02-08,2025-01-07,5,94522,188.0,83.5,At Risk,Maharashtra,Pune,T30,18-25,Male,4.3,Verified
INV003103,2024-01-12,2025-01-11,5,23176,226.0,91.25,At Risk,Tamil Nadu,Coimbatore,B30,36-45,Female,55.8,Verified
INV003104,2024-11-29,2024-11-29,1,26204,0.0,0.0,Continuous,Uttar Pradesh,Lucknow,T30,26-35,Male,7.8,Pending
INV003105,2024-02-16,2025-03-15,7,121433,140.0,65.5,At Risk,Rajasthan,Jaipur,T30,18-25,Female,6.0,Verified
INV003107,2025-02-21,2025-02-21,1,1086,0.0,0.0,Continuous,Haryana,Gurugram,T30,18-25,Female,6.2,Verified
INV003108,2024-01-27,2025-04-28,3,5350,371.0,228.5,At Risk,Gujarat,Ahmedabad,T30,26-35,Female,15.5,Verified
INV003109,2024-09-15,2024-12-24,2,29205,100.0,100.0,At Risk,Delhi,Gurugram,T30,26-35,Male,22.8,Verified
INV003110,2024-04-01,2025-02-21,5,9488,196.0,81.5,At Risk,Rajasthan,Jaipur,T30,26-35,Male,9.0,Verified
INV003111,2024-04-14,2025-04-30,5,72809,191.0,95.25,At Risk,Delhi,Gurugram,T30,18-25,Female,5.9,Verified
INV003112,2024-01-22,2025-04-24,6,68105,173.0,91.6,At Risk,Maharashtra,Pune,T30,26-35,Female,8.5,Verified
INV003113,2024-01-20,2025-05-02,8,115572,159.0,66.86,At Risk,Rajasthan,Jaipur,T30,26-35,Male,22.0,Verified
INV003115,2024-05-01,2024-12-27,6,103814,125.0,48.0,At Risk,Gujarat,Surat,T30,26-35,Male,23.9,Verified
INV003116,2024-04-04,2024-11-28,4,61768,169.0,79.33,At Risk,Rajasthan,Udaipur,B30,26-35,Female,8.7,Verified
INV003117,2024-02-10,2025-05-21,8,74326,115.0,66.57,At Risk,Tamil Nadu,Chennai,T30,18-25,Female,6.7,Verified
INV003118,2024-12-05,2024-12-05,1,838,0.0,0.0,Continuous,Uttar Pradesh,Lucknow,T30,26-35,Male,6.8,Verified
INV003119,2024-08-21,2025-03-26,4,97514,106.0,72.33,At Risk,Karnataka,Bangalore,T30,18-25,Female,4.6,Verified
INV003120,2024-07-06,2025-02-01,2,8829,210.0,210.0,At Risk,Punjab,Amritsar,B30,26-35,Male,19.1,Verified
INV003121,2024-07-24,2024-12-02,4,41493,87.0,43.67,At Risk,Telangana,Hyderabad,T30,36-45,Male,13.7,Verified
INV003122,2024-12-02,2024-12-02,1,11300,0.0,0.0,Continuous,Telangana,Hyderabad,T30,26-35,Male,8.3,Verified
INV003123,2024-01-20,2025-02-12,5,72366,232.0,97.25,At Risk,Haryana,Faridabad,B30,36-45,Male,36.2,Verified
INV003124,2024-03-27,2024-12-07,5,19196,112.0,63.75,At Risk,West Bengal,Kolkata,T30,36-45,Male,28.8,Verified
INV003125,2024-06-12,2025-03-09,4,20496,137.0,90.0,At Risk,Punjab,Chandigarh,T30,36-45,Female,30.8,Pending
INV003127,2025-03-15,2025-03-15,1,27956,0.0,0.0,Continuous,Punjab,Amritsar,B30,46-55,Female,37.0,Verified
INV003128,2024-11-25,2025-03-10,3,50734,59.0,52.5,At Risk,Uttar Pradesh,Kanpur,B30,18-25,Female,7.7,Verified
INV003129,2024-08-15,2024-10-05,2,15336,51.0,51.0,At Risk,Haryana,Gurugram,T30,36-45,Female,33.4,Verified
INV003130,2024-08-25,2025-03-25,3,18703,156.0,106.0,At Risk,West Bengal,Kolkata,T30,18-25,Male,5.6,Verified
INV003131,2024-08-09,2024-08-09,1,5801,0.0,0.0,Continuous,West Bengal,Kolkata,T30,36-45,Female,14.9,Verified
INV003132,2024-02-06,2025-05-27,4,29285,321.0,158.67,At Risk,Maharashtra,Pune,T30,56+,Male,60.7,Verified
INV003133,2024-08-24,2024-08-24,1,4999,0.0,0.0,Continuous,West Bengal,Kolkata,T30,46-55,Male,72.8,Verified
INV003134,2024-02-10,2025-05-16,7,111805,172.0,76.83,At Risk,Telangana,Hyderabad,T30,36-45,Female,41.3,Verified
INV003136,2024-12-04,2025-03-31,2,76843,117.0,117.0,At Risk,Haryana,Gurugram,T30,56+,Male,34.4,Verified
INV003137,2024-09-02,2025-04-22,2,25884,232.0,232.0,At Risk,Tamil Nadu,Coimbatore,B30,36-45,Male,15.9,Verified
INV003138,2024-11-06,2024-11-06,1,579,0.0,0.0,Continuous,Gujarat,Surat,T30,18-25,Male,3.3,Verified
INV003139,2024-03-21,2025-02-15,7,79357,133.0,55.17,At Risk,Karnataka,Mysore,B30,36-45,Male,39.4,Verified
INV003140,2024-03-11,2025-04-14,8,47273,125.0,57.0,At Risk,West Bengal,Kolkata,T30,26-35,Male,16.9,Verified
INV003141,2024-02-13,2025-03-24,7,87927,225.0,67.5,At Risk,Maharashtra,Pune,T30,36-45,Female,40.1,Verified
INV003142,2024-01-28,2024-10-05,3,56725,234.0,125.5,At Risk,West Bengal,Kolkata,T30,26-35,Male,12.5,Verified
INV003143,2024-07-15,2024-07-15,1,4403,0.0,0.0,Continuous,Karnataka,Mysore,B30,18-25,Female,5.9,Verified
INV003144,2024-01-11,2025-05-20,7,54671,243.0,82.5,At Risk,Haryana,Gurugram,T30,36-45,Female,38.0,Verified
INV003145,2024-12-23,2025-01-24,2,13157,32.0,32.0,Continuous,Delhi,Noida,T30,26-35,Male,22.2,Verified
INV003146,2024-02-01,2025-05-22,9,116340,283.0,59.5,At Risk,Rajasthan,Udaipur,B30,26-35,Male,20.2,Verified
INV003147,2024-02-27,2025-04-11,3,44553,304.0,204.5,At Risk,West Bengal,Kolkata,T30,26-35,Male,18.9,Verified
INV003149,2024-11-19,2025-02-04,2,10151,77.0,77.0,At Risk,Rajasthan,Udaipur,B30,18-25,Male,4.3,Verified
INV003150,2024-01-29,2025-02-10,4,10397,176.0,126.0,At Risk,Gujarat,Ahmedabad,T30,26-35,Female,13.6,Pending
INV003151,2024-04-11,2025-05-21,6,38290,146.0,81.0,At Risk,Tamil Nadu,Coimbatore,B30,56+,Female,69.5,Verified
INV003153,2024-02-14,2024-10-15,7,82703,156.0,40.67,At Risk,Madhya Pradesh,Indore,T30,36-45,Female,20.5,Verified
INV003154,2024-02-16,2024-10-11,2,4887,238.0,238.0,At Risk,Karnataka,Mysore,B30,26-35,Female,17.7,Verified
INV003155,2024-05-25,2024-05-25,1,2378,0.0,0.0,Continuous,Rajasthan,Jaipur,T30,36-45,Male,50.9,Verified
INV003156,2024-08-19,2024-08-19,1,5644,0.0,0.0,Continuous,West Bengal,Kolkata,T30,26-35,Female,12.7,Verified
INV003157,2024-03-23,2024-11-13,3,27130,188.0,117.5,At Risk,Maharashtra,Pune,T30,36-45,Male,44.7,Verified
INV003158,2024-01-27,2025-04-16,9,95466,138.0,55.62,At Risk,Karnataka,Mysore,B30,26-35,Male,21.1,Verified
INV003159,2024-02-23,2024-12-31,3,71698,170.0,156.0,At Risk,Punjab,Amritsar,B30,36-45,Male,25.9,Verified
INV003160,2024-03-07,2025-05-19,4,32763,324.0,146.0,At Risk,Delhi,Gurugram,T30,26-35,Male,24.9,Verified
INV003161,2024-03-09,2025-03-31,6,45870,118.0,77.4,At Risk,Uttar Pradesh,Kanpur,B30,36-45,Female,30.2,Verified
INV003162,2024-02-20,2024-02-20,1,2317,0.0,0.0,Continuous,West Bengal,Kolkata,T30,18-25,Male,4.1,Verified
INV003163,2024-01-31,2024-01-31,1,45555,0.0,0.0,Continuous,Punjab,Amritsar,B30,36-45,Female,47.5,Verified
INV003164,2024-07-04,2025-05-20,3,10850,255.0,160.0,At Risk,Madhya Pradesh,Indore,T30,26-35,Male,23.9,Verified
INV003165,2024-01-29,2025-05-20,5,40130,243.0,119.25,At Risk,Punjab,Amritsar,B30,26-35,Male,19.4,Verified
INV003166,2024-01-15,2025-02-13,4,72903,223.0,131.67,At Risk,Karnataka,Bangalore,T30,26-35,Female,7.1,Verified
INV003167,2024-01-11,2024-12-10,5,59449,160.0,83.5,At Risk,Telangana,Hyderabad,T30,26-35,Male,19.8,Verified
INV003168,2024-01-11,2025-04-29,5,22328,189.0,118.5,At Risk,Uttar Pradesh,Lucknow,T30,18-25,Male,5.1,Verified
INV003169,2024-05-16,2025-03-25,6,31020,178.0,62.6,At Risk,Telangana,Hyderabad,T30,26-35,Female,11.2,Verified
INV003171,2024-01-05,2024-04-26,4,29135,86.0,37.33,At Risk,Rajasthan,Jaipur,T30,36-45,Female,16.3,Verified
INV003172,2024-08-12,2024-08-12,1,551,0.0,0.0,Continuous,Delhi,Gurugram,T30,26-35,Male,21.5,Pending
INV003173,2024-01-26,2025-05-04,5,93604,217.0,116.0,At Risk,Gujarat,Surat,T30,18-25,Male,7.1,Verified
INV003174,2024-03-13,2024-04-03,2,15667,21.0,21.0,Continuous,Tamil Nadu,Chennai,T30,26-35,Female,10.0,Verified
INV003175,2024-11-08,2024-11-08,1,23073,0.0,0.0,Continuous,Punjab,Amritsar,B30,26-35,Female,24.3,Verified
INV003176,2024-02-17,2025-02-25,5,92295,153.0,93.5,At Risk,Haryana,Gurugram,T30,46-55,Male,51.6,Verified
INV003177,2025-05-30,2025-05-30,1,6345,0.0,0.0,Continuous,Uttar Pradesh,Kanpur,B30,18-25,Male,4.2,Pending
INV003178,2024-02-18,2024-11-26,6,39480,84.0,56.4,At Risk,Telangana,Hyderabad,T30,46-55,Female,60.9,Verified
INV003179,2024-01-25,2025-04-19,9,64309,151.0,56.25,At Risk,Rajasthan,Jaipur,T30,36-45,Male,53.3,Verified
INV003180,2025-03-15,2025-03-15,1,10765,0.0,0.0,Continuous,Maharashtra,Pune,T30,26-35,Male,7.0,Verified
INV003181,2024-01-11,2024-09-09,2,26994,242.0,242.0,At Risk,Karnataka,Bangalore,T30,18-25,Female,3.9,Verified
INV003182,2024-03-23,2025-01-19,3,62872,202.0,151.0,At Risk,Tamil Nadu,Chennai,T30,18-25,Female,4.8,Verified
INV003183,2024-04-19,2024-12-24,3,94654,132.0,124.5,At Risk,Punjab,Amritsar,B30,36-45,Female,54.2,Verified
INV003184,2024-02-17,2024-11-26,4,27492,206.0,94.33,At Risk,Maharashtra,Pune,T30,26-35,Male,8.1,Verified
INV003185,2024-05-24,2025-04-15,6,78275,116.0,65.2,At Risk,Rajasthan,Udaipur,B30,26-35,Female,23.1,Verified
INV003186,2024-08-23,2024-08-23,1,16176,0.0,0.0,Continuous,Maharashtra,Pune,T30,26-35,Male,13.6,Verified
INV003187,2024-02-01,2025-05-12,9,51008,244.0,58.25,At Risk,Haryana,Faridabad,B30,26-35,Female,21.5,Verified
INV003188,2024-03-17,2025-04-05,4,23525,293.0,128.0,At Risk,Tamil Nadu,Coimbatore,B30,26-35,Male,11.0,Verified
INV003189,2024-02-02,2025-04-18,9,34519,198.0,55.12,At Risk,Tamil Nadu,Chennai,T30,36-45,Female,44.6,Verified
INV003190,2024-02-12,2024-11-14,4,57366,218.0,92.0,At Risk,Punjab,Chandigarh,T30,26-35,Female,19.6,Verified
INV003191,2024-03-17,2025-04-05,6,31967,138.0,76.8,At Risk,Madhya Pradesh,Bhopal,B30,18-25,Female,6.8,Verified
INV003192,2024-07-15,2025-05-09,5,35110,145.0,74.5,At Risk,Uttar Pradesh,Lucknow,T30,26-35,Male,22.2,Verified
INV003193,2024-01-05,2025-05-02,6,65353,294.0,96.6,At Risk,Rajasthan,Jaipur,T30,36-45,Male,40.4,Verified
INV003194,2024-03-23,2025-04-25,4,46524,186.0,132.67,At Risk,Haryana,Faridabad,B30,26-35,Female,19.5,Verified
INV003195,2024-01-31,2024-04-08,2,3345,68.0,68.0,At Risk,Uttar Pradesh,Lucknow,T30,36-45,Female,54.3,Verified
INV003196,2024-01-04,2025-04-30,7,34448,319.0,80.33,At Risk,West Bengal,Kolkata,T30,26-35,Female,20.1,Verified
INV003197,2024-08-04,2024-08-12,2,7918,8.0,8.0,Continuous,Punjab,Chandigarh,T30,26-35,Male,24.7,Pending
INV003198,2024-01-05,2024-12-03,3,54245,287.0,166.5,At Risk,Uttar Pradesh,Lucknow,T30,46-55,Female,37.0,Verified
INV003199,2024-08-07,2024-08-07,1,10821,0.0,0.0,Continuous,Delhi,Noida,T30,46-55,Male,52.5,Verified
INV003200,2024-07-29,2025-05-22,5,154589,148.0,74.25,At Risk,Punjab,Chandigarh,T30,46-55,Male,61.2,Verified
INV003201,2024-02-13,2025-03-06,5,17944,200.0,96.75,At Risk,Rajasthan,Jaipur,T30,36-45,Female,12.2,Verified
INV003202,2024-04-08,2025-04-12,5,69539,139.0,92.25,At Risk,Maharashtra,Pune,T30,46-55,Male,48.9,Verified
INV003203,2024-02-25,2024-05-26,5,34721,45.0,22.75,At Risk,Telangana,Hyderabad,T30,26-35,Male,22.5,Verified
INV003204,2024-02-20,2024-04-15,2,24452,55.0,55.0,At Risk,West Bengal,Kolkata,T30,18-25,Male,6.7,Verified
INV003205,2024-03-12,2025-04-22,7,50635,111.0,67.67,At Risk,Punjab,Chandigarh,T30,26-35,Female,16.1,Verified
INV003206,2024-02-04,2025-05-17,5,51007,278.0,117.0,At Risk,Gujarat,Ahmedabad,T30,26-35,Male,24.1,Verified
INV003207,2024-02-25,2024-07-10,3,7397,113.0,68.0,At Risk,Rajasthan,Jaipur,T30,46-55,Male,48.9,Verified
INV003208,2024-01-02,2025-05-01,5,11488,298.0,121.25,At Risk,Madhya Pradesh,Bhopal,B30,46-55,Male,80.0,Verified
INV003209,2024-02-24,2025-03-20,5,72648,120.0,97.5,At Risk,Delhi,Gurugram,T30,46-55,Male,76.0,Verified
INV003210,2024-01-12,2025-01-07,6,18851,112.0,72.2,At Risk,Haryana,Faridabad,B30,36-45,Female,23.1,Verified
INV003211,2024-02-19,2025-04-08,7,73285,104.0,69.0,At Risk,Uttar Pradesh,Lucknow,T30,36-45,Male,55.1,Verified
INV003212,2024-01-22,2024-10-27,3,22162,272.0,139.5,At Risk,West Bengal,Kolkata,T30,26-35,Male,17.2,Verified
INV003213,2024-03-18,2025-02-24,3,29083,335.0,171.5,At Risk,Uttar Pradesh,Lucknow,T30,26-35,Male,21.3,Verified
INV003214,2024-03-19,2025-01-12,6,58100,170.0,59.8,At Risk,Punjab,Chandigarh,T30,36-45,Male,18.2,Verified
INV003215,2024-01-19,2025-01-18,7,30900,105.0,60.83,At Risk,Gujarat,Surat,T30,26-35,Female,20.9,Verified
INV003216,2024-04-15,2025-04-02,2,45239,352.0,352.0,At Risk,Delhi,New Delhi,T30,36-45,Male,12.6,Verified
INV003217,2024-10-02,2024-10-02,1,47848,0.0,0.0,Continuous,Delhi,Noida,T30,56+,Male,18.3,Verified
INV003218,2024-01-11,2025-03-08,5,73791,199.0,105.5,At Risk,Tamil Nadu,Chennai,T30,18-25,Male,6.0,Verified
INV003219,2024-02-27,2024-12-09,6,111640,86.0,57.2,At Risk,Maharashtra,Pune,T30,46-55,Male,57.8,Verified
INV003220,2024-01-29,2024-10-06,5,42030,103.0,62.75,At Risk,Madhya Pradesh,Bhopal,B30,26-35,Male,7.6,Verified
INV003221,2024-01-17,2025-01-18,7,188581,99.0,61.17,At Risk,Karnataka,Mysore,B30,26-35,Male,15.8,Verified
INV003222,2024-01-12,2025-05-15,7,46924,190.0,81.5,At Risk,Punjab,Amritsar,B30,56+,Female,11.7,Pending
INV003223,2024-01-25,2025-05-13,8,115743,331.0,67.71,At Risk,Tamil Nadu,Coimbatore,B30,26-35,Male,15.4,Verified
INV003224,2024-01-22,2024-11-24,4,16858,152.0,102.33,At Risk,Punjab,Amritsar,B30,26-35,Male,16.0,Verified
INV003225,2024-01-02,2025-04-18,5,12079,199.0,118.0,At Risk,West Bengal,Kolkata,T30,26-35,Male,9.2,Verified
INV003226,2024-07-07,2025-05-13,4,111372,209.0,103.33,At Risk,Haryana,Gurugram,T30,26-35,Male,21.5,Pending
INV003227,2024-01-17,2025-05-25,5,52998,233.0,123.5,At Risk,Maharashtra,Mumbai,T30,36-45,Male,41.8,Verified
INV003228,2024-02-02,2025-03-29,7,88333,256.0,70.17,At Risk,Madhya Pradesh,Bhopal,B30,26-35,Male,20.0,Pending
INV003229,2025-02-21,2025-02-21,1,4946,0.0,0.0,Continuous,Maharashtra,Mumbai,T30,46-55,Female,64.4,Verified
INV003230,2024-02-19,2025-03-30,7,59960,251.0,67.5,At Risk,Punjab,Amritsar,B30,18-25,Female,3.2,Verified
INV003231,2024-01-17,2025-05-29,7,61212,253.0,83.0,At Risk,Haryana,Gurugram,T30,26-35,Male,9.1,Verified
INV003232,2024-01-02,2025-01-25,5,99078,225.0,97.25,At Risk,Maharashtra,Pune,T30,36-45,Female,30.9,Verified
INV003233,2024-03-21,2024-09-06,2,35819,169.0,169.0,At Risk,Karnataka,Bangalore,T30,56+,Male,16.8,Verified
INV003234,2024-01-19,2025-05-16,6,45926,188.0,96.6,At Risk,Telangana,Hyderabad,T30,26-35,Male,13.5,Verified
INV003235,2024-01-26,2024-11-13,2,3279,292.0,292.0,At Risk,Haryana,Faridabad,B30,56+,Male,19.0,Verified
INV003236,2024-01-18,2025-03-02,9,120464,115.0,51.12,At Risk,Madhya Pradesh,Bhopal,B30,18-25,Male,3.4,Verified
INV003237,2024-04-17,2025-04-03,4,27685,195.0,117.0,At Risk,Delhi,Gurugram,T30,46-55,Male,66.7,Verified
INV003238,2024-02-08,2024-10-19,3,58508,193.0,127.0,At Risk,Telangana,Hyderabad,T30,26-35,Male,24.1,Verified
INV003239,2024-03-07,2025-04-01,5,52452,261.0,97.5,At Risk,Uttar Pradesh,Agra,B30,56+,Female,48.3,Verified
INV003240,2024-01-04,2025-02-14,5,19400,258.0,101.75,At Risk,Haryana,Gurugram,T30,26-35,Male,21.7,Pending
INV003241,2024-05-14,2024-06-06,2,2928,23.0,23.0,Continuous,Madhya Pradesh,Bhopal,B30,26-35,Male,8.4,Verified
INV003242,2024-05-05,2025-05-06,7,60420,159.0,61.0,At Risk,Punjab,Chandigarh,T30,26-35,Female,18.1,Verified
INV003243,2024-05-31,2025-03-10,5,14996,141.0,70.75,At Risk,Rajasthan,Jaipur,T30,18-25,Female,4.0,Verified
INV003244,2024-03-24,2025-02-10,5,27013,167.0,80.75,At Risk,Telangana,Hyderabad,T30,26-35,Female,21.1,Verified
INV003245,2024-03-13,2025-02-26,4,38585,140.0,116.67,At Risk,Maharashtra,Pune,T30,26-35,Male,21.5,Verified
INV003246,2024-07-05,2025-01-26,2,18818,205.0,205.0,At Risk,Gujarat,Ahmedabad,T30,26-35,Male,12.7,Verified
INV003247,2024-03-30,2025-05-27,6,94982,206.0,84.6,At Risk,Madhya Pradesh,Indore,T30,46-55,Female,93.1,Verified
INV003248,2024-01-29,2025-05-14,5,30689,234.0,117.75,At Risk,Karnataka,Mysore,B30,26-35,Male,6.5,Verified
INV003249,2024-01-29,2025-05-10,3,12556,286.0,233.5,At Risk,Punjab,Chandigarh,T30,36-45,Male,41.3,Verified
INV003250,2024-02-23,2025-05-17,5,51853,236.0,112.25,At Risk,Gujarat,Ahmedabad,T30,26-35,Male,11.3,Verified
INV003251,2024-09-29,2024-09-29,1,1114,0.0,0.0,Continuous,Tamil Nadu,Coimbatore,B30,36-45,Female,52.4,Verified
INV003252,2024-05-05,2025-04-08,6,102990,192.0,67.6,At Risk,Tamil Nadu,Chennai,T30,46-55,Male,95.5,Verified
INV003253,2024-07-06,2025-05-02,4,9749,212.0,100.0,At Risk,West Bengal,Kolkata,T30,56+,Male,30.2,Verified
INV003254,2024-06-23,2024-12-25,5,114670,86.0,46.25,At Risk,Uttar Pradesh,Lucknow,T30,26-35,Male,9.5,Verified
INV003255,2024-04-02,2024-04-02,1,22613,0.0,0.0,Continuous,Delhi,Gurugram,T30,46-55,Female,77.7,Verified
INV003256,2024-07-25,2025-05-27,7,94745,90.0,51.0,At Risk,Punjab,Amritsar,B30,46-55,Male,26.0,Verified
INV003257,2024-07-25,2025-05-30,6,145848,139.0,61.8,At Risk,Rajasthan,Jaipur,T30,56+,Male,34.8,Verified
INV003258,2024-06-16,2025-05-24,5,42337,130.0,85.5,At Risk,Rajasthan,Udaipur,B30,26-35,Male,14.7,Verified
INV003259,2024-11-17,2025-05-02,2,10253,166.0,166.0,At Risk,West Bengal,Kolkata,T30,56+,Male,42.1,Verified
INV003260,2024-02-15,2025-05-07,6,66384,247.0,89.4,At Risk,Madhya Pradesh,Indore,T30,18-25,Male,7.9,Verified
INV003261,2024-02-17,2025-02-04,3,15472,271.0,176.5,At Risk,Punjab,Amritsar,B30,26-35,Male,10.5,Verified
INV003262,2024-01-13,2025-03-14,6,140022,162.0,85.2,At Risk,Telangana,Hyderabad,T30,46-55,Male,80.2,Verified
INV003263,2024-01-10,2025-05-11,5,78985,259.0,121.75,At Risk,Tamil Nadu,Chennai,T30,26-35,Female,12.5,Verified
INV003264,2024-05-30,2025-02-19,5,23355,182.0,66.25,At Risk,Haryana,Faridabad,B30,18-25,Male,4.9,Verified
INV003265,2024-07-24,2025-05-27,3,13668,166.0,153.5,At Risk,Rajasthan,Jaipur,T30,36-45,Female,46.8,Verified
INV003267,2024-01-10,2025-01-16,6,20825,197.0,74.4,At Risk,Rajasthan,Udaipur,B30,36-45,Male,29.9,Verified
INV003269,2024-08-09,2025-05-15,4,9529,116.0,93.0,At Risk,Telangana,Hyderabad,T30,56+,Male,17.5,Verified
INV003270,2024-08-26,2024-10-18,3,86606,37.0,26.5,At Risk,Karnataka,Bangalore,T30,56+,Male,43.3,Verified
INV003271,2024-02-09,2025-02-10,7,38769,157.0,61.17,At Risk,West Bengal,Kolkata,T30,18-25,Male,4.8,Verified
INV003272,2024-04-10,2025-02-10,3,98988,188.0,153.0,At Risk,Uttar Pradesh,Kanpur,B30,26-35,Male,21.8,Verified
INV003273,2024-03-17,2025-05-12,8,195095,134.0,60.14,At Risk,Haryana,Faridabad,B30,36-45,Male,18.3,Verified
INV003274,2025-04-19,2025-04-19,1,4507,0.0,0.0,Continuous,Uttar Pradesh,Agra,B30,46-55,Male,74.6,Verified
INV003275,2024-03-12,2025-05-15,2,20079,429.0,429.0,At Risk,Uttar Pradesh,Agra,B30,26-35,Female,8.1,Pending
INV003276,2024-05-28,2025-01-25,3,9446,171.0,121.0,At Risk,Telangana,Hyderabad,T30,46-55,Male,45.0,Pending
INV003277,2024-05-19,2025-05-30,8,81268,192.0,53.71,At Risk,Rajasthan,Jaipur,T30,18-25,Male,3.3,Verified
INV003278,2024-08-03,2024-08-03,1,2335,0.0,0.0,Continuous,Madhya Pradesh,Bhopal,B30,26-35,Male,7.3,Pending
INV003279,2024-01-07,2025-05-28,9,155774,147.0,63.38,At Risk,Rajasthan,Jaipur,T30,46-55,Female,19.4,Pending
INV003280,2024-06-08,2025-01-27,4,55571,113.0,77.67,At Risk,Haryana,Faridabad,B30,26-35,Female,9.0,Verified
INV003281,2024-05-26,2024-05-26,1,7802,0.0,0.0,Continuous,Tamil Nadu,Coimbatore,B30,26-35,Male,21.9,Verified
INV003282,2024-11-15,2025-05-09,2,3848,175.0,175.0,At Risk,Madhya Pradesh,Bhopal,B30,18-25,Male,7.6,Verified
INV003283,2024-02-27,2024-09-22,2,6261,208.0,208.0,At Risk,Delhi,New Delhi,T30,56+,Female,45.7,Verified
INV003284,2025-02-16,2025-02-16,1,477,0.0,0.0,Continuous,Gujarat,Ahmedabad,T30,36-45,Male,27.9,Pending
INV003285,2024-09-21,2025-01-20,2,9333,121.0,121.0,At Risk,Maharashtra,Pune,T30,36-45,Male,24.0,Verified
INV003286,2024-04-09,2024-04-09,1,1150,0.0,0.0,Continuous,Tamil Nadu,Chennai,T30,36-45,Female,41.2,Verified
INV003287,2024-05-13,2025-05-23,5,24076,154.0,93.75,At Risk,Delhi,New Delhi,T30,36-45,Male,54.9,Verified
INV003288,2024-01-21,2025-03-02,3,50820,225.0,203.0,At Risk,Punjab,Chandigarh,T30,56+,Male,57.9,Pending
INV003289,2024-02-15,2025-03-10,7,105165,183.0,64.83,At Risk,Uttar Pradesh,Lucknow,T30,26-35,Male,11.2,Verified
INV003290,2025-02-10,2025-02-10,1,54546,0.0,0.0,Continuous,Tamil Nadu,Chennai,T30,26-35,Male,6.6,Verified
INV003291,2024-01-19,2025-01-27,5,29124,183.0,93.5,At Risk,Gujarat,Surat,T30,36-45,Male,47.1,Verified
INV003292,2025-01-13,2025-02-20,2,4500,38.0,38.0,At Risk,Uttar Pradesh,Kanpur,B30,56+,Female,55.0,Pending
INV003293,2025-02-09,2025-02-09,1,23595,0.0,0.0,Continuous,Uttar Pradesh,Agra,B30,36-45,Male,30.2,Verified
INV003294,2024-09-04,2025-01-20,3,71150,120.0,69.0,At Risk,Madhya Pradesh,Bhopal,B30,26-35,Female,11.1,Verified
INV003295,2024-04-06,2025-03-29,4,7686,202.0,119.0,At Risk,Gujarat,Ahmedabad,T30,26-35,Male,20.8,Verified
INV003296,2024-09-18,2025-02-17,2,10807,152.0,152.0,At Risk,Haryana,Gurugram,T30,26-35,Female,11.3,Verified
INV003297,2024-06-12,2025-05-04,5,26865,161.0,81.5,At Risk,Madhya Pradesh,Bhopal,B30,36-45,Female,16.3,Verified
INV003298,2024-02-21,2024-12-16,5,64786,182.0,74.75,At Risk,Gujarat,Surat,T30,26-35,Male,12.4,Verified
INV003299,2024-11-24,2024-11-24,1,3590,0.0,0.0,Continuous,Gujarat,Ahmedabad,T30,18-25,Male,5.2,Verified
INV003300,2024-04-25,2025-03-15,6,92258,219.0,64.8,At Risk,Uttar Pradesh,Agra,B30,36-45,Male,13.3,Verified
INV003301,2024-01-25,2025-05-14,9,183141,113.0,59.38,At Risk,Rajasthan,Udaipur,B30,26-35,Male,14.2,Verified
INV003302,2024-03-02,2024-11-22,4,80850,144.0,88.33,At Risk,Uttar Pradesh,Lucknow,T30,18-25,Male,3.0,Verified
INV003303,2024-02-08,2024-10-16,2,62571,251.0,251.0,At Risk,Gujarat,Ahmedabad,T30,26-35,Male,15.8,Verified
INV003304,2024-01-14,2025-02-15,10,135315,180.0,44.22,At Risk,Telangana,Hyderabad,T30,18-25,Female,4.8,Verified
INV003305,2024-09-06,2025-02-07,4,99061,112.0,51.33,At Risk,Telangana,Hyderabad,T30,46-55,Male,41.0,Verified
INV003306,2024-02-22,2025-05-30,4,10525,427.0,154.33,At Risk,Gujarat,Ahmedabad,T30,36-45,Male,14.6,Verified
INV003307,2024-04-12,2025-02-26,2,1672,320.0,320.0,At Risk,Rajasthan,Udaipur,B30,18-25,Male,7.1,Verified
INV003308,2024-02-19,2025-05-18,9,133172,141.0,56.75,At Risk,Telangana,Hyderabad,T30,56+,Male,58.2,Verified
INV003309,2024-04-03,2025-03-04,4,20513,176.0,111.67,At Risk,Delhi,New Delhi,T30,26-35,Male,20.0,Verified
INV003310,2024-02-26,2025-04-05,6,33878,154.0,80.8,At Risk,Telangana,Hyderabad,T30,26-35,Male,8.0,Verified
INV003311,2024-04-09,2025-04-28,9,43171,149.0,48.0,At Risk,Madhya Pradesh,Bhopal,B30,26-35,Male,9.5,Verified
INV003312,2024-01-10,2025-05-06,2,11876,482.0,482.0,At Risk,Maharashtra,Mumbai,T30,26-35,Male,7.9,Verified
INV003313,2024-07-06,2024-09-21,4,13590,35.0,25.67,Continuous,Delhi,Noida,T30,26-35,Male,16.1,Verified
INV003314,2024-02-15,2025-05-01,7,179149,210.0,73.5,At Risk,Telangana,Hyderabad,T30,36-45,Female,25.6,Verified
INV003315,2024-05-14,2025-05-07,2,22688,358.0,358.0,At Risk,Madhya Pradesh,Bhopal,B30,36-45,Female,58.1,Verified
INV003316,2024-02-26,2024-05-09,2,27497,73.0,73.0,At Risk,Punjab,Chandigarh,T30,36-45,Male,22.9,Verified
INV003317,2024-04-02,2025-02-05,8,75540,71.0,44.14,At Risk,Delhi,New Delhi,T30,18-25,Male,6.6,Verified
INV003318,2024-05-09,2024-05-09,1,1160,0.0,0.0,Continuous,Punjab,Chandigarh,T30,26-35,Male,9.9,Verified
INV003319,2024-01-07,2024-11-07,3,58272,266.0,152.5,At Risk,Punjab,Chandigarh,T30,26-35,Male,12.8,Verified
INV003320,2024-04-06,2025-02-17,8,107141,192.0,45.29,At Risk,Tamil Nadu,Coimbatore,B30,56+,Male,73.7,Verified
INV003321,2024-01-10,2024-09-04,5,28716,207.0,59.5,At Risk,Karnataka,Bangalore,T30,46-55,Male,22.5,Verified
INV003322,2024-01-07,2024-12-09,2,6092,337.0,337.0,At Risk,Rajasthan,Jaipur,T30,26-35,Male,22.7,Verified
INV003324,2024-01-30,2025-05-13,2,18661,469.0,469.0,At Risk,Karnataka,Mysore,B30,26-35,Male,20.7,Verified
INV003325,2024-01-07,2025-05-26,6,42846,155.0,101.0,At Risk,Haryana,Faridabad,B30,26-35,Male,17.3,Verified
INV003326,2024-01-03,2024-12-03,2,28499,335.0,335.0,At Risk,Karnataka,Bangalore,T30,36-45,Male,40.9,Verified
INV003328,2024-01-10,2025-02-21,3,19670,241.0,204.0,At Risk,Karnataka,Mysore,B30,26-35,Female,14.2,Verified
INV003329,2024-01-17,2025-04-06,6,113204,230.0,89.0,At Risk,Madhya Pradesh,Indore,T30,56+,Male,25.2,Verified
INV003330,2024-07-02,2025-02-16,2,14436,229.0,229.0,At Risk,Gujarat,Surat,T30,46-55,Female,44.1,Verified
INV003331,2024-03-19,2025-04-04,3,35467,310.0,190.5,At Risk,Karnataka,Bangalore,T30,26-35,Female,7.1,Verified
INV003332,2024-03-22,2025-03-06,5,56825,134.0,87.25,At Risk,Uttar Pradesh,Kanpur,B30,46-55,Male,83.2,Verified
INV003333,2024-12-27,2024-12-27,1,57698,0.0,0.0,Continuous,Maharashtra,Nashik,B30,56+,Male,49.5,Verified
INV003334,2024-05-27,2024-06-22,2,9716,26.0,26.0,Continuous,Maharashtra,Pune,T30,56+,Male,25.2,Verified
INV003335,2024-03-16,2025-01-17,3,11910,258.0,153.5,At Risk,Maharashtra,Pune,T30,18-25,Male,4.1,Verified
INV003336,2024-02-24,2025-05-03,7,134860,133.0,72.33,At Risk,Punjab,Amritsar,B30,46-55,Female,45.8,Verified
INV003337,2024-08-28,2024-12-23,2,67969,117.0,117.0,At Risk,Tamil Nadu,Chennai,T30,26-35,Female,21.7,Verified
INV003338,2024-05-21,2025-03-17,9,153954,155.0,37.5,At Risk,Haryana,Faridabad,B30,46-55,Male,69.2,Verified
INV003339,2024-05-26,2024-05-26,1,8210,0.0,0.0,Continuous,Rajasthan,Jaipur,T30,18-25,Male,5.4,Verified
INV003340,2024-04-19,2025-04-26,4,53372,295.0,124.0,At Risk,Madhya Pradesh,Indore,T30,26-35,Male,22.5,Verified
INV003341,2024-11-22,2025-05-25,5,35755,101.0,46.0,At Risk,Rajasthan,Jaipur,T30,26-35,Male,23.0,Verified
INV003342,2024-06-12,2024-12-28,5,97323,147.0,49.75,At Risk,Tamil Nadu,Chennai,T30,56+,Male,32.8,Verified
INV003343,2024-04-26,2025-04-26,4,64112,189.0,121.67,At Risk,Telangana,Hyderabad,T30,36-45,Male,26.0,Verified
INV003344,2024-02-10,2025-04-18,6,30966,190.0,86.6,At Risk,Haryana,Gurugram,T30,36-45,Female,52.5,Verified
INV003345,2024-05-22,2025-04-28,4,69639,209.0,113.67,At Risk,Maharashtra,Pune,T30,26-35,Female,17.7,Verified
INV003346,2024-02-19,2024-07-02,4,71288,125.0,44.67,At Risk,Punjab,Chandigarh,T30,46-55,Male,16.7,Verified
INV003347,2024-05-21,2025-03-01,4,18956,201.0,94.67,At Risk,Rajasthan,Udaipur,B30,18-25,Male,3.7,Verified
INV003348,2024-05-16,2025-04-04,2,96128,323.0,323.0,At Risk,Madhya Pradesh,Indore,T30,46-55,Male,53.4,Verified
INV003349,2024-04-18,2025-01-29,2,13508,286.0,286.0,At Risk,Uttar Pradesh,Agra,B30,26-35,Male,10.5,Verified
INV003350,2024-02-14,2025-05-21,6,27929,191.0,92.4,At Risk,Maharashtra,Nashik,B30,46-55,Female,37.7,Verified
INV003351,2024-07-15,2025-04-11,6,104400,86.0,54.0,At Risk,Delhi,New Delhi,T30,26-35,Male,9.5,Verified
INV003352,2024-01-11,2025-05-02,8,113976,279.0,68.14,At Risk,Maharashtra,Mumbai,T30,36-45,Male,59.3,Verified
INV003353,2024-04-08,2024-04-22,2,6494,14.0,14.0,Continuous,Rajasthan,Udaipur,B30,26-35,Female,13.3,Verified
INV003354,2024-01-14,2025-03-24,5,70146,248.0,108.75,At Risk,Punjab,Chandigarh,T30,46-55,Male,48.5,Verified
INV003355,2024-02-18,2025-03-20,4,64249,319.0,132.0,At Risk,West Bengal,Kolkata,T30,26-35,Female,14.6,Verified
INV003356,2025-02-01,2025-05-16,2,896,104.0,104.0,At Risk,Uttar Pradesh,Agra,B30,26-35,Female,11.0,Verified
INV003357,2024-05-17,2025-03-25,6,56022,100.0,62.4,At Risk,Madhya Pradesh,Bhopal,B30,26-35,Female,15.3,Verified
INV003358,2024-05-09,2024-05-09,1,8330,0.0,0.0,Continuous,Punjab,Amritsar,B30,26-35,Male,19.7,Pending
INV003359,2024-03-19,2024-06-10,2,15711,83.0,83.0,At Risk,Gujarat,Ahmedabad,T30,26-35,Male,18.4,Verified
INV003360,2024-03-14,2025-05-04,8,66401,163.0,59.43,At Risk,Madhya Pradesh,Indore,T30,26-35,Female,19.5,Verified
INV003361,2024-02-15,2025-01-25,2,2988,345.0,345.0,At Risk,Madhya Pradesh,Indore,T30,36-45,Male,19.9,Verified
INV003362,2025-01-17,2025-02-20,2,35523,34.0,34.0,Continuous,Karnataka,Bangalore,T30,36-45,Female,22.6,Verified
INV003363,2024-02-20,2025-02-25,5,27508,175.0,92.75,At Risk,Haryana,Gurugram,T30,36-45,Male,46.5,Verified
INV003364,2025-01-16,2025-01-16,1,42018,0.0,0.0,Continuous,West Bengal,Kolkata,T30,26-35,Male,23.4,Pending
INV003365,2025-05-01,2025-05-01,1,522,0.0,0.0,Continuous,Uttar Pradesh,Agra,B30,26-35,Male,12.7,Verified
INV003366,2024-03-27,2025-02-09,5,42244,220.0,79.75,At Risk,Madhya Pradesh,Bhopal,B30,18-25,Male,3.3,Verified
INV003368,2025-01-25,2025-01-25,1,1131,0.0,0.0,Continuous,Uttar Pradesh,Kanpur,B30,26-35,Male,18.1,Verified
INV003369,2024-02-13,2024-02-13,1,10586,0.0,0.0,Continuous,Delhi,Noida,T30,26-35,Male,21.4,Verified
INV003370,2024-03-13,2025-03-28,7,82199,206.0,63.33,At Risk,Karnataka,Mysore,B30,56+,Female,54.8,Verified
INV003371,2025-05-11,2025-05-11,1,20220,0.0,0.0,Continuous,Maharashtra,Pune,T30,26-35,Female,14.8,Verified
INV003372,2024-03-04,2024-12-26,6,31020,118.0,59.4,At Risk,Karnataka,Mysore,B30,36-45,Female,38.1,Verified
INV003373,2024-04-24,2025-01-12,2,15276,263.0,263.0,At Risk,Gujarat,Surat,T30,56+,Male,62.9,Verified
INV003374,2024-06-11,2025-05-16,7,49043,128.0,56.5,At Risk,Karnataka,Mysore,B30,26-35,Male,15.8,Verified
INV003375,2024-04-30,2025-05-04,8,135524,158.0,52.71,At Risk,Telangana,Hyderabad,T30,56+,Female,62.2,Verified
INV003376,2024-03-21,2025-05-24,6,80609,199.0,85.8,At Risk,Delhi,New Delhi,T30,36-45,Male,44.4,Verified
INV003377,2024-08-12,2025-03-03,2,5927,203.0,203.0,At Risk,Uttar Pradesh,Agra,B30,36-45,Male,53.9,Verified
INV003379,2024-01-03,2025-03-29,7,53335,268.0,75.17,At Risk,Uttar Pradesh,Lucknow,T30,36-45,Male,43.2,Verified
INV003380,2024-03-02,2025-02-27,6,35744,155.0,72.4,At Risk,Delhi,Noida,T30,36-45,Male,21.0,Verified
INV003381,2024-03-18,2025-03-10,4,57857,243.0,119.0,At Risk,Madhya Pradesh,Indore,T30,36-45,Female,12.1,Verified
INV003382,2024-07-13,2024-12-31,6,70423,85.0,34.2,At Risk,Karnataka,Bangalore,T30,26-35,Male,19.8,Verified
INV003383,2024-01-19,2025-03-02,3,22721,269.0,204.0,At Risk,Karnataka,Mysore,B30,18-25,Male,4.6,Verified
INV003384,2024-06-28,2024-06-28,1,7436,0.0,0.0,Continuous,Tamil Nadu,Coimbatore,B30,36-45,Male,51.8,Verified
INV003385,2024-01-10,2024-01-10,1,550,0.0,0.0,Continuous,Punjab,Amritsar,B30,56+,Female,65.9,Verified
INV003386,2024-01-25,2024-01-25,1,2698,0.0,0.0,Continuous,Haryana,Faridabad,B30,26-35,Male,16.8,Verified
INV003387,2024-08-30,2025-05-21,4,16689,131.0,88.0,At Risk,Gujarat,Ahmedabad,T30,36-45,Male,15.4,Pending
INV003388,2024-02-09,2025-03-07,4,30014,215.0,130.67,At Risk,Haryana,Faridabad,B30,56+,Female,39.3,Verified
INV003389,2024-07-08,2024-09-15,2,65676,69.0,69.0,At Risk,Telangana,Hyderabad,T30,26-35,Male,22.3,Verified
INV003390,2024-05-02,2025-05-19,2,33702,382.0,382.0,At Risk,Haryana,Faridabad,B30,26-35,Male,9.6,Verified
INV003391,2024-06-06,2025-03-16,6,75689,193.0,56.6,At Risk,West Bengal,Kolkata,T30,26-35,Male,20.2,Verified
INV003392,2024-10-30,2025-03-05,2,28600,126.0,126.0,At Risk,West Bengal,Kolkata,T30,56+,Male,16.5,Verified
INV003393,2024-03-02,2025-05-22,8,73545,178.0,63.71,At Risk,Delhi,New Delhi,T30,26-35,Male,17.1,Pending
INV003394,2024-01-04,2025-02-28,3,17527,333.0,210.5,At Risk,West Bengal,Kolkata,T30,26-35,Male,14.6,Verified
INV003395,2024-03-08,2025-04-07,6,56160,192.0,79.0,At Risk,Gujarat,Ahmedabad,T30,36-45,Male,39.2,Verified
INV003396,2024-01-21,2025-05-29,5,12315,270.0,123.5,At Risk,Karnataka,Mysore,B30,26-35,Male,23.4,Verified
INV003397,2024-07-05,2024-10-26,2,10029,113.0,113.0,At Risk,Haryana,Faridabad,B30,26-35,Male,11.7,Verified
INV003398,2024-02-27,2025-03-21,8,47267,140.0,55.43,At Risk,Karnataka,Bangalore,T30,36-45,Male,42.0,Verified
INV003399,2024-01-31,2024-11-11,3,26185,261.0,142.5,At Risk,Telangana,Hyderabad,T30,26-35,Female,16.0,Verified
INV003400,2024-08-18,2024-10-01,2,5421,44.0,44.0,At Risk,Tamil Nadu,Coimbatore,B30,36-45,Female,15.0,Verified
INV003401,2024-07-03,2024-09-23,3,21815,79.0,41.0,At Risk,Rajasthan,Jaipur,T30,26-35,Female,18.1,Verified
INV003402,2024-04-23,2024-07-23,4,78685,39.0,30.33,At Risk,Telangana,Hyderabad,T30,26-35,Male,20.5,Verified
INV003403,2024-02-01,2024-11-10,6,50522,116.0,56.6,At Risk,Madhya Pradesh,Bhopal,B30,18-25,Male,6.3,Verified
INV003404,2024-03-01,2025-02-16,8,80637,198.0,50.29,At Risk,Tamil Nadu,Chennai,T30,36-45,Male,26.8,Verified
INV003405,2024-07-02,2025-04-15,8,95007,186.0,41.0,At Risk,Rajasthan,Jaipur,T30,26-35,Male,11.5,Verified
INV003406,2024-02-02,2025-03-21,8,104922,251.0,59.0,At Risk,Madhya Pradesh,Bhopal,B30,26-35,Male,21.2,Verified
INV003407,2024-03-03,2025-04-09,8,51571,146.0,57.43,At Risk,West Bengal,Kolkata,T30,26-35,Male,6.7,Verified
INV003408,2024-06-14,2025-01-07,4,11829,113.0,69.0,At Risk,West Bengal,Kolkata,T30,18-25,Male,6.1,Verified
INV003409,2024-03-25,2024-12-08,5,67232,127.0,64.5,At Risk,Karnataka,Mysore,B30,46-55,Male,44.2,Verified
INV003410,2024-01-04,2025-03-30,5,27901,215.0,112.75,At Risk,Madhya Pradesh,Indore,T30,26-35,Male,7.7,Verified
INV003411,2024-01-07,2025-03-08,5,67481,213.0,106.5,At Risk,Tamil Nadu,Chennai,T30,26-35,Male,14.2,Verified
INV003412,2025-03-30,2025-04-23,2,10494,24.0,24.0,Continuous,Rajasthan,Jaipur,T30,18-25,Male,7.8,Verified
INV003413,2025-03-29,2025-03-29,1,23522,0.0,0.0,Continuous,West Bengal,Kolkata,T30,46-55,Female,59.4,Verified
INV003414,2024-01-04,2025-02-12,2,24878,405.0,405.0,At Risk,Maharashtra,Pune,T30,36-45,Female,20.3,Verified
INV003415,2024-01-20,2024-12-09,5,49983,174.0,81.0,At Risk,Gujarat,Surat,T30,46-55,Male,96.6,Verified
INV003416,2024-04-30,2024-04-30,1,13954,0.0,0.0,Continuous,West Bengal,Kolkata,T30,26-35,Male,22.3,Pending
INV003417,2024-03-05,2024-04-09,2,5860,35.0,35.0,Continuous,Karnataka,Mysore,B30,26-35,Male,17.6,Verified
INV003418,2024-06-15,2025-02-27,3,42943,239.0,128.5,At Risk,Delhi,Gurugram,T30,36-45,Male,22.3,Verified
INV003419,2024-08-13,2025-04-20,5,43978,200.0,62.5,At Risk,Maharashtra,Pune,T30,18-25,Male,5.3,Verified
INV003420,2024-01-01,2025-02-04,5,78711,339.0,100.0,At Risk,Haryana,Faridabad,B30,36-45,Male,47.2,Verified
INV003421,2025-01-23,2025-03-11,3,36249,39.0,23.5,At Risk,Telangana,Hyderabad,T30,26-35,Male,12.4,Pending
INV003422,2024-01-07,2025-05-29,7,84910,167.0,84.67,At Risk,Uttar Pradesh,Lucknow,T30,26-35,Male,9.0,Verified
INV003423,2024-01-11,2025-03-05,4,12853,303.0,139.67,At Risk,Delhi,Noida,T30,18-25,Female,3.2,Pending
INV003424,2024-02-16,2025-04-30,7,60522,124.0,73.17,At Risk,Madhya Pradesh,Indore,T30,26-35,Female,19.7,Verified
INV003425,2024-03-06,2024-12-21,4,71002,137.0,96.67,At Risk,Gujarat,Surat,T30,26-35,Female,14.5,Verified
INV003426,2024-03-04,2024-09-23,4,18625,105.0,67.67,At Risk,Karnataka,Bangalore,T30,46-55,Male,27.8,Verified
INV003427,2024-02-05,2025-04-01,6,117717,266.0,84.2,At Risk,West Bengal,Kolkata,T30,18-25,Male,4.4,Verified
INV003428,2024-04-16,2025-01-29,4,43115,156.0,96.0,At Risk,Tamil Nadu,Coimbatore,B30,26-35,Female,22.8,Verified
INV003429,2024-04-13,2025-05-27,5,25428,194.0,102.25,At Risk,Telangana,Hyderabad,T30,26-35,Male,16.0,Verified
INV003430,2024-05-27,2025-05-29,6,54715,104.0,73.4,At Risk,Gujarat,Ahmedabad,T30,26-35,Female,14.8,Verified
INV003431,2024-07-01,2025-03-15,6,65461,152.0,51.4,At Risk,Karnataka,Mysore,B30,18-25,Male,6.3,Verified
INV003432,2024-02-16,2025-02-18,7,63809,97.0,61.33,At Risk,Uttar Pradesh,Agra,B30,56+,Female,11.2,Verified
INV003433,2024-07-09,2024-09-23,2,17145,76.0,76.0,At Risk,Rajasthan,Jaipur,T30,26-35,Female,9.1,Verified
INV003434,2024-03-25,2024-03-25,1,490,0.0,0.0,Continuous,Gujarat,Surat,T30,18-25,Male,5.9,Verified
INV003435,2024-02-13,2025-05-01,7,94339,140.0,73.83,At Risk,Maharashtra,Nashik,B30,26-35,Female,17.8,Verified
INV003436,2024-01-01,2025-01-19,5,42032,167.0,96.0,At Risk,Maharashtra,Mumbai,T30,36-45,Female,54.4,Pending
INV003437,2024-02-06,2025-05-07,6,43627,226.0,91.2,At Risk,Punjab,Amritsar,B30,46-55,Female,51.0,Verified
INV003438,2024-02-12,2025-04-29,4,16917,226.0,147.33,At Risk,Delhi,Noida,T30,26-35,Female,19.6,Verified
INV003439,2024-01-20,2024-03-03,3,46455,29.0,21.5,Continuous,West Bengal,Kolkata,T30,18-25,Female,3.9,Verified
INV003440,2024-10-14,2024-10-14,1,1860,0.0,0.0,Continuous,Rajasthan,Udaipur,B30,36-45,Male,24.1,Verified
INV003441,2024-10-29,2025-03-11,2,10266,133.0,133.0,At Risk,West Bengal,Kolkata,T30,26-35,Male,13.5,Verified
INV003442,2024-10-31,2025-02-04,2,9062,96.0,96.0,At Risk,Rajasthan,Jaipur,T30,56+,Male,51.6,Verified
INV003443,2024-10-07,2025-05-18,3,22033,195.0,111.5,At Risk,Madhya Pradesh,Bhopal,B30,26-35,Male,16.6,Verified
INV003444,2024-03-05,2025-03-06,4,16161,355.0,122.0,At Risk,Telangana,Hyderabad,T30,36-45,Female,41.4,Verified
INV003445,2024-03-20,2025-03-27,2,23610,372.0,372.0,At Risk,Maharashtra,Nashik,B30,36-45,Male,40.9,Verified
INV003446,2024-10-01,2025-04-04,2,17137,185.0,185.0,At Risk,Delhi,New Delhi,T30,36-45,Male,14.5,Verified
INV003447,2024-07-06,2024-07-06,1,8756,0.0,0.0,Continuous,West Bengal,Kolkata,T30,26-35,Male,7.0,Verified
INV003448,2024-02-04,2025-04-26,7,22057,200.0,74.5,At Risk,Rajasthan,Udaipur,B30,26-35,Male,16.4,Verified
INV003449,2024-02-20,2024-06-01,2,30939,102.0,102.0,At Risk,Gujarat,Ahmedabad,T30,56+,Male,10.0,Verified
INV003450,2024-02-29,2025-05-03,10,140759,158.0,47.67,At Risk,Maharashtra,Nashik,B30,18-25,Female,4.2,Verified
INV003451,2024-02-27,2025-05-01,5,62732,256.0,107.25,At Risk,Punjab,Amritsar,B30,18-25,Female,5.2,Verified
INV003452,2024-09-14,2025-01-20,5,33218,47.0,32.0,At Risk,Haryana,Faridabad,B30,18-25,Male,4.5,Verified
INV003453,2024-06-02,2025-04-08,2,11684,310.0,310.0,At Risk,Punjab,Chandigarh,T30,36-45,Male,56.3,Verified
INV003454,2024-01-12,2024-05-07,3,13035,102.0,58.0,At Risk,Telangana,Hyderabad,T30,26-35,Male,18.3,Verified
INV003455,2024-05-17,2024-12-16,7,79732,76.0,35.5,At Risk,Tamil Nadu,Coimbatore,B30,46-55,Male,40.2,Verified
INV003456,2024-07-08,2025-01-08,2,18801,184.0,184.0,At Risk,Telangana,Hyderabad,T30,26-35,Male,7.5,Verified
INV003457,2024-04-13,2025-04-11,7,75273,117.0,60.5,At Risk,Karnataka,Bangalore,T30,36-45,Male,48.6,Verified
INV003458,2024-02-06,2025-05-26,8,35913,206.0,67.86,At Risk,Gujarat,Surat,T30,36-45,Male,21.3,Verified
INV003459,2024-07-08,2025-05-01,6,42636,113.0,59.4,At Risk,Karnataka,Mysore,B30,26-35,Female,23.5,Verified
INV003460,2024-08-16,2025-04-01,4,12224,104.0,76.0,At Risk,Delhi,New Delhi,T30,26-35,Male,14.6,Verified
INV003461,2025-02-16,2025-05-10,2,38946,83.0,83.0,At Risk,West Bengal,Kolkata,T30,18-25,Male,7.7,Verified
INV003462,2024-03-05,2025-05-12,5,59285,134.0,108.25,At Risk,Rajasthan,Jaipur,T30,26-35,Female,24.3,Verified
INV003463,2024-10-10,2025-05-17,3,10827,127.0,109.5,At Risk,Uttar Pradesh,Kanpur,B30,26-35,Male,14.1,Verified
INV003464,2024-02-10,2024-12-26,3,60020,255.0,160.0,At Risk,Uttar Pradesh,Kanpur,B30,18-25,Male,3.0,Verified
INV003467,2024-06-22,2025-02-01,3,15847,220.0,112.0,At Risk,Madhya Pradesh,Indore,T30,46-55,Female,89.7,Verified
INV003468,2024-02-17,2025-05-30,3,21471,269.0,234.0,At Risk,Madhya Pradesh,Indore,T30,36-45,Female,43.1,Verified
INV003469,2024-04-12,2024-12-12,3,24240,139.0,122.0,At Risk,Maharashtra,Nashik,B30,26-35,Male,9.9,Verified
INV003470,2024-05-18,2025-05-03,3,12971,175.0,175.0,At Risk,Uttar Pradesh,Kanpur,B30,18-25,Male,3.8,Verified
INV003471,2024-08-12,2024-09-11,3,9161,23.0,15.0,Continuous,Maharashtra,Nashik,B30,36-45,Male,15.0,Verified
INV003472,2025-05-06,2025-05-06,1,13816,0.0,0.0,Continuous,Uttar Pradesh,Agra,B30,36-45,Male,12.3,Verified
INV003473,2024-01-08,2025-05-01,6,40058,213.0,95.8,At Risk,Telangana,Hyderabad,T30,26-35,Male,16.5,Verified
INV003474,2025-03-23,2025-03-23,1,2983,0.0,0.0,Continuous,Rajasthan,Jaipur,T30,56+,Female,22.1,Verified
INV003475,2024-01-14,2025-04-06,9,75542,155.0,56.0,At Risk,Telangana,Hyderabad,T30,26-35,Male,20.7,Verified
INV003476,2025-01-23,2025-01-23,1,5233,0.0,0.0,Continuous,Punjab,Chandigarh,T30,18-25,Male,5.1,Verified
INV003477,2024-02-05,2025-03-06,4,32523,210.0,131.67,At Risk,Delhi,Gurugram,T30,36-45,Female,23.1,Verified
INV003478,2024-01-27,2025-04-24,9,135853,195.0,56.62,At Risk,Punjab,Chandigarh,T30,26-35,Male,21.2,Verified
INV003479,2024-02-08,2025-05-13,8,90730,164.0,65.71,At Risk,West Bengal,Kolkata,T30,36-45,Female,44.7,Verified
INV003480,2024-01-18,2025-03-05,6,37752,211.0,82.4,At Risk,Madhya Pradesh,Bhopal,B30,26-35,Male,24.4,Verified
INV003481,2024-04-10,2024-04-10,1,47070,0.0,0.0,Continuous,Punjab,Chandigarh,T30,46-55,Male,90.9,Verified
INV003482,2024-07-04,2024-07-04,1,903,0.0,0.0,Continuous,Madhya Pradesh,Indore,T30,18-25,Female,6.3,Verified
INV003483,2024-05-13,2024-11-01,2,3775,172.0,172.0,At Risk,Rajasthan,Udaipur,B30,46-55,Male,81.5,Verified
INV003484,2024-02-10,2025-02-13,6,108256,333.0,73.8,At Risk,Madhya Pradesh,Bhopal,B30,26-35,Female,7.1,Verified
INV003485,2024-08-31,2025-05-26,4,71773,248.0,89.33,At Risk,Haryana,Gurugram,T30,36-45,Male,39.1,Verified
INV003487,2024-02-29,2025-02-16,6,96051,155.0,70.6,At Risk,Gujarat,Ahmedabad,T30,26-35,Female,12.0,Verified
INV003488,2024-02-06,2025-05-15,2,27153,464.0,464.0,At Risk,Gujarat,Surat,T30,46-55,Male,37.3,Verified
INV003489,2024-01-04,2024-01-04,1,11426,0.0,0.0,Continuous,Rajasthan,Udaipur,B30,26-35,Male,11.4,Verified
INV003490,2024-08-24,2025-03-03,2,19946,191.0,191.0,At Risk,Punjab,Chandigarh,T30,26-35,Male,11.6,Verified
INV003491,2024-02-12,2025-05-30,9,58181,119.0,59.12,At Risk,Delhi,Noida,T30,46-55,Male,92.5,Verified
INV003492,2024-02-10,2025-05-09,6,39990,162.0,90.8,At Risk,Gujarat,Ahmedabad,T30,36-45,Male,35.2,Verified
INV003493,2024-11-14,2025-03-01,2,6639,107.0,107.0,At Risk,Gujarat,Surat,T30,18-25,Male,4.2,Verified
INV003494,2024-02-12,2025-01-12,4,63285,201.0,111.67,At Risk,Punjab,Chandigarh,T30,26-35,Female,18.6,Verified
INV003495,2024-02-03,2025-04-21,10,76439,121.0,49.22,At Risk,West Bengal,Kolkata,T30,26-35,Female,22.9,Verified
INV003496,2024-04-24,2025-04-22,4,21808,218.0,121.0,At Risk,Telangana,Hyderabad,T30,26-35,Male,14.9,Verified
INV003498,2025-02-18,2025-02-18,1,27642,0.0,0.0,Continuous,West Bengal,Kolkata,T30,26-35,Male,19.0,Verified
INV003499,2024-02-03,2024-11-15,2,14920,286.0,286.0,At Risk,Karnataka,Mysore,B30,18-25,Male,4.7,Verified
INV003500,2024-01-04,2025-04-18,3,60228,364.0,235.0,At Risk,Maharashtra,Mumbai,T30,26-35,Male,15.5,Pending
INV003501,2024-05-30,2024-12-20,3,14321,154.0,102.0,At Risk,Rajasthan,Udaipur,B30,26-35,Female,24.7,Verified
INV003502,2025-05-12,2025-05-12,1,7667,0.0,0.0,Continuous,Punjab,Amritsar,B30,56+,Female,20.5,Verified
INV003503,2024-09-26,2025-05-29,3,20836,224.0,122.5,At Risk,Karnataka,Mysore,B30,36-45,Male,26.3,Verified
INV003504,2024-04-22,2024-04-22,1,5664,0.0,0.0,Continuous,Telangana,Hyderabad,T30,26-35,Female,13.0,Verified
INV003505,2024-08-31,2024-12-08,2,9480,99.0,99.0,At Risk,West Bengal,Kolkata,T30,56+,Female,53.5,Verified
INV003506,2024-04-18,2025-05-25,7,27834,132.0,67.0,At Risk,Tamil Nadu,Chennai,T30,56+,Female,55.5,Verified
INV003507,2024-09-16,2025-05-23,4,63332,178.0,83.0,At Risk,Karnataka,Bangalore,T30,26-35,Female,22.5,Pending
INV003508,2024-12-31,2024-12-31,1,1929,0.0,0.0,Continuous,Punjab,Amritsar,B30,26-35,Female,19.5,Verified
INV003509,2024-01-20,2025-05-21,9,91824,149.0,60.88,At Risk,Haryana,Gurugram,T30,36-45,Male,14.5,Verified
INV003510,2024-08-23,2025-01-08,3,22593,78.0,69.0,At Risk,Uttar Pradesh,Kanpur,B30,46-55,Male,72.7,Verified
INV003511,2024-01-19,2025-04-22,8,71560,183.0,65.57,At Risk,Haryana,Gurugram,T30,46-55,Male,36.8,Verified
INV003513,2024-01-31,2024-11-01,5,78430,159.0,68.75,At Risk,West Bengal,Kolkata,T30,36-45,Male,57.3,Verified
INV003514,2024-03-09,2025-03-15,6,90699,172.0,74.2,At Risk,Delhi,Gurugram,T30,36-45,Female,40.2,Verified
INV003515,2024-03-06,2024-06-12,4,17009,44.0,32.67,At Risk,West Bengal,Kolkata,T30,26-35,Male,16.3,Verified
INV003516,2024-05-19,2025-04-08,2,10368,324.0,324.0,At Risk,Delhi,Gurugram,T30,36-45,Female,14.0,Verified
INV003517,2024-02-03,2024-07-16,2,11700,164.0,164.0,At Risk,Gujarat,Ahmedabad,T30,26-35,Male,16.6,Pending
INV003518,2024-04-22,2025-03-27,6,38843,157.0,67.8,At Risk,Madhya Pradesh,Bhopal,B30,26-35,Male,6.7,Verified
INV003519,2024-10-06,2025-04-01,3,42964,92.0,88.5,At Risk,Madhya Pradesh,Indore,T30,26-35,Male,9.8,Verified
INV003520,2024-01-31,2025-03-11,4,31089,270.0,135.0,At Risk,Uttar Pradesh,Lucknow,T30,18-25,Male,4.5,Pending
INV003521,2024-02-28,2025-05-18,6,46547,183.0,89.0,At Risk,Rajasthan,Jaipur,T30,46-55,Male,95.4,Verified
INV003522,2024-05-18,2024-05-18,1,3041,0.0,0.0,Continuous,Karnataka,Mysore,B30,26-35,Female,6.3,Verified
INV003523,2024-12-03,2025-02-07,2,3511,66.0,66.0,At Risk,Rajasthan,Udaipur,B30,56+,Male,70.4,Verified
INV003524,2024-02-18,2025-03-09,7,74739,203.0,64.17,At Risk,Telangana,Hyderabad,T30,36-45,Male,12.5,Verified
INV003525,2024-04-02,2025-05-01,5,17522,209.0,98.5,At Risk,Karnataka,Mysore,B30,36-45,Male,36.1,Verified
INV003526,2024-01-30,2025-04-15,6,30478,224.0,88.2,At Risk,Maharashtra,Nashik,B30,36-45,Male,24.2,Verified
INV003527,2024-05-02,2025-04-08,4,5590,245.0,113.67,At Risk,Telangana,Hyderabad,T30,36-45,Female,26.2,Verified
INV003528,2024-01-23,2025-05-06,9,143222,186.0,58.62,At Risk,Madhya Pradesh,Bhopal,B30,18-25,Female,3.6,Verified
INV003529,2024-03-08,2024-06-14,4,7192,55.0,32.67,At Risk,Tamil Nadu,Chennai,T30,36-45,Female,36.6,Verified
INV003530,2024-09-13,2025-05-26,6,78084,101.0,51.0,At Risk,Maharashtra,Pune,T30,26-35,Male,9.4,Verified
INV003531,2024-01-17,2025-02-02,6,71480,185.0,76.4,At Risk,Delhi,Gurugram,T30,36-45,Male,41.9,Verified
INV003532,2024-01-30,2025-05-15,5,32127,151.0,117.75,At Risk,Punjab,Amritsar,B30,36-45,Female,18.8,Verified
INV003533,2024-02-12,2025-03-12,5,21017,211.0,98.5,At Risk,Telangana,Hyderabad,T30,56+,Female,11.4,Verified
INV003534,2024-03-30,2025-04-03,8,53508,160.0,52.71,At Risk,Madhya Pradesh,Indore,T30,46-55,Male,75.7,Verified
INV003535,2024-07-15,2025-02-13,3,81926,144.0,106.5,At Risk,Maharashtra,Nashik,B30,26-35,Male,12.5,Verified
INV003536,2024-01-08,2024-07-11,3,48102,153.0,92.5,At Risk,Maharashtra,Nashik,B30,36-45,Male,36.9,Verified
INV003537,2024-03-11,2025-03-10,5,40960,192.0,91.0,At Risk,Punjab,Amritsar,B30,18-25,Male,3.7,Verified
INV003538,2024-10-27,2024-10-27,1,1617,0.0,0.0,Continuous,Telangana,Hyderabad,T30,26-35,Male,14.4,Verified
INV003539,2024-01-21,2024-09-06,3,39200,167.0,114.5,At Risk,Rajasthan,Udaipur,B30,56+,Female,54.9,Verified
INV003540,2024-03-17,2024-05-12,2,28595,56.0,56.0,At Risk,Telangana,Hyderabad,T30,26-35,Male,23.6,Verified
INV003541,2024-07-28,2025-03-04,4,37231,175.0,73.0,At Risk,Punjab,Chandigarh,T30,26-35,Female,10.5,Verified
INV003542,2024-07-11,2024-07-11,1,5143,0.0,0.0,Continuous,Telangana,Hyderabad,T30,26-35,Male,10.0,Verified
INV003543,2024-02-20,2025-04-01,5,79999,179.0,101.5,At Risk,Maharashtra,Nashik,B30,26-35,Male,8.3,Verified
INV003544,2024-01-09,2024-10-05,2,49398,270.0,270.0,At Risk,Delhi,Gurugram,T30,26-35,Male,11.7,Verified
INV003545,2024-01-27,2025-04-21,6,34569,210.0,90.0,At Risk,Gujarat,Ahmedabad,T30,26-35,Female,15.7,Verified
INV003546,2024-01-30,2025-01-06,4,58663,126.0,114.0,At Risk,West Bengal,Kolkata,T30,36-45,Male,16.2,Verified
INV003547,2024-03-01,2024-03-01,1,2221,0.0,0.0,Continuous,Telangana,Hyderabad,T30,26-35,Male,17.1,Verified
INV003548,2024-02-18,2024-05-03,3,12026,41.0,37.5,At Risk,Karnataka,Bangalore,T30,26-35,Male,23.3,Verified
INV003549,2024-06-10,2025-04-01,2,44133,295.0,295.0,At Risk,Maharashtra,Pune,T30,56+,Male,76.9,Verified
INV003550,2024-09-25,2024-09-25,1,2390,0.0,0.0,Continuous,Madhya Pradesh,Bhopal,B30,26-35,Male,22.6,Verified
INV003552,2024-04-21,2025-02-10,3,30965,207.0,147.5,At Risk,Gujarat,Surat,T30,26-35,Male,17.0,Verified
INV003553,2024-02-03,2025-01-14,5,33312,143.0,86.5,At Risk,Punjab,Amritsar,B30,36-45,Male,33.0,Verified
INV003554,2024-03-26,2025-03-13,5,56334,147.0,88.0,At Risk,Rajasthan,Jaipur,T30,26-35,Female,15.6,Pending
INV003555,2024-03-29,2024-06-27,3,40054,46.0,45.0,At Risk,Karnataka,Mysore,B30,26-35,Male,18.6,Verified
INV003556,2024-04-19,2025-05-12,6,37784,129.0,77.6,At Risk,Karnataka,Mysore,B30,18-25,Male,3.7,Verified
INV003557,2024-04-03,2025-03-01,6,49343,156.0,66.4,At Risk,Karnataka,Bangalore,T30,46-55,Female,81.8,Verified
INV003558,2024-03-10,2024-10-31,7,76056,66.0,39.17,At Risk,Uttar Pradesh,Lucknow,T30,18-25,Male,6.1,Verified
INV003559,2024-01-25,2025-04-04,10,131836,118.0,48.33,At Risk,Uttar Pradesh,Kanpur,B30,26-35,Female,9.4,Verified
INV003560,2024-04-07,2025-03-30,3,37126,287.0,178.5,At Risk,Rajasthan,Udaipur,B30,26-35,Male,22.5,Verified
INV003561,2024-02-21,2025-03-23,4,57279,209.0,132.0,At Risk,West Bengal,Kolkata,T30,26-35,Male,22.0,Verified
INV003562,2024-01-31,2025-05-28,7,77371,165.0,80.5,At Risk,West Bengal,Kolkata,T30,26-35,Female,11.8,Verified
INV003563,2024-02-23,2024-11-14,4,34825,153.0,88.33,At Risk,Haryana,Gurugram,T30,46-55,Male,41.8,Pending
INV003564,2024-01-06,2025-05-17,8,196080,292.0,71.0,At Risk,Telangana,Hyderabad,T30,18-25,Male,6.8,Verified
INV003565,2024-01-20,2025-04-03,5,11493,183.0,109.75,At Risk,Gujarat,Surat,T30,26-35,Male,12.0,Verified
INV003566,2024-02-19,2024-11-21,2,8428,276.0,276.0,At Risk,Tamil Nadu,Coimbatore,B30,26-35,Male,8.7,Verified
INV003567,2024-01-28,2024-11-24,4,66215,187.0,100.33,At Risk,Tamil Nadu,Chennai,T30,46-55,Male,76.1,Pending
INV003568,2024-02-12,2024-11-27,5,57073,232.0,72.25,At Risk,Tamil Nadu,Chennai,T30,18-25,Female,5.3,Verified
INV003569,2024-06-10,2025-04-30,5,38344,144.0,81.0,At Risk,Delhi,Gurugram,T30,46-55,Male,65.1,Verified
INV003570,2024-03-25,2025-04-03,3,27563,364.0,187.0,At Risk,Delhi,New Delhi,T30,26-35,Male,12.3,Verified
INV003571,2024-01-03,2024-06-24,3,7008,112.0,86.5,At Risk,Haryana,Faridabad,B30,36-45,Male,53.1,Verified
INV003572,2024-05-24,2025-05-22,3,12099,268.0,181.5,At Risk,Punjab,Amritsar,B30,46-55,Male,65.9,Verified
INV003573,2024-02-25,2024-06-10,5,157677,53.0,26.5,At Risk,Gujarat,Surat,T30,36-45,Male,51.8,Verified
INV003574,2024-05-06,2025-05-21,3,40098,289.0,190.0,At Risk,Haryana,Faridabad,B30,46-55,Male,48.4,Verified
INV003575,2024-02-04,2025-02-17,4,49066,284.0,126.33,At Risk,West Bengal,Kolkata,T30,18-25,Male,4.7,Verified
INV003576,2024-11-01,2025-01-10,2,2621,70.0,70.0,At Risk,Karnataka,Mysore,B30,26-35,Female,19.6,Verified
INV003577,2024-03-11,2025-02-11,5,58871,213.0,84.25,At Risk,Punjab,Amritsar,B30,26-35,Female,22.7,Verified
INV003578,2024-06-02,2025-01-13,3,29509,160.0,112.5,At Risk,Uttar Pradesh,Lucknow,T30,36-45,Female,36.5,Verified
INV003579,2024-07-15,2024-11-19,4,126225,69.0,42.33,At Risk,West Bengal,Kolkata,T30,18-25,Male,4.6,Verified
INV003580,2024-02-09,2025-04-17,7,64406,227.0,72.17,At Risk,Gujarat,Ahmedabad,T30,26-35,Male,22.5,Verified
INV003581,2024-06-03,2025-05-28,8,39296,95.0,51.29,At Risk,Tamil Nadu,Coimbatore,B30,56+,Male,15.3,Verified
INV003582,2024-06-17,2025-04-09,7,74240,167.0,49.33,At Risk,Uttar Pradesh,Kanpur,B30,36-45,Male,43.1,Verified
INV003583,2024-04-02,2025-05-25,5,40391,144.0,104.5,At Risk,Maharashtra,Nashik,B30,18-25,Male,4.9,Verified
INV003584,2024-09-03,2024-09-03,1,6860,0.0,0.0,Continuous,Punjab,Amritsar,B30,26-35,Male,12.6,Verified
INV003585,2024-05-03,2024-05-03,1,7817,0.0,0.0,Continuous,Karnataka,Bangalore,T30,18-25,Male,7.0,Verified
INV003586,2024-04-20,2025-05-05,8,138874,113.0,54.29,At Risk,Haryana,Faridabad,B30,46-55,Male,68.9,Verified
INV003587,2024-07-05,2025-03-28,4,57847,180.0,88.67,At Risk,Telangana,Hyderabad,T30,26-35,Female,16.4,Verified
INV003588,2024-09-24,2024-10-24,3,27945,29.0,15.0,Continuous,Gujarat,Ahmedabad,T30,36-45,Female,29.3,Verified
INV003589,2024-06-20,2025-05-28,3,17039,307.0,171.0,At Risk,Maharashtra,Nashik,B30,26-35,Female,11.4,Verified
INV003590,2024-05-03,2025-04-16,4,65405,193.0,116.0,At Risk,Karnataka,Bangalore,T30,46-55,Female,23.1,Verified
INV003591,2024-03-28,2024-03-28,1,539,0.0,0.0,Continuous,Haryana,Faridabad,B30,26-35,Female,8.8,Verified
INV003592,2024-02-06,2025-02-18,6,69765,202.0,75.6,At Risk,Madhya Pradesh,Indore,T30,56+,Female,27.6,Verified
INV003593,2024-02-12,2025-03-09,6,94754,166.0,78.2,At Risk,Karnataka,Bangalore,T30,26-35,Female,21.6,Pending
INV003594,2024-03-23,2025-02-27,4,120610,217.0,113.67,At Risk,Madhya Pradesh,Indore,T30,18-25,Male,5.8,Verified
INV003595,2024-08-12,2025-04-04,2,24314,235.0,235.0,At Risk,Tamil Nadu,Coimbatore,B30,56+,Female,74.5,Verified
INV003597,2024-05-29,2025-04-11,3,58598,241.0,158.5,At Risk,Punjab,Chandigarh,T30,18-25,Male,5.6,Verified
INV003598,2024-01-15,2025-05-05,8,28496,114.0,68.0,At Risk,Delhi,Gurugram,T30,26-35,Female,12.7,Verified
INV003599,2024-01-24,2024-09-30,6,94188,100.0,50.0,At Risk,Madhya Pradesh,Indore,T30,46-55,Male,43.2,Verified
INV003600,2024-03-13,2025-05-12,5,64885,252.0,106.25,At Risk,West Bengal,Kolkata,T30,56+,Female,19.3,Verified
INV003601,2024-05-18,2025-05-15,9,59029,118.0,45.25,At Risk,Haryana,Faridabad,B30,26-35,Female,17.0,Verified
INV003602,2024-01-11,2025-05-12,3,2842,436.0,243.5,At Risk,Maharashtra,Nashik,B30,46-55,Male,75.4,Verified
INV003603,2024-02-26,2025-01-25,3,4722,308.0,167.0,At Risk,Madhya Pradesh,Indore,T30,36-45,Male,52.4,Verified
INV003604,2024-01-15,2025-04-10,6,71928,188.0,90.2,At Risk,Punjab,Chandigarh,T30,18-25,Female,7.4,Verified
INV003605,2024-02-07,2024-09-18,2,2807,224.0,224.0,At Risk,Gujarat,Ahmedabad,T30,36-45,Male,15.5,Verified
INV003607,2024-05-15,2025-05-02,6,24597,253.0,70.4,At Risk,Delhi,Gurugram,T30,18-25,Male,4.7,Verified
INV003608,2024-03-31,2024-11-24,3,25877,197.0,119.0,At Risk,West Bengal,Kolkata,T30,46-55,Male,59.6,Verified
INV003609,2024-01-03,2025-03-29,4,51818,226.0,150.33,At Risk,Karnataka,Mysore,B30,26-35,Male,9.2,Verified
INV003610,2024-02-27,2024-02-27,1,2265,0.0,0.0,Continuous,Delhi,Gurugram,T30,26-35,Male,16.9,Pending
INV003611,2024-04-01,2025-05-19,7,97349,228.0,68.83,At Risk,Uttar Pradesh,Kanpur,B30,18-25,Male,4.8,Verified
INV003612,2024-04-21,2024-12-06,4,19144,116.0,76.33,At Risk,Gujarat,Surat,T30,56+,Male,71.8,Verified
INV003613,2024-01-28,2025-05-14,8,85140,283.0,67.43,At Risk,Punjab,Amritsar,B30,26-35,Male,13.5,Verified
INV003614,2024-02-10,2025-05-21,5,70463,167.0,116.5,At Risk,Maharashtra,Mumbai,T30,26-35,Male,13.3,Verified
INV003615,2024-06-16,2024-09-16,2,17427,92.0,92.0,At Risk,Rajasthan,Jaipur,T30,36-45,Male,32.6,Verified
INV003616,2024-03-19,2025-01-20,5,28176,152.0,76.75,At Risk,Rajasthan,Jaipur,T30,36-45,Female,14.0,Verified
INV003617,2024-09-19,2025-03-19,4,16347,68.0,60.33,At Risk,Maharashtra,Pune,T30,36-45,Male,39.0,Verified
INV003618,2024-10-12,2024-10-12,1,16372,0.0,0.0,Continuous,Delhi,Gurugram,T30,46-55,Female,72.4,Verified
INV003619,2024-05-14,2025-05-09,6,31477,113.0,72.0,At Risk,West Bengal,Kolkata,T30,18-25,Female,3.3,Verified
INV003620,2024-01-14,2025-04-21,5,32847,261.0,115.75,At Risk,Uttar Pradesh,Kanpur,B30,36-45,Female,15.7,Pending
INV003621,2025-03-31,2025-03-31,1,1054,0.0,0.0,Continuous,West Bengal,Kolkata,T30,26-35,Male,18.2,Verified
INV003622,2024-03-25,2024-03-25,1,22445,0.0,0.0,Continuous,Telangana,Hyderabad,T30,26-35,Female,11.3,Verified
INV003624,2024-09-27,2025-02-26,2,6621,152.0,152.0,At Risk,Telangana,Hyderabad,T30,46-55,Female,87.5,Verified
INV003625,2024-05-19,2025-03-27,6,87326,168.0,62.4,At Risk,Telangana,Hyderabad,T30,26-35,Female,22.0,Verified
INV003626,2024-05-11,2025-03-27,5,7825,167.0,80.0,At Risk,Madhya Pradesh,Indore,T30,26-35,Male,23.5,Verified
INV003627,2024-05-25,2025-05-15,7,16009,152.0,59.17,At Risk,Telangana,Hyderabad,T30,36-45,Male,39.9,Verified
INV003628,2024-12-14,2025-01-26,2,4945,43.0,43.0,At Risk,Uttar Pradesh,Kanpur,B30,18-25,Male,5.4,Verified
INV003629,2025-02-07,2025-02-07,1,4678,0.0,0.0,Continuous,Punjab,Amritsar,B30,36-45,Male,39.8,Verified
INV003630,2024-04-14,2025-02-20,7,32857,96.0,52.0,At Risk,Karnataka,Bangalore,T30,18-25,Female,4.9,Verified
INV003631,2025-01-12,2025-01-12,1,8492,0.0,0.0,Continuous,Rajasthan,Jaipur,T30,36-45,Male,26.3,Verified
INV003632,2024-09-03,2024-12-25,2,8455,113.0,113.0,At Risk,Punjab,Chandigarh,T30,36-45,Female,43.2,Verified
INV003633,2024-03-26,2025-04-24,6,123491,119.0,78.8,At Risk,Madhya Pradesh,Bhopal,B30,26-35,Male,11.8,Verified
INV003634,2024-02-15,2024-10-11,6,65193,83.0,47.8,At Risk,Punjab,Chandigarh,T30,46-55,Female,87.5,Verified
INV003635,2024-01-28,2025-03-27,10,111446,95.0,47.11,At Risk,West Bengal,Kolkata,T30,56+,Female,55.1,Verified
INV003636,2024-01-06,2025-04-25,3,57325,262.0,237.5,At Risk,West Bengal,Kolkata,T30,46-55,Female,94.0,Verified
INV003637,2024-05-11,2025-05-18,5,58956,280.0,93.0,At Risk,Telangana,Hyderabad,T30,36-45,Male,18.6,Verified
INV003638,2024-04-09,2024-12-26,5,90671,143.0,65.25,At Risk,West Bengal,Kolkata,T30,56+,Male,27.1,Verified
INV003639,2024-05-26,2025-04-26,5,69468,232.0,83.75,At Risk,Telangana,Hyderabad,T30,36-45,Female,22.9,Verified
INV003640,2024-02-29,2024-09-01,3,34332,180.0,92.5,At Risk,Gujarat,Ahmedabad,T30,26-35,Male,14.0,Verified
INV003641,2024-01-05,2025-04-18,8,91123,219.0,67.0,At Risk,Telangana,Hyderabad,T30,26-35,Female,13.1,Verified
INV003642,2024-01-24,2024-12-08,7,114117,217.0,53.17,At Risk,Haryana,Faridabad,B30,18-25,Male,3.1,Verified
INV003643,2024-03-07,2025-05-24,5,68621,228.0,110.75,At Risk,Telangana,Hyderabad,T30,36-45,Male,48.4,Verified
INV003644,2024-06-24,2024-12-13,3,33281,136.0,86.0,At Risk,Gujarat,Ahmedabad,T30,26-35,Female,8.2,Verified
INV003645,2024-01-29,2025-05-19,6,18205,257.0,95.2,At Risk,Punjab,Amritsar,B30,26-35,Male,13.4,Verified
INV003646,2025-02-07,2025-02-07,1,2763,0.0,0.0,Continuous,Telangana,Hyderabad,T30,36-45,Male,55.2,Verified
INV003647,2024-03-12,2024-06-18,4,31071,75.0,32.67,At Risk,Haryana,Faridabad,B30,56+,Male,57.2,Verified
INV003648,2024-03-27,2025-01-27,3,64135,279.0,153.0,At Risk,Haryana,Faridabad,B30,46-55,Male,74.1,Verified
INV003649,2024-01-22,2025-05-20,6,86339,195.0,96.8,At Risk,Haryana,Gurugram,T30,46-55,Female,79.9,Verified
INV003650,2024-02-24,2025-01-28,11,43669,86.0,33.9,At Risk,Telangana,Hyderabad,T30,46-55,Male,87.3,Verified
INV003651,2024-04-17,2024-11-04,4,37647,81.0,67.0,At Risk,Gujarat,Surat,T30,26-35,Male,14.6,Verified
INV003652,2024-01-13,2024-04-22,3,19539,96.0,50.0,At Risk,Punjab,Chandigarh,T30,26-35,Female,16.9,Verified
INV003653,2024-04-19,2024-09-25,2,6679,159.0,159.0,At Risk,Punjab,Amritsar,B30,18-25,Female,3.8,Verified
INV003654,2024-05-29,2025-05-27,7,112702,124.0,60.5,At Risk,Delhi,New Delhi,T30,18-25,Male,6.6,Verified
INV003655,2024-02-13,2025-05-06,10,180197,198.0,49.78,At Risk,Madhya Pradesh,Bhopal,B30,36-45,Female,24.9,Verified
INV003656,2024-02-27,2024-11-19,4,21936,208.0,88.67,At Risk,Rajasthan,Udaipur,B30,36-45,Female,58.5,Verified
INV003657,2025-03-20,2025-03-20,1,596,0.0,0.0,Continuous,Delhi,Noida,T30,36-45,Female,55.4,Verified
INV003658,2024-01-02,2025-05-11,8,44354,143.0,70.71,At Risk,West Bengal,Kolkata,T30,26-35,Male,6.3,Verified
INV003659,2024-12-05,2025-02-12,2,13075,69.0,69.0,At Risk,Madhya Pradesh,Bhopal,B30,56+,Male,27.4,Verified
INV003660,2024-02-16,2025-03-17,6,67446,164.0,79.0,At Risk,Delhi,Noida,T30,26-35,Male,6.8,Verified
INV003661,2024-04-12,2025-05-06,4,30295,147.0,129.67,At Risk,Delhi,Noida,T30,18-25,Female,6.4,Verified
INV003662,2024-01-19,2024-01-19,1,4303,0.0,0.0,Continuous,Rajasthan,Jaipur,T30,18-25,Male,5.7,Verified
INV003663,2024-07-13,2024-09-20,2,99585,69.0,69.0,At Risk,Delhi,Gurugram,T30,26-35,Female,19.0,Verified
INV003664,2024-01-01,2025-05-27,4,22520,401.0,170.67,At Risk,Rajasthan,Udaipur,B30,46-55,Male,29.4,Verified
INV003665,2024-02-19,2025-04-11,4,30616,280.0,139.0,At Risk,Maharashtra,Nashik,B30,26-35,Female,11.8,Verified
INV003666,2024-01-27,2025-01-02,5,76983,117.0,85.25,At Risk,Gujarat,Surat,T30,18-25,Male,4.3,Verified
INV003667,2024-05-02,2024-05-02,1,14994,0.0,0.0,Continuous,Telangana,Hyderabad,T30,36-45,Female,42.0,Verified
INV003668,2024-09-20,2025-04-10,2,14924,202.0,202.0,At Risk,West Bengal,Kolkata,T30,36-45,Female,44.1,Verified
INV003669,2024-05-25,2025-04-11,7,90038,98.0,53.5,At Risk,West Bengal,Kolkata,T30,18-25,Female,7.8,Verified
INV003670,2024-01-01,2025-05-11,8,83061,160.0,70.86,At Risk,Punjab,Chandigarh,T30,36-45,Male,38.4,Verified
INV003671,2024-01-30,2024-11-21,3,16793,295.0,148.0,At Risk,Haryana,Gurugram,T30,36-45,Female,22.9,Verified
INV003672,2024-02-24,2025-03-16,6,129739,180.0,77.2,At Risk,Uttar Pradesh,Agra,B30,36-45,Male,32.5,Verified
INV003673,2024-01-16,2025-05-12,8,63876,160.0,68.86,At Risk,Maharashtra,Mumbai,T30,26-35,Male,23.5,Verified
INV003674,2024-05-12,2025-01-02,4,13250,151.0,78.33,At Risk,Uttar Pradesh,Kanpur,B30,36-45,Male,32.8,Verified
INV003675,2024-01-21,2024-08-05,4,68496,150.0,65.67,At Risk,West Bengal,Kolkata,T30,56+,Male,63.9,Verified
INV003676,2024-07-08,2024-08-21,2,3221,44.0,44.0,At Risk,Maharashtra,Pune,T30,26-35,Male,11.8,Verified
INV003677,2024-03-19,2025-03-10,4,21738,268.0,118.67,At Risk,Gujarat,Ahmedabad,T30,36-45,Female,23.8,Verified
INV003678,2024-11-15,2025-04-28,6,49783,45.0,32.8,At Risk,Gujarat,Ahmedabad,T30,26-35,Male,6.6,Verified
INV003680,2024-05-27,2025-04-03,3,61942,176.0,155.5,At Risk,Karnataka,Mysore,B30,26-35,Male,21.3,Verified
INV003681,2024-03-10,2025-04-22,9,26004,101.0,51.0,At Risk,Telangana,Hyderabad,T30,26-35,Female,17.4,Verified
INV003682,2025-02-07,2025-05-05,2,3463,87.0,87.0,At Risk,Madhya Pradesh,Indore,T30,36-45,Male,45.6,Verified
INV003683,2024-01-11,2025-04-17,6,85416,165.0,92.4,At Risk,Telangana,Hyderabad,T30,26-35,Female,21.0,Verified
INV003684,2024-01-25,2025-05-30,6,50536,229.0,98.2,At Risk,Karnataka,Bangalore,T30,36-45,Male,42.9,Verified
INV003685,2024-04-19,2025-05-25,6,142912,132.0,80.2,At Risk,Gujarat,Ahmedabad,T30,26-35,Male,10.4,Verified
INV003686,2024-01-26,2025-05-23,6,70889,328.0,96.6,At Risk,Gujarat,Surat,T30,18-25,Male,3.8,Verified
INV003687,2024-02-16,2024-02-16,1,2362,0.0,0.0,Continuous,Tamil Nadu,Chennai,T30,36-45,Male,21.8,Verified
INV003688,2024-10-16,2024-10-16,1,2291,0.0,0.0,Continuous,Telangana,Hyderabad,T30,56+,Male,12.1,Pending
INV003689,2024-04-13,2024-04-13,1,53655,0.0,0.0,Continuous,Haryana,Gurugram,T30,46-55,Male,79.9,Verified
INV003690,2024-08-15,2025-02-24,2,30529,193.0,193.0,At Risk,Delhi,Gurugram,T30,36-45,Female,53.2,Verified
INV003691,2024-01-06,2024-11-08,2,47608,307.0,307.0,At Risk,Haryana,Faridabad,B30,18-25,Male,3.1,Verified
INV003692,2024-03-30,2024-05-24,3,7154,28.0,27.5,Continuous,Uttar Pradesh,Lucknow,T30,26-35,Male,23.1,Verified
INV003693,2024-01-17,2025-03-20,7,102514,234.0,71.33,At Risk,Madhya Pradesh,Bhopal,B30,36-45,Male,25.2,Verified
INV003694,2024-02-23,2025-01-07,4,16355,187.0,106.33,At Risk,Madhya Pradesh,Bhopal,B30,26-35,Female,24.1,Verified
INV003695,2024-07-13,2025-05-19,7,31236,157.0,51.67,At Risk,Karnataka,Bangalore,T30,36-45,Male,31.0,Pending
INV003696,2024-04-14,2025-04-28,6,110522,190.0,75.8,At Risk,Tamil Nadu,Coimbatore,B30,18-25,Female,4.0,Verified
INV003697,2024-02-13,2025-05-18,7,97774,163.0,76.67,At Risk,Maharashtra,Mumbai,T30,18-25,Male,6.3,Verified
INV003698,2024-01-13,2025-02-27,4,13545,265.0,137.0,At Risk,Madhya Pradesh,Bhopal,B30,36-45,Female,41.5,Verified
INV003699,2024-10-08,2025-03-22,3,74953,127.0,82.5,At Risk,Uttar Pradesh,Agra,B30,26-35,Male,19.7,Verified
INV003700,2024-03-26,2024-10-12,3,8785,191.0,100.0,At Risk,Maharashtra,Nashik,B30,46-55,Male,42.6,Verified
INV003701,2024-09-14,2024-09-14,1,2851,0.0,0.0,Continuous,Karnataka,Mysore,B30,18-25,Male,6.7,Verified
INV003702,2024-01-13,2025-03-24,7,99074,118.0,72.67,At Risk,Madhya Pradesh,Bhopal,B30,36-45,Male,53.2,Verified
INV003703,2024-07-13,2025-01-29,3,3972,135.0,100.0,At Risk,Karnataka,Bangalore,T30,36-45,Female,20.8,Verified
INV003704,2025-01-28,2025-01-28,1,2788,0.0,0.0,Continuous,West Bengal,Kolkata,T30,18-25,Male,4.6,Verified
INV003705,2024-01-04,2025-02-01,6,114828,152.0,78.8,At Risk,Telangana,Hyderabad,T30,26-35,Male,8.0,Pending
INV003706,2025-01-08,2025-01-08,1,9617,0.0,0.0,Continuous,Punjab,Amritsar,B30,36-45,Female,27.2,Verified
INV003707,2024-01-04,2024-12-12,6,152934,152.0,68.6,At Risk,Telangana,Hyderabad,T30,36-45,Female,55.5,Verified
INV003708,2024-04-27,2025-04-25,7,27823,104.0,60.5,At Risk,Punjab,Amritsar,B30,46-55,Male,38.6,Verified
INV003709,2024-04-22,2025-05-28,6,52354,181.0,80.2,At Risk,Uttar Pradesh,Agra,B30,46-55,Female,21.0,Verified
INV003710,2024-01-31,2025-02-27,6,86512,118.0,78.6,At Risk,Rajasthan,Udaipur,B30,26-35,Male,19.6,Verified
INV003711,2024-01-28,2025-01-23,6,87930,145.0,72.2,At Risk,Telangana,Hyderabad,T30,36-45,Female,13.1,Verified
INV003712,2024-04-07,2025-05-10,6,64551,163.0,79.6,At Risk,Maharashtra,Pune,T30,46-55,Male,82.6,Verified
INV003713,2024-01-08,2025-05-11,7,123416,161.0,81.5,At Risk,West Bengal,Kolkata,T30,36-45,Female,29.9,Verified
INV003714,2024-07-13,2024-07-13,1,48154,0.0,0.0,Continuous,Punjab,Chandigarh,T30,46-55,Female,52.9,Pending
INV003716,2024-01-28,2025-01-11,5,53378,225.0,87.25,At Risk,Uttar Pradesh,Kanpur,B30,36-45,Male,37.7,Verified
INV003717,2024-04-03,2025-04-30,3,61578,291.0,196.0,At Risk,Tamil Nadu,Coimbatore,B30,26-35,Female,20.8,Verified
INV003718,2024-02-20,2025-05-22,6,81262,284.0,91.4,At Risk,Telangana,Hyderabad,T30,46-55,Male,65.3,Verified
INV003719,2024-05-30,2024-10-19,3,17180,108.0,71.0,At Risk,Uttar Pradesh,Kanpur,B30,26-35,Female,8.3,Verified
INV003720,2024-03-09,2025-03-17,6,23110,116.0,74.6,At Risk,Madhya Pradesh,Bhopal,B30,36-45,Female,49.4,Verified
INV003721,2024-02-21,2025-02-15,2,5075,360.0,360.0,At Risk,Karnataka,Mysore,B30,26-35,Male,19.5,Verified
INV003722,2024-05-21,2025-03-21,7,192710,135.0,50.67,At Risk,Maharashtra,Nashik,B30,36-45,Female,50.8,Verified
INV003723,2024-02-23,2024-12-28,6,39630,124.0,61.8,At Risk,Tamil Nadu,Chennai,T30,26-35,Female,10.9,Verified
INV003724,2024-01-30,2025-03-13,7,80168,169.0,68.0,At Risk,Punjab,Amritsar,B30,56+,Male,52.5,Verified
INV003725,2024-02-18,2025-04-21,3,52104,339.0,214.0,At Risk,Gujarat,Ahmedabad,T30,26-35,Female,8.4,Verified
INV003726,2024-04-08,2025-01-14,4,32711,144.0,93.67,At Risk,Tamil Nadu,Coimbatore,B30,26-35,Male,24.1,Verified
INV003727,2024-03-17,2025-04-07,2,15847,386.0,386.0,At Risk,Gujarat,Surat,T30,18-25,Female,7.2,Pending
INV003728,2024-08-07,2024-08-11,2,67282,4.0,4.0,Continuous,West Bengal,Kolkata,T30,26-35,Male,16.2,Verified
INV003729,2025-03-24,2025-03-24,1,40906,0.0,0.0,Continuous,Gujarat,Surat,T30,26-35,Male,21.3,Verified
INV003730,2024-06-07,2025-01-16,2,29165,223.0,223.0,At Risk,Madhya Pradesh,Bhopal,B30,26-35,Male,23.1,Verified
INV003731,2024-02-11,2025-04-09,4,69476,268.0,141.0,At Risk,Tamil Nadu,Coimbatore,B30,26-35,Female,9.9,Verified
INV003732,2024-01-15,2025-02-23,5,115692,211.0,101.25,At Risk,West Bengal,Kolkata,T30,36-45,Male,56.1,Verified
INV003733,2024-01-12,2025-03-31,6,14893,174.0,88.8,At Risk,Telangana,Hyderabad,T30,26-35,Male,12.6,Verified
INV003734,2024-02-19,2025-04-07,8,69855,290.0,59.0,At Risk,Tamil Nadu,Coimbatore,B30,56+,Male,70.3,Verified
INV003735,2024-03-29,2025-02-13,8,88089,104.0,45.86,At Risk,Gujarat,Ahmedabad,T30,36-45,Female,13.9,Verified
INV003736,2024-01-11,2025-04-18,7,58959,120.0,77.17,At Risk,Karnataka,Mysore,B30,18-25,Male,4.9,Verified
INV003737,2024-01-27,2025-03-17,5,63460,249.0,103.75,At Risk,Punjab,Chandigarh,T30,18-25,Male,4.4,Verified
INV003738,2024-08-25,2025-05-05,6,21307,117.0,50.6,At Risk,Delhi,Noida,T30,26-35,Male,19.0,Verified
INV003739,2024-06-05,2024-10-16,4,68035,51.0,44.33,At Risk,Gujarat,Surat,T30,46-55,Female,81.0,Verified
INV003740,2024-04-05,2025-02-10,7,122048,172.0,51.83,At Risk,Karnataka,Bangalore,T30,56+,Female,16.2,Verified
INV003741,2024-01-18,2025-02-27,7,55275,159.0,67.67,At Risk,Madhya Pradesh,Bhopal,B30,36-45,Male,30.3,Verified
INV003742,2024-01-11,2024-06-09,2,26453,150.0,150.0,At Risk,Tamil Nadu,Chennai,T30,56+,Female,53.9,Verified
INV003743,2024-04-07,2024-11-22,4,15138,121.0,76.33,At Risk,West Bengal,Kolkata,T30,46-55,Male,79.9,Verified
INV003744,2024-03-13,2025-05-21,6,23676,187.0,86.8,At Risk,Karnataka,Mysore,B30,18-25,Female,4.1,Verified
INV003745,2024-04-07,2025-03-24,6,26414,183.0,70.2,At Risk,West Bengal,Kolkata,T30,36-45,Male,17.8,Verified
INV003747,2024-05-07,2025-05-22,5,79033,189.0,95.0,At Risk,Madhya Pradesh,Indore,T30,26-35,Female,21.7,Verified
INV003748,2024-02-05,2025-03-04,8,41447,182.0,56.14,At Risk,Madhya Pradesh,Indore,T30,46-55,Male,66.4,Verified
INV003749,2024-06-22,2024-10-21,3,34983,118.0,60.5,At Risk,Delhi,New Delhi,T30,36-45,Female,25.6,Verified
INV003750,2024-02-12,2025-05-11,5,27502,370.0,113.5,At Risk,Uttar Pradesh,Kanpur,B30,26-35,Female,23.6,Verified
INV003751,2024-02-21,2025-03-28,5,52920,232.0,100.25,At Risk,Delhi,New Delhi,T30,26-35,Male,14.1,Verified
INV003752,2024-06-17,2024-11-09,2,3162,145.0,145.0,At Risk,Uttar Pradesh,Lucknow,T30,46-55,Male,24.4,Verified
INV003753,2024-11-18,2025-04-01,2,17810,134.0,134.0,At Risk,Punjab,Chandigarh,T30,36-45,Male,57.4,Verified
INV003755,2024-01-22,2024-11-05,4,66729,154.0,96.0,At Risk,Punjab,Chandigarh,T30,46-55,Male,42.7,Verified
INV003756,2024-02-13,2025-04-03,4,34961,210.0,138.33,At Risk,Telangana,Hyderabad,T30,26-35,Male,6.9,Verified
INV003757,2024-01-17,2025-05-22,7,54152,156.0,81.83,At Risk,Uttar Pradesh,Agra,B30,18-25,Male,3.7,Verified
INV003758,2024-05-15,2025-03-01,4,86689,112.0,96.67,At Risk,Maharashtra,Pune,T30,26-35,Female,11.2,Verified
INV003759,2024-03-21,2024-03-21,1,3422,0.0,0.0,Continuous,Haryana,Gurugram,T30,26-35,Male,6.1,Pending
INV003760,2024-10-21,2025-05-09,2,7216,200.0,200.0,At Risk,Uttar Pradesh,Lucknow,T30,26-35,Male,15.4,Verified
INV003761,2024-04-02,2025-03-31,8,29681,150.0,51.86,At Risk,Karnataka,Mysore,B30,46-55,Male,61.2,Verified
INV003762,2024-05-03,2025-01-08,4,51557,191.0,83.33,At Risk,Telangana,Hyderabad,T30,36-45,Male,39.4,Verified
INV003763,2024-05-31,2024-11-15,2,15025,168.0,168.0,At Risk,Haryana,Faridabad,B30,26-35,Female,19.1,Verified
INV003764,2024-08-24,2024-08-24,1,57123,0.0,0.0,Continuous,Tamil Nadu,Coimbatore,B30,46-55,Female,16.0,Verified
INV003765,2024-02-05,2025-05-21,5,51693,192.0,117.75,At Risk,Uttar Pradesh,Kanpur,B30,26-35,Male,11.1,Verified
INV003766,2024-02-21,2025-05-23,8,94475,192.0,65.29,At Risk,West Bengal,Kolkata,T30,36-45,Male,52.3,Verified
INV003767,2024-01-19,2025-02-02,9,129327,125.0,47.5,At Risk,Madhya Pradesh,Bhopal,B30,36-45,Female,13.6,Verified
INV003768,2024-06-28,2025-05-17,2,11363,323.0,323.0,At Risk,Telangana,Hyderabad,T30,18-25,Male,4.9,Verified
INV003769,2025-04-03,2025-05-01,4,27645,17.0,9.33,Continuous,Gujarat,Ahmedabad,T30,46-55,Female,74.8,Verified
INV003770,2025-05-19,2025-05-19,1,41306,0.0,0.0,Continuous,Gujarat,Surat,T30,46-55,Male,77.8,Verified
INV003771,2024-01-12,2025-04-13,10,111757,130.0,50.78,At Risk,Telangana,Hyderabad,T30,46-55,Male,47.6,Verified
INV003772,2024-03-19,2024-12-20,9,28922,72.0,34.5,At Risk,Punjab,Amritsar,B30,18-25,Female,6.8,Pending
INV003773,2024-05-12,2024-12-10,3,33338,122.0,106.0,At Risk,West Bengal,Kolkata,T30,46-55,Female,53.9,Verified
INV003774,2024-06-13,2024-06-13,1,8153,0.0,0.0,Continuous,Madhya Pradesh,Indore,T30,26-35,Male,17.5,Verified
INV003775,2024-04-28,2025-05-03,6,112218,151.0,74.0,At Risk,Maharashtra,Mumbai,T30,56+,Male,12.8,Verified
INV003776,2024-01-20,2024-01-20,1,17316,0.0,0.0,Continuous,Punjab,Amritsar,B30,26-35,Male,22.7,Verified
INV003777,2024-05-29,2024-05-29,1,12031,0.0,0.0,Continuous,Telangana,Hyderabad,T30,46-55,Male,94.5,Verified
INV003778,2024-05-14,2025-05-10,5,23001,156.0,90.25,At Risk,Tamil Nadu,Chennai,T30,36-45,Male,59.4,Verified
INV003779,2024-03-30,2025-04-16,6,17001,160.0,76.4,At Risk,Delhi,New Delhi,T30,26-35,Male,21.9,Verified
INV003780,2024-02-01,2025-03-09,8,76001,135.0,57.43,At Risk,Haryana,Faridabad,B30,26-35,Male,10.1,Verified
INV003781,2024-02-07,2025-03-02,7,47391,199.0,64.83,At Risk,Tamil Nadu,Coimbatore,B30,26-35,Male,15.8,Verified
INV003782,2024-04-15,2025-04-02,5,36189,192.0,88.0,At Risk,Tamil Nadu,Chennai,T30,36-45,Male,44.5,Verified
INV003783,2024-06-04,2025-01-05,5,66227,73.0,53.75,At Risk,Madhya Pradesh,Indore,T30,18-25,Male,3.5,Verified
INV003784,2024-02-23,2024-02-23,1,2061,0.0,0.0,Continuous,Telangana,Hyderabad,T30,56+,Female,8.2,Verified
INV003785,2024-04-11,2025-04-17,6,113979,160.0,74.2,At Risk,Karnataka,Bangalore,T30,36-45,Male,28.2,Verified
INV003786,2024-06-16,2024-08-01,2,17076,46.0,46.0,At Risk,Rajasthan,Jaipur,T30,36-45,Male,55.0,Verified
INV003787,2024-01-09,2025-05-29,9,87076,178.0,63.25,At Risk,Karnataka,Mysore,B30,46-55,Male,29.3,Verified
INV003788,2024-09-04,2025-05-09,3,11568,145.0,123.5,At Risk,Tamil Nadu,Chennai,T30,18-25,Male,3.1,Verified
INV003789,2024-03-23,2025-03-07,3,7774,328.0,174.5,At Risk,Rajasthan,Udaipur,B30,36-45,Male,29.9,Verified
INV003791,2024-10-01,2025-05-07,5,33971,140.0,54.5,At Risk,Tamil Nadu,Coimbatore,B30,46-55,Male,77.4,Verified
INV003792,2024-06-25,2025-01-12,4,36173,98.0,67.0,At Risk,Maharashtra,Pune,T30,46-55,Male,17.9,Verified
INV003793,2024-02-03,2025-04-12,7,134386,203.0,72.33,At Risk,Delhi,New Delhi,T30,46-55,Male,94.3,Verified
INV003794,2024-05-21,2025-01-12,2,5759,236.0,236.0,At Risk,Gujarat,Ahmedabad,T30,26-35,Male,22.1,Verified
INV003795,2024-01-05,2025-02-14,7,58273,122.0,67.67,At Risk,West Bengal,Kolkata,T30,18-25,Male,7.6,Verified
INV003796,2024-10-29,2024-10-29,1,17525,0.0,0.0,Continuous,Delhi,Noida,T30,26-35,Male,19.1,Verified
INV003797,2024-05-18,2024-08-31,3,80801,74.0,52.5,At Risk,Madhya Pradesh,Indore,T30,26-35,Male,6.6,Verified
INV003798,2024-01-18,2024-07-07,5,80410,105.0,42.75,At Risk,Karnataka,Bangalore,T30,36-45,Male,53.9,Verified
INV003799,2024-06-04,2025-04-17,5,53692,133.0,79.25,At Risk,Punjab,Amritsar,B30,18-25,Male,5.6,Verified
INV003800,2024-04-26,2025-05-13,3,44229,330.0,191.0,At Risk,Madhya Pradesh,Bhopal,B30,26-35,Male,18.8,Verified
INV003801,2024-01-10,2025-01-02,4,16537,208.0,119.33,At Risk,Punjab,Chandigarh,T30,26-35,Male,17.8,Pending
INV003802,2024-11-25,2024-11-25,1,13397,0.0,0.0,Continuous,Punjab,Amritsar,B30,18-25,Female,5.5,Verified
INV003803,2024-06-28,2024-08-15,2,5538,48.0,48.0,At Risk,Rajasthan,Jaipur,T30,26-35,Male,10.8,Verified
INV003804,2024-11-28,2025-03-05,2,23624,97.0,97.0,At Risk,Karnataka,Bangalore,T30,46-55,Male,81.9,Verified
INV003805,2024-10-03,2025-04-06,2,13607,185.0,185.0,At Risk,Madhya Pradesh,Indore,T30,26-35,Female,17.0,Verified
INV003806,2024-02-29,2025-04-19,5,27101,337.0,103.75,At Risk,Karnataka,Bangalore,T30,26-35,Male,14.7,Verified
INV003807,2024-09-13,2024-09-13,1,2854,0.0,0.0,Continuous,Rajasthan,Udaipur,B30,46-55,Male,76.4,Verified
INV003808,2024-06-06,2024-08-12,3,7852,45.0,33.5,At Risk,Madhya Pradesh,Bhopal,B30,46-55,Female,62.5,Verified
INV003809,2024-03-29,2024-06-21,2,18382,84.0,84.0,At Risk,Tamil Nadu,Coimbatore,B30,36-45,Male,45.3,Verified
INV003810,2024-07-15,2025-03-25,2,33383,253.0,253.0,At Risk,Maharashtra,Nashik,B30,26-35,Male,24.7,Verified
INV003811,2024-01-14,2025-04-30,7,133025,141.0,78.67,At Risk,Gujarat,Surat,T30,46-55,Female,83.6,Verified
INV003812,2024-07-02,2025-05-03,7,52802,174.0,50.83,At Risk,Haryana,Faridabad,B30,18-25,Female,3.6,Pending
INV003813,2024-01-30,2025-03-16,6,64566,122.0,82.2,At Risk,Rajasthan,Udaipur,B30,36-45,Male,23.6,Pending
INV003814,2024-04-05,2024-09-16,2,9475,164.0,164.0,At Risk,Rajasthan,Udaipur,B30,36-45,Female,12.5,Verified
INV003815,2024-02-07,2025-04-17,7,67344,217.0,72.5,At Risk,Gujarat,Surat,T30,36-45,Male,38.7,Verified
INV003816,2025-05-13,2025-05-26,2,8812,13.0,13.0,Continuous,West Bengal,Kolkata,T30,26-35,Female,17.0,Verified
INV003817,2024-10-10,2025-02-06,2,15434,119.0,119.0,At Risk,Gujarat,Surat,T30,26-35,Male,9.0,Verified
INV003818,2024-09-15,2025-05-21,2,5179,248.0,248.0,At Risk,Gujarat,Surat,T30,36-45,Male,25.3,Verified
INV003819,2024-02-11,2024-09-05,4,48042,118.0,69.0,At Risk,Haryana,Gurugram,T30,26-35,Male,19.0,Verified
INV003820,2024-01-21,2025-03-18,3,30565,379.0,211.0,At Risk,Tamil Nadu,Chennai,T30,56+,Male,61.2,Verified
INV003821,2024-01-02,2024-09-21,4,67779,151.0,87.67,At Risk,Delhi,Noida,T30,18-25,Female,6.4,Pending
INV003822,2024-08-13,2025-04-01,4,41511,128.0,77.0,At Risk,Rajasthan,Jaipur,T30,26-35,Male,12.9,Verified
INV003823,2024-01-29,2024-11-11,5,37093,154.0,71.75,At Risk,Madhya Pradesh,Indore,T30,26-35,Male,10.5,Verified
INV003824,2024-03-14,2025-05-17,7,89175,196.0,71.5,At Risk,Telangana,Hyderabad,T30,26-35,Male,9.4,Verified
INV003825,2024-03-22,2025-05-02,6,81324,99.0,81.2,At Risk,Telangana,Hyderabad,T30,56+,Male,69.6,Verified
INV003826,2024-05-01,2024-05-01,1,441,0.0,0.0,Continuous,West Bengal,Kolkata,T30,18-25,Male,7.7,Verified
INV003827,2024-08-04,2024-08-04,1,10093,0.0,0.0,Continuous,Tamil Nadu,Chennai,T30,26-35,Male,12.1,Verified
INV003828,2024-02-25,2024-08-27,7,130613,109.0,30.67,At Risk,Karnataka,Bangalore,T30,18-25,Male,7.6,Verified
INV003829,2024-02-12,2025-04-24,10,46819,159.0,48.56,At Risk,Punjab,Amritsar,B30,36-45,Male,55.6,Verified
INV003830,2024-01-24,2025-01-15,6,138223,115.0,71.4,At Risk,Punjab,Amritsar,B30,26-35,Male,17.6,Verified
INV003831,2024-09-28,2024-09-28,1,3340,0.0,0.0,Continuous,Rajasthan,Jaipur,T30,56+,Male,21.2,Verified
INV003832,2024-03-06,2025-01-31,4,83979,187.0,110.33,At Risk,Karnataka,Mysore,B30,46-55,Male,34.4,Verified
INV003833,2024-06-05,2024-12-03,4,67494,121.0,60.33,At Risk,Delhi,New Delhi,T30,26-35,Male,11.7,Verified
INV003834,2024-05-09,2025-01-28,4,20146,123.0,88.0,At Risk,Madhya Pradesh,Bhopal,B30,36-45,Male,25.1,Verified
INV003835,2024-01-26,2024-09-03,4,53863,147.0,73.67,At Risk,Delhi,Noida,T30,36-45,Female,58.3,Verified
INV003836,2024-01-26,2024-12-18,5,17961,123.0,81.75,At Risk,Karnataka,Bangalore,T30,36-45,Male,12.4,Verified
INV003837,2024-02-18,2024-02-18,1,6510,0.0,0.0,Continuous,Punjab,Amritsar,B30,26-35,Female,15.2,Verified
INV003839,2024-08-13,2024-12-30,2,9224,139.0,139.0,At Risk,Gujarat,Surat,T30,26-35,Female,11.5,Pending
INV003840,2024-01-27,2024-06-04,3,60360,66.0,64.5,At Risk,Rajasthan,Jaipur,T30,36-45,Male,54.6,Verified
INV003842,2024-11-05,2024-11-05,1,3352,0.0,0.0,Continuous,Maharashtra,Pune,T30,36-45,Male,34.3,Verified
INV003844,2024-03-06,2025-04-21,7,80033,197.0,68.5,At Risk,Maharashtra,Nashik,B30,26-35,Female,15.9,Pending
INV003845,2024-04-28,2024-10-11,3,24501,132.0,83.0,At Risk,Gujarat,Surat,T30,26-35,Female,10.1,Verified
INV003846,2024-03-22,2025-05-09,5,21600,329.0,103.25,At Risk,Uttar Pradesh,Agra,B30,46-55,Female,44.2,Verified
INV003847,2024-05-31,2025-05-16,8,74501,66.0,50.0,At Risk,Telangana,Hyderabad,T30,26-35,Male,19.7,Verified
INV003848,2024-02-21,2024-12-06,4,19789,183.0,96.33,At Risk,Telangana,Hyderabad,T30,26-35,Male,24.0,Verified
INV003849,2024-03-18,2025-04-08,6,155813,146.0,77.2,At Risk,Karnataka,Mysore,B30,26-35,Male,7.6,Verified
INV003850,2025-05-30,2025-05-30,1,43811,0.0,0.0,Continuous,Tamil Nadu,Chennai,T30,56+,Female,73.1,Verified
INV003851,2024-06-02,2025-05-15,7,110621,121.0,57.83,At Risk,Karnataka,Bangalore,T30,46-55,Male,60.6,Verified
INV003852,2024-07-30,2025-04-29,2,8333,273.0,273.0,At Risk,Maharashtra,Mumbai,T30,56+,Male,12.2,Verified
INV003853,2024-02-12,2025-05-15,5,56184,391.0,114.5,At Risk,Tamil Nadu,Coimbatore,B30,26-35,Male,16.1,Verified
INV003854,2024-07-28,2025-02-03,3,25768,185.0,95.0,At Risk,Maharashtra,Pune,T30,26-35,Male,16.5,Verified
INV003855,2024-09-09,2025-01-15,3,29760,66.0,64.0,At Risk,Haryana,Faridabad,B30,56+,Male,58.1,Verified
INV003856,2024-05-23,2024-12-14,4,24204,156.0,68.33,At Risk,Madhya Pradesh,Indore,T30,36-45,Male,46.7,Verified
INV003857,2025-05-10,2025-05-10,1,1038,0.0,0.0,Continuous,Madhya Pradesh,Indore,T30,18-25,Male,3.8,Verified
INV003858,2024-06-20,2025-05-28,4,70793,209.0,114.0,At Risk,Rajasthan,Jaipur,T30,36-45,Male,21.6,Verified
INV003859,2024-04-04,2024-09-10,3,16710,100.0,79.5,At Risk,Karnataka,Bangalore,T30,36-45,Male,28.5,Pending
INV003860,2024-09-23,2025-05-11,6,134277,72.0,46.0,At Risk,Punjab,Chandigarh,T30,26-35,Male,20.4,Verified
INV003862,2024-02-25,2025-02-20,7,64749,184.0,60.17,At Risk,Madhya Pradesh,Indore,T30,26-35,Male,17.0,Verified
INV003863,2024-01-10,2025-04-25,2,6928,471.0,471.0,At Risk,Gujarat,Surat,T30,36-45,Male,13.9,Verified
INV003864,2024-03-03,2025-02-20,3,44075,197.0,177.0,At Risk,Gujarat,Ahmedabad,T30,36-45,Female,49.8,Verified
INV003865,2024-01-02,2025-05-27,7,47194,235.0,85.17,At Risk,Gujarat,Ahmedabad,T30,18-25,Female,3.3,Verified
INV003866,2024-08-13,2024-08-13,1,10203,0.0,0.0,Continuous,Rajasthan,Udaipur,B30,46-55,Female,92.0,Verified
INV003867,2024-03-07,2024-08-10,2,25420,156.0,156.0,At Risk,Punjab,Amritsar,B30,18-25,Male,4.4,Verified
INV003868,2024-02-26,2025-05-09,6,104999,264.0,87.6,At Risk,Gujarat,Surat,T30,36-45,Male,25.8,Verified
INV003869,2024-01-18,2025-03-30,4,18928,210.0,145.67,At Risk,Maharashtra,Mumbai,T30,18-25,Male,5.0,Verified
INV003871,2025-02-21,2025-02-21,1,20219,0.0,0.0,Continuous,Uttar Pradesh,Agra,B30,18-25,Male,7.6,Verified
INV003872,2024-05-15,2025-05-13,9,147109,85.0,45.38,At Risk,Uttar Pradesh,Kanpur,B30,26-35,Male,20.1,Pending
INV003873,2024-03-31,2025-05-04,3,65491,215.0,199.5,At Risk,Telangana,Hyderabad,T30,36-45,Female,37.2,Verified
INV003874,2024-03-19,2024-06-27,5,37441,30.0,25.0,Continuous,Punjab,Amritsar,B30,26-35,Female,16.5,Verified
INV003875,2024-12-04,2024-12-04,1,1064,0.0,0.0,Continuous,Maharashtra,Nashik,B30,26-35,Male,10.1,Verified
INV003876,2024-03-08,2025-03-31,6,105794,160.0,77.6,At Risk,Rajasthan,Udaipur,B30,18-25,Male,5.6,Verified
INV003877,2024-08-28,2025-05-04,4,67191,207.0,83.0,At Risk,Rajasthan,Udaipur,B30,36-45,Female,25.4,Verified
INV003878,2024-02-15,2024-08-06,5,50637,108.0,43.25,At Risk,Haryana,Gurugram,T30,56+,Male,27.9,Pending
INV003879,2024-08-01,2025-04-01,2,61493,243.0,243.0,At Risk,West Bengal,Kolkata,T30,26-35,Male,13.6,Verified
INV003880,2024-02-03,2025-05-28,8,52016,193.0,68.57,At Risk,Gujarat,Surat,T30,26-35,Male,9.6,Verified
INV003881,2024-04-27,2024-04-27,1,2997,0.0,0.0,Continuous,Gujarat,Surat,T30,36-45,Female,23.0,Verified
INV003882,2024-03-05,2025-04-25,4,15209,332.0,138.67,At Risk,Maharashtra,Nashik,B30,36-45,Male,51.6,Verified
INV003883,2024-10-21,2025-05-06,5,108884,102.0,49.25,At Risk,West Bengal,Kolkata,T30,26-35,Male,6.7,Verified
INV003884,2024-08-08,2024-10-16,4,60743,33.0,23.0,Continuous,Rajasthan,Udaipur,B30,18-25,Male,6.6,Verified
INV003885,2024-06-06,2025-05-30,6,81864,281.0,71.6,At Risk,West Bengal,Kolkata,T30,36-45,Male,52.3,Verified
INV003886,2024-09-14,2024-09-14,1,1915,0.0,0.0,Continuous,Punjab,Chandigarh,T30,26-35,Male,19.7,Verified
INV003887,2024-05-28,2025-05-11,3,21492,332.0,174.0,At Risk,Rajasthan,Udaipur,B30,56+,Female,54.1,Verified
INV003888,2024-02-05,2025-05-13,5,62304,141.0,115.75,At Risk,Telangana,Hyderabad,T30,56+,Female,8.6,Verified
INV003889,2024-02-03,2024-02-03,1,5595,0.0,0.0,Continuous,Rajasthan,Udaipur,B30,46-55,Male,42.6,Verified
INV003891,2024-02-24,2024-10-02,4,32595,94.0,73.67,At Risk,Telangana,Hyderabad,T30,26-35,Male,21.8,Verified
INV003892,2024-01-02,2025-05-13,10,134271,114.0,55.22,At Risk,Punjab,Amritsar,B30,46-55,Male,24.4,Verified
INV003893,2024-05-31,2025-04-04,2,17387,308.0,308.0,At Risk,Karnataka,Bangalore,T30,46-55,Male,78.5,Verified
INV003894,2024-09-02,2025-02-11,2,2588,162.0,162.0,At Risk,Tamil Nadu,Coimbatore,B30,26-35,Male,14.9,Verified
INV003895,2024-02-03,2024-02-03,1,11482,0.0,0.0,Continuous,Maharashtra,Nashik,B30,26-35,Male,14.2,Verified
INV003896,2024-02-12,2025-03-28,6,42369,255.0,82.0,At Risk,Haryana,Faridabad,B30,56+,Female,14.3,Verified
INV003897,2024-04-09,2025-04-02,6,83553,144.0,71.6,At Risk,Tamil Nadu,Coimbatore,B30,26-35,Male,24.0,Verified
INV003898,2024-04-07,2025-04-28,2,53589,386.0,386.0,At Risk,Madhya Pradesh,Indore,T30,26-35,Male,6.2,Verified
INV003899,2024-02-26,2025-04-13,5,72974,262.0,103.0,At Risk,Haryana,Gurugram,T30,36-45,Female,21.3,Verified
INV003900,2025-01-02,2025-04-04,2,4863,92.0,92.0,At Risk,Gujarat,Ahmedabad,T30,36-45,Male,27.7,Verified
INV003901,2024-03-17,2025-03-14,5,65534,228.0,90.5,At Risk,Delhi,Gurugram,T30,46-55,Male,45.4,Verified
INV003902,2024-04-26,2025-05-09,5,71769,186.0,94.5,At Risk,Karnataka,Mysore,B30,26-35,Male,23.1,Verified
INV003903,2024-02-07,2025-01-24,8,70037,130.0,50.29,At Risk,Karnataka,Mysore,B30,18-25,Female,6.6,Verified
INV003904,2024-03-09,2024-09-13,3,12274,162.0,94.0,At Risk,Karnataka,Bangalore,T30,46-55,Male,67.6,Verified
INV003905,2024-04-28,2025-05-08,7,70428,103.0,62.5,At Risk,Maharashtra,Mumbai,T30,26-35,Male,24.3,Verified
INV003906,2024-01-13,2025-05-23,10,110358,115.0,55.11,At Risk,Haryana,Faridabad,B30,36-45,Male,39.7,Verified
INV003907,2024-06-07,2025-01-09,5,31102,98.0,54.0,At Risk,Gujarat,Surat,T30,46-55,Male,62.6,Pending
INV003908,2024-12-20,2025-04-16,4,7502,91.0,39.0,At Risk,Tamil Nadu,Coimbatore,B30,26-35,Female,13.8,Verified
INV003909,2024-01-19,2024-10-08,3,33133,147.0,131.5,At Risk,Haryana,Gurugram,T30,46-55,Male,29.1,Verified
INV003910,2024-03-02,2024-07-25,4,45484,80.0,48.33,At Risk,Maharashtra,Pune,T30,26-35,Male,8.8,Verified
INV003911,2024-01-31,2025-04-27,5,29698,244.0,113.0,At Risk,Telangana,Hyderabad,T30,36-45,Male,21.5,Verified
INV003912,2024-01-15,2024-12-23,6,11911,195.0,68.6,At Risk,West Bengal,Kolkata,T30,26-35,Male,8.5,Pending
INV003913,2024-02-09,2025-04-14,8,52158,136.0,61.43,At Risk,Telangana,Hyderabad,T30,36-45,Male,51.7,Verified
INV003914,2024-07-12,2024-07-12,1,59970,0.0,0.0,Continuous,Karnataka,Bangalore,T30,26-35,Male,8.9,Verified
INV003915,2024-11-21,2024-11-21,1,913,0.0,0.0,Continuous,Delhi,Noida,T30,26-35,Female,19.7,Verified
INV003916,2024-03-08,2025-02-07,6,84860,114.0,67.2,At Risk,Karnataka,Mysore,B30,26-35,Male,23.6,Verified
INV003917,2024-03-11,2024-12-30,2,5765,294.0,294.0,At Risk,Haryana,Faridabad,B30,26-35,Male,16.0,Verified
INV003918,2024-03-13,2025-05-22,5,24344,179.0,108.75,At Risk,Madhya Pradesh,Indore,T30,56+,Male,51.2,Verified
INV003919,2024-07-02,2025-05-13,2,13699,315.0,315.0,At Risk,Uttar Pradesh,Lucknow,T30,18-25,Male,3.4,Verified
INV003920,2024-01-17,2025-04-29,8,110581,132.0,66.86,At Risk,Punjab,Chandigarh,T30,26-35,Male,20.3,Verified
INV003921,2024-02-07,2024-05-07,2,3225,90.0,90.0,At Risk,Madhya Pradesh,Bhopal,B30,46-55,Male,87.4,Verified
INV003923,2025-03-11,2025-03-11,1,23867,0.0,0.0,Continuous,Delhi,Noida,T30,26-35,Female,6.7,Verified
INV003924,2024-09-06,2025-04-25,2,53873,231.0,231.0,At Risk,Telangana,Hyderabad,T30,26-35,Male,20.1,Verified
INV003925,2024-01-29,2025-03-14,5,29049,236.0,102.5,At Risk,Punjab,Amritsar,B30,26-35,Female,14.2,Pending
INV003926,2024-01-02,2025-04-24,4,29808,214.0,159.33,At Risk,West Bengal,Kolkata,T30,46-55,Male,92.8,Verified
INV003927,2025-04-17,2025-04-17,1,2058,0.0,0.0,Continuous,Haryana,Gurugram,T30,36-45,Female,15.3,Verified
INV003928,2024-05-11,2025-04-17,4,78345,281.0,113.67,At Risk,Rajasthan,Jaipur,T30,36-45,Male,22.8,Verified
INV003931,2024-08-31,2025-05-16,2,2868,258.0,258.0,At Risk,Madhya Pradesh,Indore,T30,26-35,Male,17.7,Verified
INV003932,2024-09-04,2025-04-21,4,40445,175.0,76.33,At Risk,Karnataka,Mysore,B30,26-35,Male,15.7,Verified
INV003933,2024-09-28,2024-09-28,1,8972,0.0,0.0,Continuous,Tamil Nadu,Coimbatore,B30,18-25,Female,3.0,Verified
INV003934,2024-03-01,2024-05-22,2,3521,82.0,82.0,At Risk,Delhi,Gurugram,T30,26-35,Male,24.1,Verified
INV003935,2024-02-15,2024-02-15,1,7471,0.0,0.0,Continuous,Rajasthan,Udaipur,B30,26-35,Male,7.6,Verified
INV003936,2024-01-21,2025-04-13,6,111274,227.0,89.6,At Risk,Punjab,Chandigarh,T30,36-45,Male,19.8,Verified
INV003937,2024-07-20,2025-01-04,3,65513,94.0,84.0,At Risk,Maharashtra,Nashik,B30,56+,Male,31.8,Verified
INV003938,2024-02-10,2024-12-21,7,53978,110.0,52.5,At Risk,Delhi,Gurugram,T30,36-45,Female,15.3,Verified
INV003939,2024-03-20,2024-08-26,2,17178,159.0,159.0,At Risk,Madhya Pradesh,Bhopal,B30,36-45,Female,58.1,Verified
INV003940,2024-01-21,2025-03-20,7,88836,151.0,70.67,At Risk,West Bengal,Kolkata,T30,36-45,Male,21.6,Verified
INV003941,2024-05-11,2025-03-13,3,14630,284.0,153.0,At Risk,Rajasthan,Udaipur,B30,26-35,Male,8.0,Verified
INV003942,2024-01-02,2025-01-12,5,30006,181.0,94.0,At Risk,Haryana,Faridabad,B30,26-35,Female,23.3,Verified
INV003943,2024-04-22,2025-03-28,9,34838,88.0,42.5,At Risk,Telangana,Hyderabad,T30,46-55,Male,46.2,Verified
INV003944,2025-02-26,2025-02-26,1,8572,0.0,0.0,Continuous,Maharashtra,Pune,T30,26-35,Male,17.5,Verified
INV003945,2024-02-01,2025-01-04,7,109342,175.0,56.33,At Risk,Gujarat,Ahmedabad,T30,46-55,Female,48.3,Verified
INV003946,2024-01-14,2025-03-04,7,65153,147.0,69.17,At Risk,Karnataka,Mysore,B30,26-35,Female,9.2,Verified
INV003947,2024-05-18,2025-01-27,4,29060,125.0,84.67,At Risk,Delhi,Noida,T30,26-35,Male,12.9,Verified
INV003948,2024-08-14,2025-05-03,7,125023,101.0,43.67,At Risk,Madhya Pradesh,Indore,T30,18-25,Female,7.5,Verified
INV003949,2024-03-11,2024-12-22,4,43068,178.0,95.33,At Risk,Madhya Pradesh,Bhopal,B30,56+,Male,54.8,Verified
INV003950,2024-11-22,2025-05-09,3,13623,141.0,84.0,At Risk,Madhya Pradesh,Bhopal,B30,26-35,Male,11.1,Verified
INV003951,2024-01-14,2025-04-12,5,67601,189.0,113.5,At Risk,Uttar Pradesh,Lucknow,T30,18-25,Male,7.8,Verified
INV003952,2024-04-20,2025-03-14,7,105758,95.0,54.67,At Risk,Tamil Nadu,Chennai,T30,36-45,Male,48.8,Verified
INV003953,2024-01-04,2024-06-05,2,109006,153.0,153.0,At Risk,Maharashtra,Pune,T30,36-45,Male,17.4,Verified
INV003954,2024-02-04,2024-12-17,4,49327,192.0,105.67,At Risk,Rajasthan,Udaipur,B30,26-35,Male,7.1,Verified
INV003955,2024-02-05,2024-12-15,5,13434,213.0,78.5,At Risk,Gujarat,Ahmedabad,T30,26-35,Female,8.9,Verified
INV003956,2024-04-06,2025-03-06,3,45163,316.0,167.0,At Risk,Punjab,Amritsar,B30,36-45,Male,32.3,Verified
INV003957,2024-01-08,2025-04-09,4,35852,187.0,152.33,At Risk,Delhi,Noida,T30,36-45,Male,30.9,Verified
INV003958,2024-02-07,2025-04-10,6,67157,133.0,85.6,At Risk,Haryana,Faridabad,B30,18-25,Male,6.6,Verified
INV003959,2024-05-16,2024-05-16,1,5799,0.0,0.0,Continuous,Haryana,Gurugram,T30,46-55,Male,81.1,Verified
INV003960,2024-02-13,2025-02-27,4,19613,166.0,126.67,At Risk,West Bengal,Kolkata,T30,26-35,Female,18.6,Verified
INV003961,2024-01-11,2025-04-28,4,87175,177.0,157.67,At Risk,Rajasthan,Udaipur,B30,46-55,Male,39.6,Verified
INV003962,2024-01-21,2025-05-16,8,199896,302.0,68.71,At Risk,Haryana,Gurugram,T30,26-35,Male,20.4,Pending
INV003963,2024-07-10,2024-12-03,4,17696,70.0,48.67,At Risk,Tamil Nadu,Chennai,T30,26-35,Male,18.1,Verified
INV003964,2024-01-10,2025-04-15,10,123334,130.0,51.22,At Risk,Punjab,Chandigarh,T30,26-35,Male,16.7,Pending
INV003965,2024-06-07,2024-06-07,1,7547,0.0,0.0,Continuous,Uttar Pradesh,Lucknow,T30,56+,Male,28.3,Verified
INV003966,2025-01-30,2025-03-09,2,58491,38.0,38.0,At Risk,Uttar Pradesh,Agra,B30,46-55,Male,79.6,Verified
INV003967,2024-03-18,2025-03-17,3,3677,328.0,182.0,At Risk,Tamil Nadu,Coimbatore,B30,46-55,Male,79.9,Verified
INV003968,2024-01-31,2025-05-07,6,55226,209.0,92.4,At Risk,Maharashtra,Mumbai,T30,46-55,Female,58.7,Verified
INV003969,2024-07-20,2025-01-11,2,9624,175.0,175.0,At Risk,Karnataka,Bangalore,T30,46-55,Male,76.3,Pending
INV003970,2024-08-15,2025-03-03,4,12117,108.0,66.67,At Risk,Telangana,Hyderabad,T30,18-25,Male,4.1,Verified
INV003971,2024-08-27,2025-04-27,4,31623,154.0,81.0,At Risk,Haryana,Gurugram,T30,26-35,Male,14.1,Verified
INV003972,2024-03-05,2025-04-30,6,128157,224.0,84.2,At Risk,Uttar Pradesh,Agra,B30,26-35,Male,10.2,Verified
INV003973,2024-06-14,2025-02-27,5,21532,128.0,64.5,At Risk,Rajasthan,Jaipur,T30,26-35,Male,11.4,Verified
INV003974,2024-01-10,2024-11-16,5,35235,205.0,77.75,At Risk,Maharashtra,Nashik,B30,46-55,Male,73.6,Verified
INV003975,2024-05-11,2025-04-27,8,64647,125.0,50.14,At Risk,Gujarat,Ahmedabad,T30,36-45,Male,26.2,Verified
INV003976,2024-04-12,2025-03-31,3,12552,224.0,176.5,At Risk,Telangana,Hyderabad,T30,46-55,Male,18.9,Verified
INV003977,2024-05-04,2025-04-12,5,105706,149.0,85.75,At Risk,Rajasthan,Udaipur,B30,46-55,Male,77.8,Verified
INV003978,2024-01-08,2025-04-29,8,45310,209.0,68.14,At Risk,Telangana,Hyderabad,T30,26-35,Female,6.2,Verified
INV003979,2024-02-29,2025-03-27,8,25613,123.0,56.0,At Risk,Madhya Pradesh,Indore,T30,36-45,Male,44.4,Pending
INV003980,2025-02-23,2025-05-28,2,14868,94.0,94.0,At Risk,West Bengal,Kolkata,T30,26-35,Male,7.1,Verified
INV003981,2024-04-01,2025-05-12,7,81844,237.0,67.67,At Risk,Haryana,Faridabad,B30,46-55,Male,46.7,Verified
INV003982,2024-09-07,2024-09-22,2,13383,15.0,15.0,Continuous,Tamil Nadu,Coimbatore,B30,36-45,Female,34.4,Verified
INV003984,2024-02-28,2024-05-12,3,70321,40.0,37.0,At Risk,Uttar Pradesh,Agra,B30,56+,Female,30.1,Verified
INV003985,2024-01-19,2025-04-28,6,25396,191.0,93.0,At Risk,Tamil Nadu,Coimbatore,B30,18-25,Male,4.3,Verified
INV003986,2024-03-08,2025-02-02,4,64453,241.0,110.33,At Risk,Telangana,Hyderabad,T30,36-45,Male,44.2,Verified
INV003987,2024-03-12,2024-12-26,5,72792,96.0,72.25,At Risk,Tamil Nadu,Coimbatore,B30,26-35,Female,24.1,Verified
INV003988,2024-07-25,2024-07-25,1,7062,0.0,0.0,Continuous,Punjab,Amritsar,B30,26-35,Male,19.1,Verified
INV003989,2024-05-23,2025-01-27,4,59230,159.0,83.0,At Risk,Maharashtra,Nashik,B30,26-35,Male,24.6,Verified
INV003990,2024-05-12,2024-05-12,1,2544,0.0,0.0,Continuous,Gujarat,Ahmedabad,T30,18-25,Male,5.3,Verified
INV003991,2024-01-06,2024-10-18,2,9861,286.0,286.0,At Risk,Tamil Nadu,Chennai,T30,26-35,Female,20.9,Verified
INV003992,2024-02-04,2024-08-26,4,11924,113.0,68.0,At Risk,Madhya Pradesh,Bhopal,B30,46-55,Female,86.8,Verified
INV003993,2024-08-09,2025-03-28,3,5149,170.0,115.5,At Risk,Tamil Nadu,Chennai,T30,46-55,Male,32.2,Verified
INV003994,2025-04-08,2025-04-08,1,40466,0.0,0.0,Continuous,Punjab,Amritsar,B30,18-25,Male,4.5,Verified
INV003995,2024-08-05,2025-04-15,4,66540,229.0,84.33,At Risk,Uttar Pradesh,Agra,B30,36-45,Female,33.8,Verified
INV003996,2024-01-25,2025-05-15,6,97507,244.0,95.2,At Risk,Karnataka,Bangalore,T30,36-45,Female,39.8,Verified
INV003997,2024-03-15,2025-03-16,5,36726,205.0,91.5,At Risk,Telangana,Hyderabad,T30,36-45,Male,48.3,Verified
INV003998,2024-01-06,2024-10-19,3,29634,219.0,143.5,At Risk,Telangana,Hyderabad,T30,26-35,Male,12.5,Verified
INV003999,2024-09-12,2024-09-12,1,53417,0.0,0.0,Continuous,Haryana,Faridabad,B30,26-35,Female,21.2,Verified
INV004000,2024-12-05,2024-12-05,1,25217,0.0,0.0,Continuous,Gujarat,Ahmedabad,T30,26-35,Male,12.3,Verified
INV004001,2024-06-10,2025-03-19,8,82786,123.0,40.29,At Risk,Delhi,Noida,T30,56+,Female,52.7,Verified
INV004002,2025-03-26,2025-03-26,1,43735,0.0,0.0,Continuous,Madhya Pradesh,Bhopal,B30,56+,Male,33.1,Verified
INV004003,2024-06-26,2025-05-21,4,20664,215.0,109.67,At Risk,West Bengal,Kolkata,T30,26-35,Male,9.5,Verified
INV004004,2024-05-18,2025-05-20,10,126080,88.0,40.78,At Risk,Delhi,Gurugram,T30,18-25,Male,3.1,Verified
INV004005,2024-03-09,2025-05-25,7,105889,314.0,73.67,At Risk,West Bengal,Kolkata,T30,26-35,Male,11.0,Verified
INV004006,2024-11-14,2025-05-19,5,141749,78.0,46.5,At Risk,Tamil Nadu,Coimbatore,B30,56+,Male,59.1,Pending
INV004007,2024-01-23,2024-09-12,7,30426,102.0,38.83,At Risk,Delhi,New Delhi,T30,18-25,Female,4.5,Verified
INV004008,2024-01-07,2024-12-10,3,27518,196.0,169.0,At Risk,Maharashtra,Nashik,B30,46-55,Male,17.2,Verified
INV004009,2024-02-17,2025-04-28,8,107439,87.0,62.29,At Risk,Gujarat,Ahmedabad,T30,18-25,Male,5.6,Verified
INV004011,2024-03-01,2025-03-26,4,56320,192.0,130.0,At Risk,Punjab,Amritsar,B30,18-25,Female,5.0,Verified
INV004012,2024-03-09,2025-05-22,5,10321,208.0,109.75,At Risk,Delhi,Noida,T30,46-55,Male,82.3,Verified
INV004014,2024-01-14,2025-05-23,9,90606,182.0,61.88,At Risk,Telangana,Hyderabad,T30,56+,Female,27.2,Verified
INV004015,2024-01-31,2025-04-15,6,9734,190.0,88.0,At Risk,Maharashtra,Mumbai,T30,18-25,Female,7.6,Verified
INV004016,2024-06-11,2025-01-24,3,16746,119.0,113.5,At Risk,Delhi,New Delhi,T30,36-45,Male,21.0,Verified
INV004017,2024-04-01,2024-11-30,7,30279,85.0,40.5,At Risk,West Bengal,Kolkata,T30,36-45,Male,36.7,Verified
INV004018,2024-06-24,2025-05-07,5,131871,144.0,79.25,At Risk,Punjab,Chandigarh,T30,56+,Male,47.9,Verified
INV004019,2024-06-12,2025-05-27,5,86483,229.0,87.25,At Risk,Tamil Nadu,Chennai,T30,26-35,Male,20.9,Verified
INV004020,2024-10-25,2024-10-25,1,417,0.0,0.0,Continuous,Rajasthan,Jaipur,T30,18-25,Male,7.6,Verified
INV004021,2025-02-19,2025-02-19,1,27282,0.0,0.0,Continuous,Uttar Pradesh,Kanpur,B30,36-45,Male,33.8,Verified
INV004022,2024-03-17,2024-03-17,1,6829,0.0,0.0,Continuous,Maharashtra,Nashik,B30,36-45,Male,21.9,Verified
INV004023,2024-02-12,2025-05-25,10,135403,93.0,52.0,At Risk,Tamil Nadu,Chennai,T30,46-55,Male,69.6,Verified
INV004024,2024-01-03,2025-02-03,5,78263,306.0,99.25,At Risk,Telangana,Hyderabad,T30,36-45,Male,23.1,Verified
INV004025,2024-06-10,2025-03-23,3,28707,269.0,143.0,At Risk,Gujarat,Ahmedabad,T30,56+,Male,18.7,Verified
INV004026,2024-03-02,2025-03-15,5,34454,249.0,94.5,At Risk,Haryana,Faridabad,B30,26-35,Female,8.3,Verified
INV004027,2024-04-23,2024-10-13,2,11049,173.0,173.0,At Risk,Punjab,Amritsar,B30,26-35,Male,8.7,Pending
INV004028,2024-02-22,2025-04-04,5,104509,205.0,101.75,At Risk,Rajasthan,Jaipur,T30,18-25,Male,3.3,Verified
INV004029,2024-08-22,2024-08-22,1,10542,0.0,0.0,Continuous,Tamil Nadu,Coimbatore,B30,36-45,Male,31.9,Verified
INV004030,2024-01-20,2025-05-19,5,81421,149.0,121.25,At Risk,Uttar Pradesh,Lucknow,T30,18-25,Female,4.4,Verified
INV004031,2024-06-07,2024-08-18,2,13703,72.0,72.0,At Risk,Gujarat,Ahmedabad,T30,36-45,Male,27.5,Verified
INV004032,2024-03-16,2025-02-25,4,31769,217.0,115.33,At Risk,West Bengal,Kolkata,T30,46-55,Male,55.5,Verified
INV004033,2024-04-11,2024-10-24,3,46063,122.0,98.0,At Risk,West Bengal,Kolkata,T30,36-45,Male,56.1,Verified
INV004034,2024-08-28,2024-08-28,1,2374,0.0,0.0,Continuous,Karnataka,Mysore,B30,46-55,Male,71.0,Verified
INV004035,2024-06-19,2024-11-20,3,3844,118.0,77.0,At Risk,Gujarat,Ahmedabad,T30,26-35,Male,12.2,Verified
INV004036,2024-11-10,2024-11-10,1,2925,0.0,0.0,Continuous,Uttar Pradesh,Agra,B30,56+,Female,51.7,Verified
INV004037,2024-05-10,2025-05-18,6,45922,137.0,74.6,At Risk,Gujarat,Ahmedabad,T30,26-35,Male,20.8,Verified
INV004038,2024-03-07,2025-05-11,7,197810,207.0,71.67,At Risk,Gujarat,Surat,T30,26-35,Female,24.6,Verified
INV004039,2024-03-14,2024-09-28,2,32828,198.0,198.0,At Risk,Gujarat,Surat,T30,46-55,Female,89.7,Verified
INV004040,2024-08-29,2025-05-11,4,2620,131.0,85.0,At Risk,Gujarat,Ahmedabad,T30,36-45,Male,54.3,Verified
INV004041,2024-02-03,2024-07-24,2,52752,172.0,172.0,At Risk,Telangana,Hyderabad,T30,36-45,Male,51.1,Verified
INV004042,2024-09-24,2024-09-24,1,848,0.0,0.0,Continuous,Madhya Pradesh,Bhopal,B30,36-45,Male,36.0,Verified
INV004043,2024-06-24,2025-04-25,3,12635,231.0,152.5,At Risk,Punjab,Amritsar,B30,36-45,Female,39.5,Verified
INV004044,2024-03-15,2024-09-03,3,46364,123.0,86.0,At Risk,Rajasthan,Jaipur,T30,46-55,Male,82.3,Verified
INV004045,2024-02-02,2024-11-01,5,37669,128.0,68.25,At Risk,Madhya Pradesh,Indore,T30,18-25,Male,4.2,Verified
INV004046,2024-03-15,2024-12-30,3,36574,151.0,145.0,At Risk,Madhya Pradesh,Indore,T30,36-45,Male,53.6,Verified
INV004047,2024-12-12,2024-12-12,1,832,0.0,0.0,Continuous,Madhya Pradesh,Indore,T30,26-35,Male,15.0,Verified
INV004048,2025-01-07,2025-01-07,1,8723,0.0,0.0,Continuous,Delhi,New Delhi,T30,26-35,Male,13.0,Verified
INV004049,2024-08-05,2025-04-03,6,24571,83.0,48.2,At Risk,Gujarat,Ahmedabad,T30,36-45,Male,31.1,Verified
INV004050,2024-08-14,2025-04-22,4,58498,167.0,83.67,At Risk,West Bengal,Kolkata,T30,26-35,Male,15.5,Verified
INV004051,2024-01-19,2025-01-17,5,45707,127.0,91.0,At Risk,Rajasthan,Udaipur,B30,36-45,Female,28.8,Verified
INV004052,2024-01-16,2025-05-14,3,17634,309.0,242.0,At Risk,Uttar Pradesh,Agra,B30,26-35,Female,15.5,Verified
INV004053,2025-03-18,2025-03-18,1,2128,0.0,0.0,Continuous,Tamil Nadu,Chennai,T30,26-35,Male,20.8,Verified
INV004054,2024-08-22,2024-08-22,1,2037,0.0,0.0,Continuous,Tamil Nadu,Chennai,T30,26-35,Female,6.4,Verified
INV004055,2024-06-14,2024-06-14,1,544,0.0,0.0,Continuous,Gujarat,Ahmedabad,T30,26-35,Male,8.8,Verified
INV004056,2024-06-01,2025-04-03,3,27089,214.0,153.0,At Risk,Haryana,Gurugram,T30,26-35,Male,8.3,Verified
INV004057,2024-06-28,2024-06-28,1,2345,0.0,0.0,Continuous,Rajasthan,Jaipur,T30,26-35,Male,9.9,Verified
INV004058,2024-01-09,2024-10-04,3,30895,244.0,134.5,At Risk,Tamil Nadu,Chennai,T30,26-35,Male,22.5,Verified
INV004059,2024-01-04,2024-12-14,2,61864,345.0,345.0,At Risk,Maharashtra,Pune,T30,26-35,Female,17.0,Verified
INV004060,2024-08-01,2024-08-01,1,6840,0.0,0.0,Continuous,Delhi,New Delhi,T30,46-55,Male,19.2,Verified
INV004061,2024-07-04,2025-01-02,3,49054,152.0,91.0,At Risk,Punjab,Chandigarh,T30,26-35,Male,22.2,Pending
INV004062,2024-04-12,2025-05-03,2,10451,386.0,386.0,At Risk,Delhi,Noida,T30,36-45,Female,39.9,Verified
INV004063,2024-04-13,2025-05-14,8,82106,167.0,56.57,At Risk,Haryana,Gurugram,T30,36-45,Male,19.3,Verified
INV004064,2024-01-15,2025-04-17,4,13112,215.0,152.67,At Risk,Uttar Pradesh,Lucknow,T30,26-35,Male,16.1,Verified
INV004065,2024-01-21,2024-01-21,1,45064,0.0,0.0,Continuous,Tamil Nadu,Chennai,T30,26-35,Male,6.1,Pending
INV004066,2024-01-15,2025-04-10,7,60661,319.0,75.17,At Risk,Gujarat,Surat,T30,46-55,Male,30.8,Verified
INV004067,2024-02-11,2025-02-16,4,33144,152.0,123.67,At Risk,Delhi,Gurugram,T30,26-35,Male,8.5,Verified
INV004068,2024-03-08,2024-08-08,2,55153,153.0,153.0,At Risk,West Bengal,Kolkata,T30,46-55,Male,63.0,Verified
INV004069,2024-01-16,2025-01-20,6,46504,196.0,74.0,At Risk,Delhi,Noida,T30,26-35,Male,21.8,Verified
INV004070,2024-02-06,2025-03-18,7,33039,170.0,67.67,At Risk,Maharashtra,Pune,T30,26-35,Male,13.8,Verified
INV004071,2024-03-01,2025-03-12,4,79896,205.0,125.33,At Risk,Gujarat,Ahmedabad,T30,36-45,Female,22.2,Pending
INV004072,2024-10-26,2024-10-26,1,2341,0.0,0.0,Continuous,Delhi,New Delhi,T30,36-45,Male,50.6,Verified
INV004073,2024-05-17,2025-05-27,5,35364,148.0,93.75,At Risk,Gujarat,Surat,T30,46-55,Female,32.6,Verified
INV004074,2024-11-24,2025-02-26,3,46757,54.0,47.0,At Risk,Gujarat,Ahmedabad,T30,46-55,Female,85.0,Verified
INV004075,2024-02-04,2025-03-21,5,124117,256.0,102.75,At Risk,Rajasthan,Jaipur,T30,36-45,Male,56.5,Verified
INV004076,2024-03-06,2025-03-22,5,48355,186.0,95.25,At Risk,Madhya Pradesh,Indore,T30,26-35,Male,15.7,Verified
INV004077,2024-11-09,2025-05-21,3,62142,102.0,96.5,At Risk,Delhi,New Delhi,T30,18-25,Female,3.5,Verified
INV004078,2024-03-25,2025-03-30,4,69263,189.0,123.33,At Risk,Delhi,Noida,T30,18-25,Male,3.8,Verified
INV004079,2024-01-21,2025-03-24,7,78640,164.0,71.33,At Risk,Karnataka,Bangalore,T30,36-45,Female,57.2,Verified
INV004080,2024-02-21,2025-03-23,4,39519,185.0,132.0,At Risk,Punjab,Amritsar,B30,26-35,Female,18.7,Verified
INV004081,2024-01-19,2025-05-28,3,32159,411.0,247.5,At Risk,Karnataka,Bangalore,T30,46-55,Female,43.8,Verified
INV004082,2024-04-19,2024-06-22,3,28970,59.0,32.0,At Risk,Punjab,Amritsar,B30,56+,Male,26.0,Verified
INV004083,2024-12-14,2024-12-14,1,17559,0.0,0.0,Continuous,Maharashtra,Mumbai,T30,18-25,Male,7.8,Verified
INV004084,2024-06-18,2024-07-12,3,76230,12.0,12.0,Continuous,Telangana,Hyderabad,T30,26-35,Male,9.9,Verified
INV004085,2024-04-07,2025-05-22,7,104748,260.0,68.33,At Risk,Maharashtra,Pune,T30,36-45,Female,34.5,Verified
INV004086,2024-08-08,2024-08-08,1,8961,0.0,0.0,Continuous,Maharashtra,Nashik,B30,46-55,Male,54.9,Verified
INV004088,2024-05-14,2024-05-14,1,5487,0.0,0.0,Continuous,Tamil Nadu,Chennai,T30,36-45,Male,26.8,Verified
INV004089,2024-04-20,2025-02-08,2,3635,294.0,294.0,At Risk,Haryana,Gurugram,T30,36-45,Female,15.2,Verified
INV004090,2025-02-25,2025-05-22,3,16109,75.0,43.0,At Risk,Tamil Nadu,Coimbatore,B30,36-45,Female,28.6,Verified
INV004091,2024-03-24,2025-03-27,6,18538,240.0,73.6,At Risk,Tamil Nadu,Chennai,T30,26-35,Male,7.2,Verified
INV004092,2025-01-16,2025-01-16,1,6305,0.0,0.0,Continuous,Maharashtra,Nashik,B30,18-25,Female,4.4,Verified
INV004093,2025-01-05,2025-01-05,1,21073,0.0,0.0,Continuous,Punjab,Amritsar,B30,36-45,Male,23.6,Verified
INV004094,2024-08-23,2025-05-29,6,67103,167.0,55.8,At Risk,Haryana,Faridabad,B30,26-35,Female,10.0,Pending
INV004095,2024-01-15,2024-12-15,2,10506,335.0,335.0,At Risk,Karnataka,Mysore,B30,26-35,Female,14.6,Verified
INV004096,2024-01-05,2025-01-29,5,99517,160.0,97.5,At Risk,Tamil Nadu,Coimbatore,B30,36-45,Male,57.1,Verified
INV004097,2024-07-28,2025-05-29,3,25502,245.0,152.5,At Risk,Gujarat,Ahmedabad,T30,56+,Male,52.9,Verified
INV004098,2024-06-23,2025-04-10,6,62582,87.0,58.2,At Risk,Delhi,Noida,T30,26-35,Male,11.3,Verified
INV004099,2024-04-01,2025-01-20,6,82312,174.0,58.8,At Risk,West Bengal,Kolkata,T30,26-35,Male,22.6,Verified
INV004100,2025-04-30,2025-05-22,2,13983,22.0,22.0,Continuous,Delhi,Gurugram,T30,26-35,Male,20.7,Pending
INV004101,2024-02-09,2024-02-09,1,536,0.0,0.0,Continuous,Telangana,Hyderabad,T30,46-55,Male,44.6,Pending
INV004102,2024-10-23,2025-05-16,4,76456,124.0,68.33,At Risk,Tamil Nadu,Coimbatore,B30,26-35,Female,6.6,Verified
INV004103,2025-05-03,2025-05-03,1,1068,0.0,0.0,Continuous,Gujarat,Ahmedabad,T30,46-55,Male,45.0,Verified
INV004104,2024-03-14,2025-04-21,5,37102,148.0,100.75,At Risk,Tamil Nadu,Coimbatore,B30,26-35,Male,10.5,Verified
INV004105,2024-09-28,2025-03-02,2,80108,155.0,155.0,At Risk,Tamil Nadu,Coimbatore,B30,26-35,Female,22.1,Verified
INV004106,2024-02-24,2024-11-29,6,127689,151.0,55.8,At Risk,Gujarat,Surat,T30,26-35,Male,16.3,Verified
INV004107,2025-03-19,2025-03-30,2,6859,11.0,11.0,Continuous,Telangana,Hyderabad,T30,26-35,Male,12.6,Verified
INV004108,2024-01-26,2024-12-06,4,68468,165.0,105.0,At Risk,Madhya Pradesh,Indore,T30,36-45,Female,22.5,Verified
INV004109,2024-03-14,2025-03-06,5,130213,197.0,89.25,At Risk,Uttar Pradesh,Lucknow,T30,56+,Female,59.8,Verified
INV004110,2024-04-09,2024-05-11,2,29089,32.0,32.0,Continuous,West Bengal,Kolkata,T30,18-25,Male,5.5,Verified
INV004111,2024-07-24,2024-07-24,1,2412,0.0,0.0,Continuous,Tamil Nadu,Chennai,T30,36-45,Male,27.4,Verified
INV004112,2024-01-28,2024-10-30,6,39234,112.0,55.2,At Risk,Madhya Pradesh,Bhopal,B30,46-55,Male,30.0,Verified
INV004113,2024-06-22,2024-10-04,2,15112,104.0,104.0,At Risk,Gujarat,Ahmedabad,T30,36-45,Male,51.8,Pending
INV004114,2024-04-08,2024-08-07,4,28690,76.0,40.33,At Risk,Tamil Nadu,Coimbatore,B30,26-35,Male,9.4,Verified
INV004115,2024-02-15,2024-07-21,3,97639,111.0,78.5,At Risk,Madhya Pradesh,Indore,T30,56+,Male,69.9,Pending
INV004116,2024-01-18,2025-05-26,10,71428,117.0,54.89,At Risk,Gujarat,Ahmedabad,T30,36-45,Male,59.4,Verified
INV004117,2024-02-21,2024-05-06,3,26009,75.0,37.5,At Risk,Uttar Pradesh,Kanpur,B30,18-25,Male,6.2,Verified
INV004118,2024-06-13,2025-05-02,6,33694,161.0,64.6,At Risk,Punjab,Chandigarh,T30,36-45,Male,26.2,Verified
INV004119,2024-03-29,2025-03-30,6,82689,237.0,73.2,At Risk,Uttar Pradesh,Kanpur,B30,26-35,Female,13.0,Verified
INV004120,2024-07-01,2025-03-22,4,21999,173.0,88.0,At Risk,Telangana,Hyderabad,T30,18-25,Male,7.2,Verified
INV004121,2024-04-21,2024-10-23,2,28183,185.0,185.0,At Risk,West Bengal,Kolkata,T30,26-35,Female,22.3,Verified
INV004122,2024-05-06,2024-09-19,2,12345,136.0,136.0,At Risk,West Bengal,Kolkata,T30,26-35,Male,20.5,Verified
INV004123,2024-03-14,2025-05-13,6,74440,138.0,85.0,At Risk,Haryana,Gurugram,T30,36-45,Male,53.8,Pending
INV004124,2024-06-09,2025-04-24,6,99942,193.0,63.8,At Risk,Maharashtra,Nashik,B30,56+,Male,76.4,Verified
INV004125,2024-01-03,2025-05-10,9,109430,142.0,61.62,At Risk,Gujarat,Surat,T30,26-35,Male,9.4,Verified
INV004126,2024-02-12,2024-02-12,1,43495,0.0,0.0,Continuous,Delhi,Noida,T30,26-35,Female,14.7,Pending
INV004127,2024-01-02,2025-03-15,6,24949,190.0,87.6,At Risk,Madhya Pradesh,Indore,T30,36-45,Female,27.3,Verified
INV004128,2024-02-02,2025-01-03,6,95704,156.0,67.2,At Risk,Haryana,Faridabad,B30,18-25,Male,3.3,Verified
INV004129,2024-04-29,2024-10-21,2,8115,175.0,175.0,At Risk,Rajasthan,Udaipur,B30,46-55,Male,70.2,Verified
INV004130,2024-10-01,2025-03-30,2,45705,180.0,180.0,At Risk,Punjab,Amritsar,B30,36-45,Male,57.9,Pending
INV004131,2024-01-04,2025-01-31,5,61507,230.0,98.25,At Risk,Uttar Pradesh,Kanpur,B30,26-35,Male,10.3,Verified
INV004132,2024-01-18,2024-06-07,3,25581,135.0,70.5,At Risk,Rajasthan,Jaipur,T30,18-25,Male,6.3,Verified
INV004133,2024-03-23,2024-10-22,3,15902,188.0,106.5,At Risk,Maharashtra,Nashik,B30,36-45,Male,41.6,Verified
INV004134,2024-01-06,2024-07-01,6,19310,54.0,35.4,At Risk,West Bengal,Kolkata,T30,36-45,Male,24.4,Verified
INV004135,2024-01-11,2025-04-06,10,66097,164.0,50.11,At Risk,Tamil Nadu,Coimbatore,B30,26-35,Female,18.7,Verified
INV004137,2024-03-25,2024-07-06,5,93757,45.0,25.75,At Risk,West Bengal,Kolkata,T30,18-25,Female,6.2,Verified
INV004138,2024-01-04,2025-01-10,5,15037,148.0,93.0,At Risk,Madhya Pradesh,Indore,T30,36-45,Male,18.2,Verified
INV004139,2024-06-26,2025-05-09,2,29795,317.0,317.0,At Risk,West Bengal,Kolkata,T30,56+,Female,61.1,Verified
INV004140,2024-01-18,2025-05-07,3,3723,470.0,237.5,At Risk,Punjab,Amritsar,B30,46-55,Female,41.6,Verified
INV004142,2024-04-02,2025-03-17,5,70849,236.0,87.25,At Risk,West Bengal,Kolkata,T30,26-35,Male,12.0,Verified
INV004143,2024-01-22,2025-05-21,6,61426,280.0,97.0,At Risk,Gujarat,Ahmedabad,T30,18-25,Male,7.4,Verified
INV004144,2024-07-22,2024-10-12,2,11072,82.0,82.0,At Risk,West Bengal,Kolkata,T30,26-35,Female,18.9,Verified
INV004145,2024-02-13,2025-01-09,6,27711,144.0,66.2,At Risk,Gujarat,Surat,T30,18-25,Male,4.9,Verified
INV004146,2024-02-12,2025-04-28,6,87690,253.0,88.2,At Risk,Uttar Pradesh,Agra,B30,56+,Male,40.7,Verified
INV004147,2024-06-01,2025-05-28,6,66900,136.0,72.2,At Risk,Madhya Pradesh,Bhopal,B30,26-35,Female,10.1,Verified
INV004148,2024-02-20,2025-04-02,5,96398,186.0,101.75,At Risk,Madhya Pradesh,Bhopal,B30,18-25,Male,5.1,Verified
INV004149,2024-05-12,2025-01-18,6,91943,130.0,50.2,At Risk,Rajasthan,Udaipur,B30,56+,Female,78.2,Verified
INV004151,2024-02-22,2025-05-09,8,110790,197.0,63.14,At Risk,Karnataka,Mysore,B30,26-35,Male,21.6,Pending
INV004152,2024-06-29,2025-03-24,5,60563,131.0,67.0,At Risk,Rajasthan,Udaipur,B30,56+,Male,44.0,Verified
INV004153,2024-04-04,2025-05-29,8,147218,125.0,60.0,At Risk,Uttar Pradesh,Agra,B30,46-55,Male,96.3,Verified
INV004154,2024-01-01,2025-05-29,12,173527,90.0,46.73,At Risk,Karnataka,Mysore,B30,18-25,Male,4.7,Verified
INV004155,2024-03-09,2024-03-09,1,8375,0.0,0.0,Continuous,West Bengal,Kolkata,T30,36-45,Male,43.3,Verified
INV004156,2024-10-23,2024-10-23,1,2543,0.0,0.0,Continuous,Tamil Nadu,Chennai,T30,46-55,Female,91.4,Verified
INV004157,2024-06-15,2025-03-03,3,21533,235.0,130.5,At Risk,Madhya Pradesh,Indore,T30,36-45,Male,39.1,Verified
INV004158,2024-07-14,2024-07-14,1,2876,0.0,0.0,Continuous,Punjab,Chandigarh,T30,18-25,Female,6.7,Verified
INV004159,2024-05-15,2024-12-29,4,74859,188.0,76.0,At Risk,Delhi,Noida,T30,18-25,Male,6.3,Verified
INV004160,2024-03-02,2025-05-25,4,72697,358.0,149.67,At Risk,Uttar Pradesh,Kanpur,B30,18-25,Male,3.9,Verified
INV004161,2024-02-13,2025-02-13,3,71680,260.0,183.0,At Risk,Telangana,Hyderabad,T30,46-55,Male,94.7,Verified
INV004162,2024-03-04,2025-01-13,3,32449,300.0,157.5,At Risk,Haryana,Faridabad,B30,18-25,Male,5.1,Verified
INV004163,2024-03-24,2024-09-22,4,75035,161.0,60.67,At Risk,Uttar Pradesh,Agra,B30,46-55,Male,96.4,Verified
INV004164,2024-04-24,2024-07-09,2,17351,76.0,76.0,At Risk,Rajasthan,Udaipur,B30,18-25,Female,4.7,Pending
INV004165,2024-09-13,2025-04-13,2,10177,212.0,212.0,At Risk,West Bengal,Kolkata,T30,26-35,Male,9.3,Verified
INV004166,2024-11-05,2025-02-15,2,9854,102.0,102.0,At Risk,Telangana,Hyderabad,T30,26-35,Male,6.1,Verified
INV004167,2025-02-06,2025-02-06,1,2177,0.0,0.0,Continuous,Haryana,Gurugram,T30,36-45,Male,59.7,Verified
INV004168,2024-11-16,2025-01-29,2,25320,74.0,74.0,At Risk,Maharashtra,Nashik,B30,36-45,Female,20.9,Pending
INV004169,2024-01-13,2024-11-01,3,101966,184.0,146.5,At Risk,Rajasthan,Udaipur,B30,26-35,Female,20.4,Verified
INV004170,2025-05-17,2025-05-17,1,6786,0.0,0.0,Continuous,Haryana,Faridabad,B30,36-45,Female,34.5,Verified
INV004171,2025-02-10,2025-04-30,2,43946,79.0,79.0,At Risk,Tamil Nadu,Coimbatore,B30,26-35,Female,19.1,Verified
INV004172,2024-01-10,2025-03-26,8,93496,196.0,63.0,At Risk,Madhya Pradesh,Indore,T30,26-35,Male,18.5,Verified
INV004173,2024-01-03,2025-05-16,4,53026,322.0,166.33,At Risk,West Bengal,Kolkata,T30,26-35,Male,16.9,Verified
INV004174,2024-01-01,2025-03-09,6,189509,195.0,86.6,At Risk,Rajasthan,Udaipur,B30,18-25,Male,4.7,Verified
INV004175,2024-01-22,2025-05-11,8,89272,133.0,67.86,At Risk,Tamil Nadu,Coimbatore,B30,36-45,Female,51.8,Verified
INV004176,2024-10-05,2024-10-05,1,1979,0.0,0.0,Continuous,Tamil Nadu,Coimbatore,B30,36-45,Female,37.4,Verified
INV004177,2024-02-15,2024-12-29,8,43904,117.0,45.43,At Risk,Tamil Nadu,Coimbatore,B30,26-35,Male,14.7,Verified
INV004178,2024-01-08,2025-04-23,5,18052,285.0,117.75,At Risk,Rajasthan,Jaipur,T30,26-35,Male,24.4,Verified
INV004179,2024-04-14,2025-04-05,6,81566,129.0,71.2,At Risk,Maharashtra,Pune,T30,26-35,Female,19.3,Verified
INV004180,2024-10-31,2024-11-13,2,14248,13.0,13.0,Continuous,Madhya Pradesh,Bhopal,B30,26-35,Male,17.2,Verified
INV004181,2024-02-05,2025-05-17,6,151759,245.0,93.4,At Risk,Uttar Pradesh,Lucknow,T30,26-35,Female,17.8,Pending
INV004182,2025-01-07,2025-02-22,2,19899,46.0,46.0,At Risk,Delhi,New Delhi,T30,26-35,Male,10.8,Verified
INV004183,2024-06-12,2024-08-21,4,8752,47.0,23.33,At Risk,West Bengal,Kolkata,T30,26-35,Male,13.2,Verified
INV004184,2024-04-01,2025-03-29,5,33659,151.0,90.5,At Risk,Karnataka,Bangalore,T30,26-35,Male,9.9,Verified
INV004185,2024-01-06,2024-09-11,5,15049,105.0,62.25,At Risk,Tamil Nadu,Coimbatore,B30,46-55,Male,38.5,Verified
INV004186,2024-12-10,2024-12-31,2,10225,21.0,21.0,Continuous,Madhya Pradesh,Bhopal,B30,36-45,Female,41.9,Verified
INV004187,2024-09-14,2024-10-11,2,8868,27.0,27.0,Continuous,Haryana,Gurugram,T30,18-25,Male,5.6,Verified
INV004188,2024-11-01,2024-11-01,1,1121,0.0,0.0,Continuous,Tamil Nadu,Chennai,T30,26-35,Male,7.4,Pending
INV004189,2024-03-30,2024-12-30,2,22955,275.0,275.0,At Risk,Tamil Nadu,Coimbatore,B30,26-35,Male,23.1,Verified
INV004190,2024-04-05,2024-12-31,4,87645,211.0,90.0,At Risk,Gujarat,Surat,T30,46-55,Male,38.9,Verified
INV004191,2024-01-27,2025-05-04,7,45090,310.0,77.17,At Risk,Maharashtra,Nashik,B30,26-35,Female,19.5,Verified
INV004192,2025-03-06,2025-03-25,3,9078,15.0,9.5,Continuous,Maharashtra,Mumbai,T30,26-35,Male,17.1,Verified
INV004193,2024-05-12,2024-05-17,2,25683,5.0,5.0,Continuous,Telangana,Hyderabad,T30,26-35,Male,17.1,Verified
INV004194,2024-08-12,2025-03-22,3,37391,206.0,111.0,At Risk,Tamil Nadu,Chennai,T30,36-45,Female,25.3,Verified
INV004195,2024-08-03,2025-01-06,2,43544,156.0,156.0,At Risk,Tamil Nadu,Coimbatore,B30,26-35,Male,9.1,Verified
INV004196,2024-01-29,2025-05-13,7,129129,219.0,78.33,At Risk,West Bengal,Kolkata,T30,46-55,Male,44.4,Verified
INV004197,2024-03-19,2025-03-28,3,20788,218.0,187.0,At Risk,Maharashtra,Pune,T30,46-55,Male,62.9,Verified
INV004198,2024-07-12,2024-12-27,2,1758,168.0,168.0,At Risk,West Bengal,Kolkata,T30,26-35,Male,6.1,Verified
INV004199,2024-04-16,2025-02-01,6,107979,138.0,58.2,At Risk,Tamil Nadu,Chennai,T30,56+,Male,76.5,Verified
INV004200,2024-06-16,2024-06-16,1,4787,0.0,0.0,Continuous,Rajasthan,Udaipur,B30,36-45,Male,35.9,Verified
INV004201,2024-10-14,2024-10-14,1,2335,0.0,0.0,Continuous,Telangana,Hyderabad,T30,36-45,Male,20.2,Verified
INV004202,2024-03-30,2025-04-15,9,91560,114.0,47.62,At Risk,West Bengal,Kolkata,T30,36-45,Female,56.9,Verified
INV004203,2024-01-22,2025-05-02,8,70384,113.0,66.57,At Risk,Madhya Pradesh,Indore,T30,18-25,Male,7.9,Verified
INV004204,2024-06-04,2024-07-28,3,22358,40.0,27.0,At Risk,Tamil Nadu,Chennai,T30,36-45,Male,51.7,Verified
INV004205,2024-02-21,2025-03-12,5,86765,164.0,96.25,At Risk,Telangana,Hyderabad,T30,56+,Female,56.9,Verified
INV004206,2025-04-22,2025-04-22,1,2214,0.0,0.0,Continuous,Maharashtra,Pune,T30,26-35,Female,20.9,Pending
INV004207,2025-04-15,2025-04-23,2,12447,8.0,8.0,Continuous,Gujarat,Ahmedabad,T30,56+,Female,53.3,Verified
INV004208,2024-05-01,2025-05-03,6,57000,156.0,73.4,At Risk,West Bengal,Kolkata,T30,36-45,Male,53.3,Verified
INV004209,2024-04-27,2024-04-27,1,14621,0.0,0.0,Continuous,Maharashtra,Mumbai,T30,56+,Male,9.9,Verified
INV004210,2024-07-20,2024-12-28,4,43396,77.0,53.67,At Risk,Madhya Pradesh,Bhopal,B30,56+,Male,23.9,Verified
INV004211,2024-04-22,2025-05-17,2,19007,390.0,390.0,At Risk,Tamil Nadu,Chennai,T30,56+,Male,40.3,Verified
INV004212,2024-03-29,2025-05-19,7,131156,169.0,69.33,At Risk,Uttar Pradesh,Kanpur,B30,36-45,Male,41.5,Verified
INV004213,2025-01-13,2025-01-13,1,2768,0.0,0.0,Continuous,Madhya Pradesh,Indore,T30,18-25,Male,4.5,Verified
INV004214,2024-11-05,2025-05-26,3,62195,184.0,101.0,At Risk,Haryana,Faridabad,B30,26-35,Female,19.8,Verified
INV004215,2025-03-31,2025-05-10,2,13763,40.0,40.0,At Risk,Madhya Pradesh,Indore,T30,18-25,Male,7.5,Verified
INV004216,2024-01-21,2025-05-27,7,67522,195.0,82.0,At Risk,Karnataka,Bangalore,T30,26-35,Male,8.3,Verified
INV004217,2024-07-30,2024-07-30,1,1136,0.0,0.0,Continuous,Punjab,Amritsar,B30,46-55,Female,30.7,Verified
INV004220,2024-01-18,2024-08-24,3,10297,177.0,109.5,At Risk,Uttar Pradesh,Agra,B30,26-35,Female,15.1,Verified
INV004221,2024-03-22,2024-03-22,1,2398,0.0,0.0,Continuous,Uttar Pradesh,Agra,B30,36-45,Female,59.4,Pending
INV004222,2024-04-16,2024-12-30,4,81821,141.0,86.0,At Risk,Uttar Pradesh,Kanpur,B30,26-35,Male,10.9,Verified
INV004223,2024-01-11,2025-05-02,5,38920,311.0,119.25,At Risk,Uttar Pradesh,Agra,B30,36-45,Female,49.3,Pending
INV004224,2024-06-29,2024-11-18,5,76588,77.0,35.5,At Risk,Haryana,Faridabad,B30,56+,Male,34.4,Verified
INV004225,2024-06-14,2025-01-01,5,33493,91.0,50.25,At Risk,Karnataka,Bangalore,T30,26-35,Male,24.8,Verified
INV004226,2024-04-30,2025-04-27,4,78344,176.0,120.67,At Risk,Punjab,Chandigarh,T30,18-25,Male,3.9,Verified
INV004227,2025-03-17,2025-04-28,2,18772,42.0,42.0,At Risk,Gujarat,Surat,T30,18-25,Female,4.5,Verified
INV004228,2024-02-29,2025-05-08,7,93293,112.0,72.33,At Risk,Madhya Pradesh,Bhopal,B30,26-35,Female,18.0,Verified
INV004229,2024-03-27,2025-02-01,3,14260,163.0,155.5,At Risk,Telangana,Hyderabad,T30,36-45,Female,59.1,Verified
INV004230,2024-08-12,2025-03-03,2,30655,203.0,203.0,At Risk,Karnataka,Bangalore,T30,18-25,Female,7.4,Verified
INV004231,2024-02-02,2025-03-28,5,70468,223.0,105.0,At Risk,West Bengal,Kolkata,T30,56+,Male,17.5,Pending
INV004232,2024-01-23,2025-01-14,6,31031,232.0,71.4,At Risk,Tamil Nadu,Chennai,T30,26-35,Male,19.0,Verified
INV004233,2024-05-18,2024-07-12,2,6504,55.0,55.0,At Risk,Maharashtra,Nashik,B30,26-35,Female,8.7,Verified
INV004234,2024-09-21,2024-09-21,1,21187,0.0,0.0,Continuous,Tamil Nadu,Chennai,T30,26-35,Male,22.8,Verified
INV004235,2025-03-24,2025-03-24,1,20032,0.0,0.0,Continuous,Gujarat,Surat,T30,26-35,Male,7.7,Verified
INV004236,2024-02-17,2024-03-11,2,27563,23.0,23.0,Continuous,Punjab,Amritsar,B30,26-35,Female,19.0,Verified
INV004237,2024-02-06,2025-05-10,5,36402,215.0,114.75,At Risk,Haryana,Faridabad,B30,36-45,Male,14.1,Verified
INV004238,2024-08-25,2024-11-15,3,28649,52.0,41.0,At Risk,Haryana,Faridabad,B30,36-45,Male,40.2,Pending
INV004239,2024-02-26,2025-04-29,8,78887,130.0,61.14,At Risk,Karnataka,Bangalore,T30,18-25,Female,6.3,Pending
INV004240,2024-03-25,2025-05-04,5,41358,179.0,101.25,At Risk,Maharashtra,Mumbai,T30,18-25,Male,7.1,Verified
INV004241,2024-01-31,2025-05-28,10,103788,117.0,53.67,At Risk,Maharashtra,Mumbai,T30,36-45,Male,18.9,Verified
INV004242,2024-02-16,2024-06-28,2,23053,133.0,133.0,At Risk,Punjab,Amritsar,B30,26-35,Male,14.9,Verified
INV004243,2024-02-12,2025-03-08,8,88380,131.0,55.71,At Risk,Punjab,Amritsar,B30,36-45,Female,38.7,Verified
INV004244,2024-06-24,2024-10-04,2,5316,102.0,102.0,At Risk,Karnataka,Bangalore,T30,26-35,Male,16.8,Verified
INV004246,2024-02-18,2024-09-10,7,97439,64.0,34.17,At Risk,West Bengal,Kolkata,T30,36-45,Female,12.2,Pending
INV004247,2024-03-17,2025-05-27,6,72050,274.0,87.2,At Risk,Tamil Nadu,Chennai,T30,18-25,Male,4.9,Verified
INV004248,2024-02-25,2024-11-07,7,105673,93.0,42.67,At Risk,West Bengal,Kolkata,T30,46-55,Male,89.3,Verified
INV004249,2025-03-01,2025-03-01,1,8478,0.0,0.0,Continuous,Karnataka,Mysore,B30,26-35,Male,23.2,Verified
INV004250,2024-07-29,2025-03-04,3,24310,214.0,109.0,At Risk,Haryana,Gurugram,T30,26-35,Female,6.4,Verified
INV004251,2024-07-30,2024-07-30,1,21376,0.0,0.0,Continuous,Tamil Nadu,Chennai,T30,36-45,Male,37.9,Verified
INV004252,2024-03-14,2025-04-06,5,40103,288.0,97.0,At Risk,Haryana,Faridabad,B30,36-45,Male,58.7,Verified
INV004253,2024-01-10,2025-05-27,4,36354,354.0,167.67,At Risk,Rajasthan,Udaipur,B30,36-45,Male,42.3,Verified
INV004254,2024-02-20,2025-04-24,4,23443,409.0,143.0,At Risk,Madhya Pradesh,Bhopal,B30,36-45,Male,58.3,Verified
INV004255,2024-07-17,2024-07-17,1,4350,0.0,0.0,Continuous,Punjab,Amritsar,B30,26-35,Female,17.1,Verified
INV004256,2024-03-24,2025-05-25,3,9148,410.0,213.5,At Risk,Karnataka,Mysore,B30,26-35,Male,22.3,Pending
INV004257,2024-06-03,2025-03-26,4,10873,135.0,98.67,At Risk,Telangana,Hyderabad,T30,36-45,Male,22.0,Pending
INV004258,2024-03-30,2025-01-22,7,26892,105.0,49.67,At Risk,Gujarat,Ahmedabad,T30,36-45,Male,56.6,Verified
INV004259,2024-01-28,2024-09-17,3,82827,157.0,116.5,At Risk,Tamil Nadu,Chennai,T30,26-35,Female,24.3,Verified
INV004260,2024-09-14,2024-09-14,1,1615,0.0,0.0,Continuous,Tamil Nadu,Coimbatore,B30,26-35,Male,18.8,Verified
INV004261,2024-02-09,2025-05-28,3,22214,247.0,237.0,At Risk,West Bengal,Kolkata,T30,56+,Male,49.8,Verified
INV004262,2024-06-15,2025-03-20,3,2191,151.0,139.0,At Risk,Uttar Pradesh,Agra,B30,26-35,Male,6.2,Verified
INV004263,2024-02-05,2025-05-06,5,108617,149.0,114.0,At Risk,Delhi,Gurugram,T30,26-35,Female,9.6,Verified
INV004264,2024-04-22,2025-04-04,3,11261,298.0,173.5,At Risk,Gujarat,Ahmedabad,T30,36-45,Female,45.2,Verified
INV004265,2024-02-25,2025-04-21,5,49909,180.0,105.25,At Risk,Punjab,Amritsar,B30,18-25,Male,7.6,Verified
INV004266,2024-01-10,2025-01-15,7,35786,101.0,61.83,At Risk,Delhi,New Delhi,T30,36-45,Male,35.9,Verified
INV004267,2024-06-26,2025-05-12,7,70239,109.0,53.33,At Risk,Gujarat,Surat,T30,46-55,Male,99.7,Verified
INV004268,2024-03-15,2024-09-19,3,5603,127.0,94.0,At Risk,Delhi,Gurugram,T30,26-35,Female,10.1,Verified
INV004269,2025-02-26,2025-02-26,1,29574,0.0,0.0,Continuous,Punjab,Chandigarh,T30,26-35,Male,21.0,Verified
INV004270,2024-03-28,2025-05-20,7,41505,204.0,69.67,At Risk,Rajasthan,Udaipur,B30,18-25,Male,5.7,Verified
INV004271,2024-02-17,2025-03-22,6,65605,157.0,79.8,At Risk,Maharashtra,Mumbai,T30,18-25,Male,3.2,Verified
INV004272,2024-07-29,2024-12-18,5,23082,98.0,35.5,At Risk,Madhya Pradesh,Bhopal,B30,46-55,Female,25.5,Pending
INV004273,2024-02-02,2024-08-28,4,95995,112.0,69.33,At Risk,Haryana,Faridabad,B30,26-35,Male,17.5,Verified
INV004274,2024-02-29,2025-04-20,4,84743,275.0,138.67,At Risk,Rajasthan,Udaipur,B30,26-35,Male,20.4,Verified
INV004275,2025-05-05,2025-05-05,1,400,0.0,0.0,Continuous,Tamil Nadu,Chennai,T30,36-45,Male,21.6,Verified
INV004276,2024-06-24,2024-08-27,3,16030,34.0,32.0,Continuous,Punjab,Amritsar,B30,26-35,Male,13.4,Verified
INV004277,2024-01-30,2025-04-23,5,117954,161.0,112.25,At Risk,Telangana,Hyderabad,T30,26-35,Male,19.6,Verified
INV004278,2024-01-24,2025-02-03,5,53979,255.0,94.0,At Risk,Punjab,Chandigarh,T30,26-35,Male,21.8,Verified
INV004279,2024-02-26,2025-02-12,8,185997,116.0,50.29,At Risk,Gujarat,Ahmedabad,T30,36-45,Male,35.7,Verified
INV004280,2024-11-26,2025-05-25,4,63224,101.0,60.0,At Risk,Rajasthan,Jaipur,T30,26-35,Female,8.5,Verified
INV004281,2024-01-17,2024-11-04,8,144759,93.0,41.71,At Risk,Rajasthan,Jaipur,T30,26-35,Female,15.9,Verified
INV004282,2024-04-15,2025-04-20,8,64136,105.0,52.86,At Risk,Punjab,Amritsar,B30,26-35,Male,20.8,Verified
INV004283,2024-07-09,2025-04-16,5,149760,194.0,70.25,At Risk,Telangana,Hyderabad,T30,26-35,Male,9.6,Verified
INV004284,2024-10-10,2025-02-23,2,30878,136.0,136.0,At Risk,Rajasthan,Udaipur,B30,36-45,Male,40.7,Pending
INV004285,2024-01-17,2025-04-18,7,92708,169.0,76.17,At Risk,Punjab,Chandigarh,T30,26-35,Male,8.0,Verified
INV004287,2024-06-23,2025-01-19,5,40693,129.0,52.5,At Risk,Gujarat,Surat,T30,26-35,Female,18.1,Verified
INV004288,2024-01-25,2025-04-06,7,56841,223.0,72.83,At Risk,Punjab,Amritsar,B30,18-25,Female,6.1,Verified
INV004289,2024-02-13,2025-05-17,11,42501,201.0,45.9,At Risk,Karnataka,Bangalore,T30,26-35,Male,14.8,Verified
INV004290,2024-01-10,2025-03-26,5,62388,264.0,110.25,At Risk,Gujarat,Ahmedabad,T30,46-55,Male,41.9,Verified
INV004291,2024-04-21,2024-09-13,2,20334,145.0,145.0,At Risk,Telangana,Hyderabad,T30,56+,Female,30.4,Verified
INV004293,2024-02-07,2025-03-22,6,112638,142.0,81.8,At Risk,Rajasthan,Jaipur,T30,36-45,Male,54.9,Verified
INV004294,2024-05-17,2025-04-15,3,63780,258.0,166.5,At Risk,Punjab,Chandigarh,T30,56+,Female,76.0,Verified
INV004295,2024-02-06,2025-01-29,9,72695,119.0,44.75,At Risk,Karnataka,Bangalore,T30,36-45,Male,50.6,Verified
INV004296,2024-01-02,2025-05-27,6,77419,304.0,102.2,At Risk,Telangana,Hyderabad,T30,26-35,Male,18.2,Verified
INV004297,2024-06-19,2025-05-20,9,122117,82.0,41.88,At Risk,Karnataka,Bangalore,T30,36-45,Female,19.5,Verified
INV004298,2024-06-01,2025-04-03,5,38866,198.0,76.5,At Risk,Gujarat,Ahmedabad,T30,36-45,Female,55.5,Verified
INV004299,2024-02-29,2025-05-23,8,79344,175.0,64.14,At Risk,Telangana,Hyderabad,T30,26-35,Female,23.1,Verified
INV004300,2024-10-01,2025-03-14,4,34679,118.0,54.67,At Risk,West Bengal,Kolkata,T30,26-35,Male,12.4,Verified
INV004301,2024-03-20,2024-10-21,3,27630,212.0,107.5,At Risk,Haryana,Faridabad,B30,18-25,Male,6.2,Verified
INV004302,2024-05-23,2025-04-29,4,23140,238.0,113.67,At Risk,Karnataka,Mysore,B30,46-55,Male,63.4,Verified
INV004303,2024-03-11,2024-10-26,4,43719,115.0,76.33,At Risk,Punjab,Chandigarh,T30,26-35,Male,24.4,Verified
INV004304,2024-01-31,2024-12-16,3,18926,228.0,160.0,At Risk,Haryana,Gurugram,T30,18-25,Male,5.5,Verified
INV004305,2024-08-12,2025-05-05,3,14784,135.0,133.0,At Risk,Telangana,Hyderabad,T30,36-45,Female,30.1,Verified
INV004306,2024-04-28,2025-04-05,7,74056,118.0,57.0,At Risk,Telangana,Hyderabad,T30,26-35,Female,20.4,Verified
INV004307,2024-06-24,2025-04-23,5,73514,139.0,75.75,At Risk,Haryana,Faridabad,B30,26-35,Male,19.3,Verified
INV004308,2024-01-01,2025-05-23,7,78626,244.0,84.67,At Risk,Gujarat,Surat,T30,26-35,Female,11.1,Verified
INV004309,2024-11-24,2024-11-24,1,17381,0.0,0.0,Continuous,Tamil Nadu,Chennai,T30,26-35,Female,15.8,Verified
INV004310,2024-01-29,2024-11-14,3,16782,248.0,145.0,At Risk,Telangana,Hyderabad,T30,36-45,Male,18.3,Pending
INV004311,2025-04-03,2025-04-03,1,5397,0.0,0.0,Continuous,Uttar Pradesh,Agra,B30,26-35,Female,17.0,Verified
INV004312,2024-12-26,2024-12-26,1,2618,0.0,0.0,Continuous,Karnataka,Bangalore,T30,18-25,Female,4.3,Verified
INV004313,2024-05-05,2024-09-19,3,46353,87.0,68.5,At Risk,Maharashtra,Nashik,B30,36-45,Male,44.3,Verified
INV004314,2024-02-20,2025-04-10,6,112485,195.0,83.0,At Risk,Haryana,Gurugram,T30,26-35,Male,19.2,Verified
INV004315,2024-07-19,2024-07-19,1,21541,0.0,0.0,Continuous,Rajasthan,Udaipur,B30,46-55,Female,64.3,Verified
INV004316,2024-06-19,2024-12-01,4,49486,126.0,55.0,At Risk,Karnataka,Bangalore,T30,46-55,Male,79.5,Verified
INV004317,2024-05-23,2024-05-23,1,6352,0.0,0.0,Continuous,Madhya Pradesh,Indore,T30,36-45,Male,32.6,Verified
INV004318,2024-01-15,2025-02-16,5,52156,227.0,99.5,At Risk,Tamil Nadu,Coimbatore,B30,56+,Female,54.7,Verified
INV004319,2024-01-15,2025-05-13,9,118001,275.0,60.5,At Risk,Gujarat,Surat,T30,18-25,Male,3.9,Verified
INV004320,2024-02-27,2025-03-20,5,58059,336.0,96.75,At Risk,Delhi,Gurugram,T30,26-35,Female,8.1,Verified
INV004321,2024-01-04,2024-12-05,9,112711,84.0,42.0,At Risk,West Bengal,Kolkata,T30,26-35,Male,16.0,Verified
INV004322,2024-02-04,2024-11-20,3,13350,179.0,145.0,At Risk,Tamil Nadu,Chennai,T30,26-35,Female,19.8,Verified
INV004323,2025-05-14,2025-05-14,1,965,0.0,0.0,Continuous,Madhya Pradesh,Indore,T30,26-35,Male,10.5,Pending
INV004324,2024-02-07,2025-05-18,7,66304,173.0,77.67,At Risk,Madhya Pradesh,Indore,T30,36-45,Male,42.4,Verified
INV004326,2024-04-22,2025-04-18,10,113261,78.0,40.11,At Risk,Delhi,Gurugram,T30,26-35,Male,7.5,Pending
INV004328,2024-01-13,2025-03-18,3,34969,290.0,215.0,At Risk,Telangana,Hyderabad,T30,26-35,Female,12.8,Verified
INV004329,2024-01-06,2025-02-12,3,30716,306.0,201.5,At Risk,Haryana,Gurugram,T30,18-25,Female,7.5,Verified
INV004330,2024-03-12,2024-06-27,2,17133,107.0,107.0,At Risk,Haryana,Faridabad,B30,46-55,Female,92.7,Verified
INV004331,2024-05-28,2024-05-28,1,3320,0.0,0.0,Continuous,Tamil Nadu,Coimbatore,B30,26-35,Male,12.4,Verified
INV004332,2024-02-21,2025-05-19,8,22464,149.0,64.71,At Risk,Haryana,Faridabad,B30,36-45,Female,52.1,Verified
INV004333,2024-11-13,2025-03-03,3,11739,93.0,55.0,At Risk,Telangana,Hyderabad,T30,36-45,Female,14.8,Pending
INV004334,2024-04-02,2025-04-19,4,31653,276.0,127.33,At Risk,Punjab,Amritsar,B30,26-35,Female,6.6,Verified
INV004335,2024-02-10,2025-05-06,8,97637,104.0,64.43,At Risk,Gujarat,Ahmedabad,T30,26-35,Female,6.6,Verified
INV004336,2024-02-10,2025-02-03,4,68545,210.0,119.67,At Risk,West Bengal,Kolkata,T30,46-55,Female,35.0,Verified
INV004337,2024-11-28,2024-12-04,2,39169,6.0,6.0,Continuous,Delhi,Noida,T30,18-25,Male,4.0,Verified
INV004338,2024-02-05,2025-04-20,10,134505,209.0,48.89,At Risk,Maharashtra,Mumbai,T30,46-55,Female,82.5,Verified
INV004339,2024-01-10,2025-04-06,5,25114,250.0,113.0,At Risk,Uttar Pradesh,Lucknow,T30,26-35,Female,7.3,Pending
INV004340,2024-03-08,2025-02-10,6,48935,252.0,67.8,At Risk,Karnataka,Mysore,B30,26-35,Male,17.9,Verified
INV004341,2024-04-08,2025-05-06,5,15919,153.0,98.25,At Risk,Tamil Nadu,Coimbatore,B30,18-25,Male,7.5,Verified
INV004342,2024-01-12,2025-02-03,5,16419,198.0,97.0,At Risk,Tamil Nadu,Coimbatore,B30,46-55,Female,22.1,Verified
INV004343,2024-06-15,2025-04-26,6,93065,190.0,63.0,At Risk,Madhya Pradesh,Bhopal,B30,18-25,Male,7.9,Verified
INV004345,2024-08-26,2025-05-06,5,19334,172.0,63.25,At Risk,West Bengal,Kolkata,T30,36-45,Female,33.3,Verified
INV004346,2024-05-11,2025-01-18,3,22592,231.0,126.0,At Risk,Tamil Nadu,Coimbatore,B30,26-35,Male,19.4,Verified
INV004347,2024-01-01,2024-11-28,5,60611,175.0,83.0,At Risk,West Bengal,Kolkata,T30,36-45,Male,20.5,Verified
INV004348,2024-08-24,2025-05-12,6,151261,120.0,52.2,At Risk,Delhi,New Delhi,T30,26-35,Female,13.4,Verified
INV004349,2024-02-20,2025-04-30,7,148067,159.0,72.5,At Risk,Haryana,Gurugram,T30,26-35,Female,9.3,Verified
INV004350,2024-08-09,2025-05-17,3,36816,145.0,140.5,At Risk,Delhi,Noida,T30,36-45,Male,13.0,Verified
INV004351,2024-06-26,2025-03-28,2,28953,275.0,275.0,At Risk,Karnataka,Bangalore,T30,18-25,Male,6.3,Verified
INV004352,2024-08-21,2025-05-03,4,70128,118.0,85.0,At Risk,Punjab,Chandigarh,T30,18-25,Female,5.8,Verified
INV004353,2024-04-22,2024-12-02,5,26668,115.0,56.0,At Risk,Uttar Pradesh,Agra,B30,56+,Male,31.2,Verified
INV004354,2024-02-19,2024-12-13,4,28290,174.0,99.33,At Risk,Uttar Pradesh,Kanpur,B30,26-35,Female,17.8,Verified
INV004355,2024-06-02,2024-06-02,1,933,0.0,0.0,Continuous,Haryana,Gurugram,T30,18-25,Male,5.6,Pending
INV004356,2024-10-25,2025-03-28,6,27375,81.0,30.8,At Risk,West Bengal,Kolkata,T30,36-45,Male,37.3,Verified
INV004357,2024-01-03,2025-05-24,8,52555,305.0,72.43,At Risk,Delhi,Gurugram,T30,46-55,Female,55.6,Verified
INV004358,2024-02-14,2024-12-31,8,82583,87.0,45.86,At Risk,Tamil Nadu,Coimbatore,B30,26-35,Male,6.5,Verified
INV004359,2024-02-15,2024-06-04,2,62444,110.0,110.0,At Risk,Delhi,New Delhi,T30,26-35,Male,9.4,Pending
INV004360,2024-08-18,2025-05-02,5,111751,132.0,64.25,At Risk,Madhya Pradesh,Bhopal,B30,26-35,Female,15.9,Verified
INV004361,2024-01-30,2025-04-05,8,23906,124.0,61.57,At Risk,Haryana,Faridabad,B30,26-35,Female,18.4,Verified
INV004362,2024-06-15,2025-02-05,5,18498,190.0,58.75,At Risk,West Bengal,Kolkata,T30,26-35,Female,12.1,Verified
INV004363,2024-02-02,2025-01-17,4,49074,215.0,116.67,At Risk,Delhi,Noida,T30,26-35,Male,20.5,Verified
INV004364,2024-02-10,2025-03-19,6,29363,173.0,80.6,At Risk,West Bengal,Kolkata,T30,36-45,Male,30.6,Verified
INV004365,2024-03-28,2025-03-18,5,111825,300.0,88.75,At Risk,Delhi,Gurugram,T30,26-35,Male,19.4,Pending
INV004366,2024-08-14,2025-04-22,4,10260,134.0,83.67,At Risk,Delhi,New Delhi,T30,46-55,Female,81.1,Verified
INV004367,2024-04-10,2025-05-23,6,144139,194.0,81.6,At Risk,Karnataka,Mysore,B30,26-35,Female,8.3,Verified
INV004368,2024-04-19,2025-03-09,5,49509,182.0,81.0,At Risk,Punjab,Chandigarh,T30,36-45,Male,33.7,Verified
INV004369,2024-10-15,2025-05-09,5,159666,108.0,51.5,At Risk,West Bengal,Kolkata,T30,26-35,Male,16.8,Verified
INV004370,2024-10-07,2024-10-07,1,2486,0.0,0.0,Continuous,Rajasthan,Jaipur,T30,18-25,Male,5.7,Verified
INV004371,2024-07-28,2025-04-15,3,74190,242.0,130.5,At Risk,Rajasthan,Udaipur,B30,26-35,Female,19.7,Verified
INV004372,2024-04-12,2025-02-02,6,63764,155.0,59.2,At Risk,Haryana,Faridabad,B30,26-35,Female,22.9,Verified
INV004373,2025-02-09,2025-02-09,1,53163,0.0,0.0,Continuous,Tamil Nadu,Coimbatore,B30,56+,Male,11.6,Verified
INV004374,2024-06-12,2025-05-30,5,71321,144.0,88.0,At Risk,Maharashtra,Nashik,B30,36-45,Female,16.5,Verified
INV004375,2024-04-28,2025-03-27,4,114056,169.0,111.0,At Risk,Madhya Pradesh,Bhopal,B30,26-35,Male,17.7,Verified
INV004376,2024-06-20,2025-04-01,4,24706,167.0,95.0,At Risk,West Bengal,Kolkata,T30,46-55,Female,92.6,Verified
INV004377,2024-03-06,2025-02-25,4,107890,166.0,118.67,At Risk,Haryana,Faridabad,B30,18-25,Male,6.1,Verified
INV004378,2024-01-15,2024-12-14,3,9241,255.0,167.0,At Risk,Tamil Nadu,Chennai,T30,26-35,Female,23.2,Verified
INV004379,2024-07-23,2024-12-22,3,28864,132.0,76.0,At Risk,Delhi,Gurugram,T30,18-25,Male,6.0,Verified
INV004380,2024-02-18,2024-11-11,3,12630,212.0,133.5,At Risk,Gujarat,Surat,T30,36-45,Male,16.6,Verified
INV004381,2024-02-16,2025-02-24,4,28793,253.0,124.67,At Risk,West Bengal,Kolkata,T30,46-55,Female,27.2,Pending
INV004382,2024-08-22,2025-05-10,2,7866,261.0,261.0,At Risk,Haryana,Gurugram,T30,56+,Male,31.3,Verified
INV004383,2024-06-23,2024-06-23,1,8302,0.0,0.0,Continuous,Madhya Pradesh,Bhopal,B30,36-45,Female,23.8,Verified
INV004384,2024-01-10,2024-04-14,4,92911,75.0,31.67,At Risk,Delhi,Noida,T30,26-35,Male,12.1,Verified
INV004385,2024-04-25,2024-04-25,1,53072,0.0,0.0,Continuous,Gujarat,Ahmedabad,T30,26-35,Male,8.2,Verified
INV004386,2025-03-02,2025-03-02,1,25517,0.0,0.0,Continuous,Tamil Nadu,Coimbatore,B30,18-25,Male,5.5,Verified
INV004387,2024-12-22,2025-03-25,2,15838,93.0,93.0,At Risk,Punjab,Amritsar,B30,18-25,Male,4.1,Verified
INV004388,2024-05-29,2024-09-20,5,68038,49.0,28.5,At Risk,Gujarat,Surat,T30,26-35,Female,10.3,Verified
INV004389,2024-11-29,2024-11-29,1,23118,0.0,0.0,Continuous,Karnataka,Mysore,B30,36-45,Male,53.3,Verified
INV004390,2024-06-08,2024-06-08,1,456,0.0,0.0,Continuous,Gujarat,Ahmedabad,T30,18-25,Female,6.0,Verified
INV004391,2024-01-03,2024-10-14,6,48086,96.0,57.0,At Risk,Maharashtra,Mumbai,T30,26-35,Female,23.3,Verified
INV004392,2024-01-30,2025-04-26,6,140197,200.0,90.4,At Risk,West Bengal,Kolkata,T30,18-25,Male,6.7,Verified
INV004393,2024-09-25,2025-05-13,3,32055,176.0,115.0,At Risk,Telangana,Hyderabad,T30,26-35,Female,21.5,Verified
INV004394,2024-08-01,2025-04-18,2,2899,260.0,260.0,At Risk,Tamil Nadu,Coimbatore,B30,26-35,Female,21.9,Verified
INV004395,2025-05-09,2025-05-09,1,5950,0.0,0.0,Continuous,Telangana,Hyderabad,T30,36-45,Female,58.3,Verified
INV004398,2024-08-15,2025-05-30,3,59665,205.0,144.0,At Risk,Punjab,Chandigarh,T30,46-55,Male,95.2,Verified
INV004399,2024-08-28,2024-08-28,1,576,0.0,0.0,Continuous,Delhi,Noida,T30,56+,Female,52.3,Verified
INV004400,2024-03-09,2025-01-29,8,187490,104.0,46.57,At Risk,Uttar Pradesh,Agra,B30,26-35,Male,19.5,Verified
INV004401,2024-01-12,2025-05-15,8,104242,216.0,69.86,At Risk,Rajasthan,Udaipur,B30,26-35,Male,22.6,Verified
INV004402,2024-10-18,2024-10-18,1,8335,0.0,0.0,Continuous,Gujarat,Ahmedabad,T30,18-25,Female,6.4,Pending
INV004403,2024-02-12,2025-02-14,6,14286,150.0,73.6,At Risk,West Bengal,Kolkata,T30,26-35,Male,17.6,Verified
INV004404,2024-04-19,2024-10-01,2,61255,165.0,165.0,At Risk,Telangana,Hyderabad,T30,26-35,Male,22.1,Verified
INV004406,2024-04-02,2024-07-10,2,13253,99.0,99.0,At Risk,Rajasthan,Jaipur,T30,36-45,Male,12.2,Verified
INV004407,2024-01-31,2024-06-04,4,34549,54.0,41.67,At Risk,Punjab,Chandigarh,T30,18-25,Male,7.7,Verified
INV004408,2024-01-19,2025-01-23,3,60657,237.0,185.0,At Risk,Punjab,Amritsar,B30,26-35,Male,23.5,Pending
INV004410,2024-03-02,2025-04-15,11,80237,138.0,40.9,At Risk,Tamil Nadu,Chennai,T30,36-45,Male,45.5,Verified
INV004411,2024-02-03,2024-12-04,6,72503,111.0,61.0,At Risk,Maharashtra,Mumbai,T30,26-35,Female,13.8,Verified
INV004412,2024-01-06,2025-05-14,7,52390,173.0,82.33,At Risk,Punjab,Amritsar,B30,26-35,Female,21.6,Verified
INV004413,2024-01-29,2025-05-26,8,86246,142.0,69.0,At Risk,Maharashtra,Mumbai,T30,26-35,Male,14.7,Verified
INV004414,2024-01-02,2025-01-13,8,102062,176.0,53.86,At Risk,Uttar Pradesh,Lucknow,T30,26-35,Male,6.6,Verified
INV004415,2024-03-06,2024-11-11,2,5661,250.0,250.0,At Risk,Tamil Nadu,Chennai,T30,26-35,Male,6.3,Verified
INV004416,2024-05-24,2024-05-24,1,4257,0.0,0.0,Continuous,Madhya Pradesh,Indore,T30,18-25,Male,7.3,Verified
INV004417,2025-05-21,2025-05-21,1,1796,0.0,0.0,Continuous,Rajasthan,Jaipur,T30,26-35,Male,7.2,Verified
INV004418,2024-08-14,2025-04-08,5,35441,138.0,59.25,At Risk,Haryana,Faridabad,B30,26-35,Female,23.2,Verified
INV004419,2024-06-11,2024-06-11,1,2921,0.0,0.0,Continuous,Karnataka,Mysore,B30,18-25,Female,3.1,Verified
INV004420,2024-02-16,2025-04-26,4,61243,303.0,145.0,At Risk,Haryana,Gurugram,T30,36-45,Male,14.6,Verified
INV004421,2024-01-17,2025-04-15,6,74958,221.0,90.8,At Risk,Punjab,Amritsar,B30,26-35,Male,20.5,Verified
INV004422,2024-02-05,2024-02-05,1,3082,0.0,0.0,Continuous,Karnataka,Bangalore,T30,36-45,Female,18.1,Verified
INV004423,2024-04-22,2024-04-22,1,2560,0.0,0.0,Continuous,Haryana,Faridabad,B30,18-25,Female,7.0,Verified
INV004424,2024-04-05,2024-07-15,2,7861,101.0,101.0,At Risk,Delhi,New Delhi,T30,46-55,Female,90.1,Verified
INV004425,2024-05-21,2025-04-14,3,15630,258.0,164.0,At Risk,Haryana,Faridabad,B30,26-35,Female,18.6,Pending
INV004426,2024-01-16,2024-08-27,3,30024,143.0,112.0,At Risk,Rajasthan,Jaipur,T30,26-35,Male,10.4,Verified
INV004427,2024-01-07,2025-05-29,11,121193,125.0,50.8,At Risk,Punjab,Amritsar,B30,36-45,Female,54.2,Verified
INV004428,2024-03-11,2024-06-05,4,14779,36.0,28.67,At Risk,Rajasthan,Udaipur,B30,26-35,Female,6.7,Verified
INV004430,2024-10-28,2025-02-27,2,63225,122.0,122.0,At Risk,Delhi,Noida,T30,56+,Male,26.4,Verified
INV004433,2024-05-28,2024-05-28,1,1964,0.0,0.0,Continuous,Maharashtra,Mumbai,T30,26-35,Female,19.8,Pending
INV004434,2024-03-30,2025-05-27,6,79432,156.0,84.6,At Risk,Gujarat,Surat,T30,46-55,Male,17.7,Verified
INV004435,2025-02-04,2025-05-23,2,43752,108.0,108.0,At Risk,Rajasthan,Jaipur,T30,26-35,Female,15.9,Pending
INV004436,2024-04-25,2025-05-07,5,37636,128.0,94.25,At Risk,Delhi,New Delhi,T30,56+,Male,30.3,Pending
INV004437,2024-07-01,2025-03-06,2,58639,248.0,248.0,At Risk,Telangana,Hyderabad,T30,26-35,Male,13.7,Verified
INV004438,2024-08-10,2024-11-07,2,24578,89.0,89.0,At Risk,Gujarat,Ahmedabad,T30,26-35,Female,23.2,Verified
INV004439,2024-02-02,2024-10-17,3,41589,136.0,129.0,At Risk,Haryana,Faridabad,B30,26-35,Male,8.6,Verified
INV004440,2024-07-11,2025-05-04,3,21158,295.0,148.5,At Risk,Telangana,Hyderabad,T30,36-45,Male,33.5,Verified
INV004441,2024-01-10,2025-01-13,5,62582,199.0,92.25,At Risk,Uttar Pradesh,Lucknow,T30,26-35,Male,24.0,Verified
INV004442,2024-04-03,2025-04-14,4,29683,291.0,125.33,At Risk,Haryana,Faridabad,B30,18-25,Male,5.8,Verified
INV004443,2024-03-04,2025-04-05,5,12370,231.0,99.25,At Risk,Maharashtra,Nashik,B30,26-35,Female,13.0,Verified
INV004444,2024-09-24,2024-11-11,2,64900,48.0,48.0,At Risk,Tamil Nadu,Chennai,T30,56+,Female,19.8,Verified
INV004445,2024-03-18,2025-04-06,4,47701,284.0,128.0,At Risk,Delhi,Noida,T30,36-45,Male,25.7,Verified
INV004446,2024-05-17,2025-04-11,6,58236,170.0,65.8,At Risk,West Bengal,Kolkata,T30,26-35,Male,14.8,Verified
INV004447,2024-02-18,2024-12-13,7,111566,129.0,49.83,At Risk,West Bengal,Kolkata,T30,36-45,Female,53.4,Verified
INV004448,2024-02-03,2024-10-21,4,82004,236.0,87.0,At Risk,Karnataka,Mysore,B30,26-35,Male,20.3,Verified
INV004449,2024-03-04,2024-11-19,4,14561,194.0,86.67,At Risk,Maharashtra,Pune,T30,36-45,Male,16.6,Verified
INV004450,2024-01-08,2024-11-11,6,134333,153.0,61.6,At Risk,Tamil Nadu,Coimbatore,B30,36-45,Male,16.7,Verified
INV004451,2024-03-30,2025-05-24,6,88776,137.0,84.0,At Risk,Madhya Pradesh,Bhopal,B30,56+,Male,78.6,Verified
INV004452,2024-01-05,2025-05-05,7,122309,180.0,81.0,At Risk,Rajasthan,Udaipur,B30,26-35,Male,17.6,Verified
INV004453,2025-02-09,2025-05-27,3,72170,74.0,53.5,At Risk,Telangana,Hyderabad,T30,36-45,Male,14.3,Verified
INV004454,2024-01-24,2025-05-30,6,64506,311.0,98.4,At Risk,West Bengal,Kolkata,T30,36-45,Male,37.4,Verified
INV004455,2024-08-14,2025-04-21,6,21070,105.0,50.0,At Risk,Telangana,Hyderabad,T30,18-25,Female,3.5,Verified
INV004456,2024-03-04,2024-08-13,2,49102,162.0,162.0,At Risk,West Bengal,Kolkata,T30,26-35,Female,7.0,Verified
INV004457,2024-01-29,2025-03-11,6,76498,188.0,81.4,At Risk,Telangana,Hyderabad,T30,18-25,Male,6.7,Verified
INV004458,2024-11-28,2024-11-28,1,1025,0.0,0.0,Continuous,Gujarat,Ahmedabad,T30,26-35,Female,12.3,Verified
INV004459,2024-03-15,2025-02-01,7,73438,141.0,53.83,At Risk,Maharashtra,Pune,T30,26-35,Female,9.2,Verified
INV004460,2024-01-23,2024-12-28,9,22621,93.0,42.5,At Risk,Haryana,Gurugram,T30,26-35,Male,24.7,Verified
INV004461,2024-05-13,2024-12-25,3,71587,144.0,113.0,At Risk,Tamil Nadu,Chennai,T30,46-55,Male,80.3,Verified
INV004462,2024-04-18,2025-05-30,3,57249,341.0,203.5,At Risk,Madhya Pradesh,Indore,T30,26-35,Female,14.9,Verified
INV004463,2024-01-18,2025-05-06,6,77554,211.0,94.8,At Risk,Karnataka,Bangalore,T30,26-35,Female,16.1,Verified
INV004464,2024-02-21,2025-03-02,7,40228,142.0,62.5,At Risk,Haryana,Faridabad,B30,26-35,Female,11.9,Verified
INV004465,2024-01-30,2024-12-10,5,72956,157.0,78.75,At Risk,Gujarat,Surat,T30,26-35,Male,14.2,Verified
INV004466,2024-01-29,2025-05-05,5,17897,269.0,115.5,At Risk,Gujarat,Surat,T30,18-25,Female,3.7,Verified
INV004467,2024-01-15,2024-12-20,5,49050,235.0,85.0,At Risk,Tamil Nadu,Chennai,T30,46-55,Male,52.4,Pending
INV004468,2024-02-11,2025-05-17,7,84516,154.0,76.83,At Risk,Telangana,Hyderabad,T30,46-55,Female,20.8,Verified
INV004469,2024-04-28,2024-04-28,1,438,0.0,0.0,Continuous,Delhi,Noida,T30,26-35,Female,24.1,Verified
INV004471,2024-02-04,2025-04-23,4,20376,254.0,148.0,At Risk,Delhi,New Delhi,T30,26-35,Female,20.2,Verified
INV004472,2024-07-18,2025-05-18,7,33126,156.0,50.67,At Risk,West Bengal,Kolkata,T30,26-35,Female,19.1,Verified
INV004473,2024-01-21,2025-04-05,7,39115,152.0,73.33,At Risk,Karnataka,Mysore,B30,18-25,Male,5.6,Verified
INV004474,2024-04-14,2025-03-12,5,40122,267.0,83.0,At Risk,West Bengal,Kolkata,T30,46-55,Male,16.5,Verified
INV004475,2024-04-05,2025-05-17,7,82023,87.0,67.83,At Risk,Punjab,Amritsar,B30,26-35,Male,18.2,Verified
INV004476,2024-03-09,2025-05-10,4,19792,345.0,142.33,At Risk,Gujarat,Surat,T30,26-35,Male,9.3,Verified
INV004477,2024-04-06,2025-05-22,8,32359,180.0,58.71,At Risk,Delhi,Gurugram,T30,46-55,Female,88.3,Verified
INV004479,2024-04-14,2025-01-23,5,126983,177.0,71.0,At Risk,Rajasthan,Jaipur,T30,36-45,Male,43.7,Verified
INV004480,2024-12-14,2024-12-14,1,2048,0.0,0.0,Continuous,Punjab,Chandigarh,T30,26-35,Male,21.7,Verified
INV004481,2024-07-11,2025-01-31,3,8789,113.0,102.0,At Risk,Rajasthan,Jaipur,T30,46-55,Male,60.1,Verified
INV004482,2024-05-23,2025-05-20,4,25436,293.0,120.67,At Risk,Uttar Pradesh,Kanpur,B30,18-25,Female,6.8,Verified
INV004483,2024-02-11,2025-02-13,3,14390,345.0,184.0,At Risk,Tamil Nadu,Chennai,T30,46-55,Female,72.3,Verified
INV004484,2024-04-19,2025-02-21,6,55149,182.0,61.6,At Risk,Punjab,Amritsar,B30,46-55,Male,61.9,Verified
INV004485,2024-07-30,2024-12-31,3,30049,130.0,77.0,At Risk,Haryana,Faridabad,B30,18-25,Male,6.6,Pending
INV004486,2024-07-18,2025-05-12,3,13727,275.0,149.0,At Risk,Uttar Pradesh,Agra,B30,26-35,Male,14.4,Verified
INV004487,2024-10-25,2025-02-20,3,56540,103.0,59.0,At Risk,Maharashtra,Nashik,B30,26-35,Female,24.4,Verified
INV004488,2024-02-14,2025-05-06,5,47070,295.0,111.75,At Risk,Maharashtra,Nashik,B30,56+,Male,69.8,Verified
INV004489,2024-03-06,2024-11-20,2,27475,259.0,259.0,At Risk,Haryana,Faridabad,B30,26-35,Male,15.2,Verified
INV004490,2024-01-16,2024-06-20,3,50934,81.0,78.0,At Risk,Madhya Pradesh,Indore,T30,18-25,Female,3.9,Pending
INV004491,2024-08-17,2025-05-29,3,9684,149.0,142.5,At Risk,Punjab,Chandigarh,T30,46-55,Male,83.6,Verified
INV004492,2024-04-29,2025-04-12,4,54892,296.0,116.0,At Risk,Madhya Pradesh,Bhopal,B30,26-35,Male,18.6,Verified
INV004493,2024-01-25,2025-04-13,5,96808,182.0,111.0,At Risk,Tamil Nadu,Chennai,T30,36-45,Male,19.3,Verified
INV004494,2024-03-11,2025-05-11,3,42620,418.0,213.0,At Risk,Delhi,Noida,T30,26-35,Female,22.0,Verified
INV004495,2024-07-07,2025-02-15,4,13820,132.0,74.33,At Risk,Punjab,Amritsar,B30,36-45,Female,24.4,Verified
INV004496,2024-01-15,2025-05-26,5,31794,217.0,124.25,At Risk,Madhya Pradesh,Indore,T30,18-25,Female,6.3,Verified
INV004497,2024-01-06,2025-05-22,5,63669,186.0,125.5,At Risk,Rajasthan,Jaipur,T30,26-35,Female,13.3,Verified
INV004498,2024-05-17,2024-11-24,3,61695,128.0,95.5,At Risk,Punjab,Chandigarh,T30,26-35,Male,6.7,Verified
INV004500,2024-06-04,2024-06-04,1,11784,0.0,0.0,Continuous,Karnataka,Mysore,B30,46-55,Male,45.2,Verified
INV004501,2024-12-13,2024-12-31,2,63824,18.0,18.0,Continuous,Delhi,Noida,T30,26-35,Male,11.3,Verified
INV004502,2024-01-02,2025-03-24,7,66742,165.0,74.5,At Risk,Rajasthan,Udaipur,B30,36-45,Male,59.0,Verified
INV004503,2024-09-10,2024-09-10,1,11576,0.0,0.0,Continuous,Gujarat,Ahmedabad,T30,36-45,Male,14.9,Verified
INV004504,2024-02-21,2025-03-13,8,132537,247.0,55.14,At Risk,Telangana,Hyderabad,T30,46-55,Male,46.3,Verified
INV004505,2025-02-02,2025-04-23,5,52173,53.0,20.0,At Risk,Punjab,Amritsar,B30,26-35,Male,7.8,Verified
INV004506,2024-04-28,2025-04-09,3,25392,186.0,173.0,At Risk,Karnataka,Mysore,B30,46-55,Male,76.9,Verified
INV004507,2024-10-28,2024-10-28,1,2116,0.0,0.0,Continuous,West Bengal,Kolkata,T30,18-25,Female,6.4,Verified
INV004508,2024-02-07,2025-04-08,4,71422,202.0,142.0,At Risk,Punjab,Amritsar,B30,36-45,Female,36.5,Verified
INV004509,2024-01-23,2025-03-06,5,52829,175.0,102.0,At Risk,Uttar Pradesh,Lucknow,T30,26-35,Female,20.3,Verified
INV004510,2024-01-11,2025-03-12,3,17959,302.0,213.0,At Risk,Haryana,Gurugram,T30,56+,Male,71.8,Verified
INV004511,2024-10-04,2025-04-08,6,43556,89.0,37.2,At Risk,Gujarat,Ahmedabad,T30,46-55,Female,43.6,Verified
INV004512,2025-04-14,2025-04-14,1,4709,0.0,0.0,Continuous,Maharashtra,Mumbai,T30,26-35,Male,16.9,Verified
INV004513,2024-01-09,2025-05-04,5,23194,282.0,120.25,At Risk,Karnataka,Mysore,B30,36-45,Female,16.9,Verified
INV004514,2024-01-02,2025-01-20,5,27361,213.0,96.0,At Risk,Haryana,Faridabad,B30,46-55,Male,40.1,Verified
INV004515,2024-12-01,2025-02-21,3,4147,70.0,41.0,At Risk,Rajasthan,Udaipur,B30,18-25,Female,5.2,Verified
INV004516,2024-01-02,2025-01-08,3,51899,201.0,186.0,At Risk,Haryana,Gurugram,T30,36-45,Male,14.4,Verified
INV004517,2024-02-03,2025-04-11,6,23579,185.0,86.6,At Risk,West Bengal,Kolkata,T30,46-55,Female,68.5,Verified
INV004518,2024-02-03,2025-04-03,5,31379,219.0,106.25,At Risk,Uttar Pradesh,Lucknow,T30,26-35,Female,24.4,Verified
INV004519,2024-03-01,2025-04-17,3,16913,363.0,206.0,At Risk,Tamil Nadu,Coimbatore,B30,18-25,Female,6.2,Verified
INV004520,2024-04-27,2025-05-22,5,43815,217.0,97.5,At Risk,Uttar Pradesh,Lucknow,T30,26-35,Female,15.7,Verified
INV004521,2024-05-10,2025-04-02,7,106363,76.0,54.5,At Risk,Gujarat,Ahmedabad,T30,18-25,Male,7.9,Verified
INV004522,2025-05-26,2025-05-26,1,497,0.0,0.0,Continuous,Punjab,Chandigarh,T30,46-55,Female,69.1,Verified
INV004523,2024-02-26,2025-05-07,6,50318,127.0,87.2,At Risk,Haryana,Gurugram,T30,26-35,Female,13.5,Verified
INV004524,2024-02-03,2025-04-07,2,17977,429.0,429.0,At Risk,Gujarat,Surat,T30,18-25,Male,4.3,Verified
INV004525,2024-03-08,2024-10-04,2,12659,210.0,210.0,At Risk,Haryana,Gurugram,T30,26-35,Male,11.4,Verified
INV004526,2024-01-31,2024-10-24,4,14126,182.0,89.0,At Risk,West Bengal,Kolkata,T30,36-45,Male,19.9,Verified
INV004527,2024-04-28,2024-10-12,4,28885,74.0,55.67,At Risk,West Bengal,Kolkata,T30,36-45,Male,39.6,Verified
INV004528,2024-07-01,2025-05-21,7,138706,149.0,54.0,At Risk,Madhya Pradesh,Indore,T30,46-55,Male,82.5,Verified
INV004529,2024-02-16,2025-04-21,4,73353,274.0,143.33,At Risk,Uttar Pradesh,Kanpur,B30,18-25,Male,6.3,Verified
INV004530,2024-04-07,2024-06-12,2,60412,66.0,66.0,At Risk,Maharashtra,Nashik,B30,36-45,Male,36.2,Verified
INV004531,2024-02-27,2025-04-22,8,185354,159.0,60.0,At Risk,Haryana,Gurugram,T30,26-35,Male,8.4,Verified
INV004532,2025-05-06,2025-05-06,1,8552,0.0,0.0,Continuous,Haryana,Gurugram,T30,36-45,Male,23.1,Verified
INV004533,2024-05-26,2025-04-21,7,125539,118.0,55.0,At Risk,Gujarat,Ahmedabad,T30,36-45,Male,51.5,Verified
INV004534,2024-01-13,2024-11-06,5,33512,118.0,74.5,At Risk,Maharashtra,Nashik,B30,26-35,Male,8.8,Verified
INV004535,2024-02-06,2025-04-27,2,43363,446.0,446.0,At Risk,Gujarat,Surat,T30,26-35,Female,19.2,Verified
INV004536,2024-03-13,2024-03-13,1,5635,0.0,0.0,Continuous,Telangana,Hyderabad,T30,26-35,Female,6.3,Verified
INV004537,2024-11-13,2025-01-21,2,8664,69.0,69.0,At Risk,Delhi,New Delhi,T30,18-25,Female,5.9,Verified
INV004538,2024-06-03,2024-06-03,1,3436,0.0,0.0,Continuous,Telangana,Hyderabad,T30,26-35,Male,23.3,Verified
INV004539,2024-06-24,2024-06-24,1,2538,0.0,0.0,Continuous,Haryana,Faridabad,B30,26-35,Male,18.0,Verified
INV004540,2024-06-26,2024-11-06,4,58168,84.0,44.33,At Risk,Punjab,Chandigarh,T30,36-45,Male,48.9,Verified
INV004541,2024-03-24,2024-03-24,1,2645,0.0,0.0,Continuous,Madhya Pradesh,Indore,T30,26-35,Female,9.6,Verified
INV004542,2024-02-14,2024-09-05,7,59894,59.0,34.0,At Risk,Maharashtra,Pune,T30,36-45,Male,53.7,Verified
INV004543,2024-07-31,2025-03-13,2,3680,225.0,225.0,At Risk,Karnataka,Mysore,B30,36-45,Female,50.1,Verified
INV004544,2024-01-23,2024-08-14,4,60547,110.0,68.0,At Risk,Maharashtra,Mumbai,T30,36-45,Male,52.1,Verified
INV004545,2024-02-05,2024-07-27,4,66734,94.0,57.67,At Risk,Madhya Pradesh,Indore,T30,26-35,Male,12.8,Verified
INV004546,2024-01-26,2025-03-13,4,51095,180.0,137.33,At Risk,Karnataka,Mysore,B30,36-45,Male,28.4,Verified
INV004547,2024-04-04,2025-05-14,7,31048,165.0,67.5,At Risk,Madhya Pradesh,Bhopal,B30,36-45,Female,42.8,Pending
INV004548,2024-01-14,2025-05-14,4,119340,290.0,162.0,At Risk,Delhi,Noida,T30,36-45,Female,58.1,Verified
INV004549,2024-01-15,2024-12-19,5,66924,163.0,84.75,At Risk,Tamil Nadu,Chennai,T30,36-45,Male,40.7,Verified
INV004551,2024-08-29,2025-02-01,4,53753,113.0,52.0,At Risk,Maharashtra,Nashik,B30,18-25,Male,6.0,Verified
INV004552,2024-12-29,2024-12-29,1,16646,0.0,0.0,Continuous,Telangana,Hyderabad,T30,36-45,Female,42.8,Verified
INV004553,2024-02-04,2024-12-29,5,86069,207.0,82.25,At Risk,Tamil Nadu,Coimbatore,B30,26-35,Male,13.7,Verified
INV004555,2024-04-26,2025-05-03,8,111824,151.0,53.14,At Risk,Uttar Pradesh,Lucknow,T30,36-45,Female,24.4,Verified
INV004556,2024-04-29,2024-04-29,1,20952,0.0,0.0,Continuous,Punjab,Amritsar,B30,26-35,Male,18.6,Verified
INV004557,2024-03-09,2025-05-15,5,203164,172.0,108.0,At Risk,Maharashtra,Nashik,B30,26-35,Male,8.0,Verified
INV004558,2024-05-01,2025-02-16,2,8335,291.0,291.0,At Risk,Rajasthan,Jaipur,T30,36-45,Male,56.3,Verified
INV004560,2024-02-26,2025-03-19,9,83591,107.0,48.38,At Risk,Tamil Nadu,Coimbatore,B30,36-45,Male,42.7,Verified
INV004561,2024-01-20,2025-01-27,3,11520,360.0,186.5,At Risk,Haryana,Faridabad,B30,26-35,Male,18.8,Verified
INV004562,2024-01-03,2025-02-25,6,22466,158.0,83.8,At Risk,Telangana,Hyderabad,T30,26-35,Female,19.0,Pending
INV004563,2024-04-23,2025-05-17,7,31702,211.0,64.83,At Risk,Gujarat,Surat,T30,46-55,Female,32.2,Verified
INV004564,2024-05-26,2024-05-26,1,1139,0.0,0.0,Continuous,Karnataka,Mysore,B30,26-35,Male,7.6,Verified
INV004565,2024-01-21,2025-05-02,3,9779,293.0,233.5,At Risk,Gujarat,Surat,T30,26-35,Male,9.2,Verified
INV004566,2024-11-09,2025-04-26,3,59916,86.0,84.0,At Risk,Punjab,Chandigarh,T30,26-35,Male,20.1,Pending
INV004567,2024-01-02,2025-04-04,5,46703,309.0,114.5,At Risk,Telangana,Hyderabad,T30,56+,Male,75.0,Verified
INV004568,2024-09-18,2025-05-12,4,92117,133.0,78.67,At Risk,Karnataka,Mysore,B30,18-25,Male,7.3,Verified
INV004569,2024-03-11,2024-03-11,1,850,0.0,0.0,Continuous,Tamil Nadu,Coimbatore,B30,36-45,Male,47.3,Verified
INV004570,2024-08-13,2024-08-13,1,2370,0.0,0.0,Continuous,Uttar Pradesh,Kanpur,B30,56+,Male,20.7,Verified
INV004572,2024-08-27,2024-08-27,1,16694,0.0,0.0,Continuous,Tamil Nadu,Coimbatore,B30,46-55,Female,79.2,Verified
INV004573,2024-06-02,2024-12-28,4,19779,104.0,69.67,At Risk,Madhya Pradesh,Indore,T30,36-45,Female,36.8,Verified
INV004574,2024-03-23,2025-04-09,8,74831,116.0,54.57,At Risk,Maharashtra,Mumbai,T30,36-45,Male,54.3,Verified
INV004575,2024-11-20,2025-03-26,2,4747,126.0,126.0,At Risk,West Bengal,Kolkata,T30,26-35,Male,9.0,Verified
INV004576,2024-04-27,2025-03-08,6,20595,132.0,63.0,At Risk,Rajasthan,Jaipur,T30,46-55,Male,54.5,Verified
INV004577,2024-10-25,2024-10-25,1,58369,0.0,0.0,Continuous,Rajasthan,Jaipur,T30,56+,Male,56.9,Verified
INV004578,2024-10-20,2025-02-19,4,31502,61.0,40.67,At Risk,Haryana,Gurugram,T30,26-35,Male,21.0,Verified
INV004579,2024-03-24,2025-01-25,8,26842,77.0,43.86,At Risk,Rajasthan,Jaipur,T30,26-35,Male,18.7,Verified
INV004580,2024-11-03,2024-11-03,1,5856,0.0,0.0,Continuous,Rajasthan,Jaipur,T30,18-25,Male,6.2,Verified
INV004581,2024-01-03,2025-05-22,8,22116,234.0,72.14,At Risk,Gujarat,Surat,T30,26-35,Male,14.7,Pending
INV004582,2024-03-26,2025-05-21,4,12666,248.0,140.33,At Risk,Tamil Nadu,Chennai,T30,56+,Male,67.1,Verified
INV004583,2024-02-19,2025-03-05,2,13468,380.0,380.0,At Risk,Maharashtra,Nashik,B30,26-35,Male,13.9,Pending
INV004584,2024-10-03,2025-05-12,4,21588,148.0,73.67,At Risk,Uttar Pradesh,Kanpur,B30,56+,Male,47.5,Verified
INV004585,2024-08-01,2025-04-04,4,10534,120.0,82.0,At Risk,Punjab,Amritsar,B30,18-25,Female,4.5,Verified
INV004586,2024-08-22,2024-08-22,1,2802,0.0,0.0,Continuous,Telangana,Hyderabad,T30,18-25,Male,4.4,Verified
INV004587,2025-03-11,2025-03-11,1,2661,0.0,0.0,Continuous,Uttar Pradesh,Kanpur,B30,18-25,Male,4.0,Verified
INV004588,2024-11-07,2024-11-07,1,7254,0.0,0.0,Continuous,West Bengal,Kolkata,T30,46-55,Female,16.2,Verified
INV004589,2024-01-28,2025-01-19,6,114379,225.0,71.4,At Risk,Gujarat,Ahmedabad,T30,36-45,Male,14.4,Verified
INV004590,2024-01-27,2024-01-27,1,3251,0.0,0.0,Continuous,Rajasthan,Jaipur,T30,36-45,Male,22.7,Verified
INV004591,2025-01-01,2025-01-14,2,4538,13.0,13.0,Continuous,Tamil Nadu,Chennai,T30,26-35,Male,7.8,Verified
INV004592,2024-03-22,2025-01-24,5,128274,162.0,77.0,At Risk,Maharashtra,Pune,T30,36-45,Male,56.6,Verified
INV004593,2024-02-24,2025-04-28,5,81028,202.0,107.25,At Risk,Punjab,Amritsar,B30,26-35,Male,13.7,Verified
INV004594,2024-03-08,2025-04-26,8,84370,122.0,59.14,At Risk,Haryana,Gurugram,T30,26-35,Female,9.8,Verified
INV004595,2024-06-04,2025-02-19,5,56420,150.0,65.0,At Risk,Rajasthan,Udaipur,B30,36-45,Male,24.0,Verified
INV004596,2025-01-09,2025-01-09,1,434,0.0,0.0,Continuous,Rajasthan,Udaipur,B30,26-35,Male,22.8,Verified
INV004597,2024-11-01,2024-11-01,1,11959,0.0,0.0,Continuous,West Bengal,Kolkata,T30,26-35,Female,18.3,Verified
INV004598,2024-02-05,2025-04-01,6,57630,195.0,84.2,At Risk,Tamil Nadu,Chennai,T30,46-55,Male,60.5,Verified
INV004599,2025-02-11,2025-02-11,1,7709,0.0,0.0,Continuous,West Bengal,Kolkata,T30,36-45,Male,22.8,Verified
INV004600,2024-03-11,2025-05-08,3,11565,222.0,211.5,At Risk,West Bengal,Kolkata,T30,46-55,Female,35.5,Verified
INV004602,2024-01-04,2025-04-25,9,105254,242.0,59.62,At Risk,Delhi,Noida,T30,26-35,Female,9.4,Verified
INV004603,2025-03-30,2025-03-30,1,12698,0.0,0.0,Continuous,Madhya Pradesh,Indore,T30,36-45,Male,35.4,Verified
INV004604,2024-06-05,2025-03-11,5,36401,197.0,69.75,At Risk,Haryana,Gurugram,T30,46-55,Male,74.6,Verified
INV004605,2025-03-02,2025-03-02,1,2831,0.0,0.0,Continuous,Maharashtra,Nashik,B30,36-45,Male,17.8,Verified
INV004606,2024-06-25,2025-03-04,4,67532,118.0,84.0,At Risk,Gujarat,Surat,T30,36-45,Male,57.2,Verified
INV004607,2024-03-06,2025-04-02,8,50699,214.0,56.0,At Risk,Telangana,Hyderabad,T30,26-35,Female,7.0,Verified
INV004608,2024-02-04,2025-02-23,8,54558,96.0,55.0,At Risk,Karnataka,Bangalore,T30,26-35,Female,23.3,Verified
INV004609,2024-01-08,2025-02-20,4,23107,220.0,136.33,At Risk,Karnataka,Bangalore,T30,26-35,Female,10.3,Verified
INV004610,2025-01-25,2025-01-25,1,26709,0.0,0.0,Continuous,Telangana,Hyderabad,T30,26-35,Female,19.9,Verified
INV004611,2024-02-11,2024-12-14,7,141572,217.0,51.17,At Risk,Madhya Pradesh,Bhopal,B30,18-25,Female,6.1,Verified
INV004612,2024-10-22,2024-10-22,1,898,0.0,0.0,Continuous,Tamil Nadu,Coimbatore,B30,26-35,Female,8.6,Verified
INV004614,2024-03-09,2025-04-11,6,64197,117.0,79.6,At Risk,Delhi,New Delhi,T30,18-25,Male,7.7,Verified
INV004615,2024-04-26,2025-05-14,2,1579,383.0,383.0,At Risk,Delhi,Gurugram,T30,26-35,Male,7.4,Verified
INV004616,2024-07-04,2025-05-15,5,117695,158.0,78.75,At Risk,West Bengal,Kolkata,T30,26-35,Female,18.1,Verified
INV004617,2024-02-02,2024-12-12,9,110799,83.0,39.25,At Risk,Karnataka,Bangalore,T30,26-35,Male,22.1,Pending
INV004618,2024-06-27,2024-06-27,1,573,0.0,0.0,Continuous,Gujarat,Ahmedabad,T30,18-25,Male,6.7,Verified
INV004619,2024-03-20,2024-08-04,4,86328,77.0,45.67,At Risk,Gujarat,Ahmedabad,T30,46-55,Male,47.9,Verified
INV004620,2024-02-18,2024-09-01,2,3860,196.0,196.0,At Risk,Maharashtra,Pune,T30,36-45,Male,58.6,Verified
INV004621,2024-01-13,2025-03-22,9,102050,203.0,54.25,At Risk,Punjab,Amritsar,B30,36-45,Female,16.9,Verified
INV004622,2024-02-09,2025-05-25,3,22443,412.0,235.5,At Risk,Delhi,New Delhi,T30,36-45,Male,48.8,Verified
INV004623,2024-06-11,2024-12-01,3,77801,127.0,86.5,At Risk,Madhya Pradesh,Indore,T30,46-55,Female,44.9,Verified
INV004624,2024-05-11,2024-05-11,1,2564,0.0,0.0,Continuous,Maharashtra,Pune,T30,26-35,Male,17.2,Pending
INV004625,2024-02-03,2025-05-30,6,78521,246.0,96.4,At Risk,Tamil Nadu,Coimbatore,B30,18-25,Male,6.6,Verified
INV004626,2024-04-17,2025-04-13,3,21371,329.0,180.5,At Risk,Telangana,Hyderabad,T30,18-25,Female,5.5,Verified
INV004627,2024-03-03,2025-03-24,5,32900,182.0,96.5,At Risk,West Bengal,Kolkata,T30,36-45,Male,47.7,Verified
INV004628,2025-04-07,2025-04-07,1,3259,0.0,0.0,Continuous,Madhya Pradesh,Bhopal,B30,36-45,Male,27.2,Verified
INV004629,2024-01-19,2025-04-15,8,146298,175.0,64.57,At Risk,Karnataka,Bangalore,T30,18-25,Female,4.9,Verified
INV004630,2024-01-17,2025-02-25,9,110756,95.0,50.62,At Risk,Madhya Pradesh,Bhopal,B30,26-35,Female,6.3,Verified
INV004631,2024-02-10,2025-05-08,8,69846,109.0,64.71,At Risk,Tamil Nadu,Chennai,T30,36-45,Female,20.2,Verified
INV004632,2024-01-13,2024-12-08,4,25311,193.0,110.0,At Risk,Punjab,Chandigarh,T30,26-35,Male,18.0,Verified
INV004633,2024-01-30,2025-05-13,7,67555,189.0,78.17,At Risk,Telangana,Hyderabad,T30,18-25,Female,4.9,Verified
INV004634,2024-01-23,2024-11-04,4,38522,256.0,95.33,At Risk,Tamil Nadu,Chennai,T30,26-35,Male,15.1,Verified
INV004635,2024-03-07,2025-02-22,7,85919,142.0,58.67,At Risk,Punjab,Chandigarh,T30,18-25,Male,4.4,Verified
INV004636,2024-02-26,2025-03-10,6,130293,160.0,75.6,At Risk,Uttar Pradesh,Kanpur,B30,18-25,Female,5.0,Verified
INV004637,2024-01-29,2025-02-26,3,67734,201.0,197.0,At Risk,Gujarat,Surat,T30,18-25,Male,6.8,Verified
INV004638,2024-04-23,2025-03-15,7,62637,110.0,54.33,At Risk,Delhi,New Delhi,T30,26-35,Male,6.3,Verified
INV004639,2024-11-08,2025-01-07,3,15017,51.0,30.0,At Risk,Rajasthan,Jaipur,T30,18-25,Female,6.0,Verified
INV004640,2024-03-26,2025-05-10,7,41628,202.0,68.33,At Risk,Telangana,Hyderabad,T30,36-45,Male,46.5,Verified
INV004641,2024-02-13,2025-01-17,6,64235,105.0,67.8,At Risk,Haryana,Faridabad,B30,56+,Male,42.4,Verified
INV004642,2024-02-23,2024-11-23,6,80404,232.0,54.8,At Risk,Uttar Pradesh,Kanpur,B30,46-55,Male,31.9,Verified
INV004643,2024-02-09,2024-10-19,6,119017,101.0,50.6,At Risk,Delhi,Noida,T30,26-35,Female,12.4,Verified
INV004644,2024-09-07,2024-09-15,2,29174,8.0,8.0,Continuous,Maharashtra,Nashik,B30,36-45,Male,21.7,Verified
INV004645,2024-04-30,2025-02-21,2,18180,297.0,297.0,At Risk,Telangana,Hyderabad,T30,26-35,Female,10.9,Verified
INV004646,2024-04-03,2025-04-25,7,73768,158.0,64.5,At Risk,Madhya Pradesh,Indore,T30,18-25,Female,5.5,Verified
INV004647,2024-01-23,2025-03-22,7,39400,138.0,70.67,At Risk,Madhya Pradesh,Indore,T30,36-45,Female,25.3,Verified
INV004648,2024-01-01,2024-08-26,4,66952,95.0,79.33,At Risk,Maharashtra,Pune,T30,36-45,Male,54.3,Pending
INV004649,2025-03-31,2025-03-31,1,50516,0.0,0.0,Continuous,Karnataka,Bangalore,T30,36-45,Male,48.4,Verified
INV004650,2024-02-06,2025-03-16,6,52840,143.0,80.8,At Risk,Punjab,Chandigarh,T30,56+,Male,28.2,Verified
INV004651,2024-05-09,2024-10-11,5,27945,103.0,38.75,At Risk,Rajasthan,Udaipur,B30,46-55,Male,39.1,Verified
INV004652,2024-01-28,2024-02-16,2,12279,19.0,19.0,Continuous,Gujarat,Surat,T30,56+,Male,42.9,Verified
INV004653,2024-05-14,2025-04-18,3,74238,318.0,169.5,At Risk,Rajasthan,Jaipur,T30,46-55,Female,32.2,Verified
INV004654,2024-03-29,2025-05-21,5,91970,170.0,104.5,At Risk,Haryana,Gurugram,T30,46-55,Female,95.0,Verified
INV004655,2024-02-15,2025-02-11,4,48917,175.0,120.67,At Risk,Telangana,Hyderabad,T30,36-45,Male,19.7,Verified
INV004656,2024-01-18,2025-04-29,3,13728,316.0,233.5,At Risk,Haryana,Gurugram,T30,18-25,Male,4.7,Verified
INV004657,2025-01-08,2025-01-08,1,7624,0.0,0.0,Continuous,Madhya Pradesh,Indore,T30,26-35,Female,23.0,Verified
INV004659,2024-02-07,2024-08-22,4,17961,105.0,65.67,At Risk,West Bengal,Kolkata,T30,18-25,Female,3.3,Verified
INV004660,2024-07-04,2025-05-03,3,7549,232.0,151.5,At Risk,Uttar Pradesh,Agra,B30,18-25,Male,4.9,Pending
INV004661,2024-01-21,2025-05-23,8,73293,181.0,69.71,At Risk,Maharashtra,Nashik,B30,26-35,Male,9.8,Verified
INV004662,2024-04-24,2024-04-24,1,3403,0.0,0.0,Continuous,Gujarat,Surat,T30,56+,Male,78.9,Verified
INV004663,2025-05-23,2025-05-23,1,43622,0.0,0.0,Continuous,Punjab,Amritsar,B30,26-35,Male,24.8,Verified
INV004664,2024-04-06,2025-04-18,3,42923,289.0,188.5,At Risk,Karnataka,Bangalore,T30,26-35,Male,18.6,Verified
INV004665,2024-02-29,2025-04-21,6,28833,137.0,83.4,At Risk,Madhya Pradesh,Bhopal,B30,36-45,Male,17.1,Verified
INV004666,2024-02-11,2024-02-11,1,3043,0.0,0.0,Continuous,Rajasthan,Jaipur,T30,26-35,Male,24.1,Verified
INV004667,2024-04-20,2024-08-04,2,2180,106.0,106.0,At Risk,Maharashtra,Pune,T30,26-35,Male,16.9,Verified
INV004668,2024-09-17,2025-04-26,2,13430,221.0,221.0,At Risk,Gujarat,Ahmedabad,T30,26-35,Male,6.4,Verified
INV004669,2024-10-08,2024-12-21,4,39309,48.0,24.67,At Risk,Punjab,Chandigarh,T30,26-35,Male,8.6,Pending
INV004670,2025-02-03,2025-02-03,1,27277,0.0,0.0,Continuous,Uttar Pradesh,Kanpur,B30,46-55,Male,74.7,Verified
INV004672,2024-01-21,2025-03-28,7,96541,127.0,72.0,At Risk,Rajasthan,Jaipur,T30,26-35,Male,23.9,Pending
INV004673,2024-04-07,2024-12-26,4,88603,127.0,87.67,At Risk,Maharashtra,Pune,T30,36-45,Female,39.7,Verified
INV004674,2024-12-15,2024-12-20,2,14953,5.0,5.0,Continuous,Madhya Pradesh,Bhopal,B30,56+,Male,76.8,Pending
INV004675,2024-07-21,2024-07-21,1,515,0.0,0.0,Continuous,Maharashtra,Mumbai,T30,18-25,Male,5.1,Verified
INV004676,2024-07-06,2025-03-18,2,24610,255.0,255.0,At Risk,Gujarat,Ahmedabad,T30,56+,Male,23.9,Verified
INV004677,2024-01-18,2024-12-24,4,86757,255.0,113.67,At Risk,Punjab,Amritsar,B30,26-35,Male,6.2,Pending
INV004678,2024-05-31,2025-05-29,4,17492,267.0,121.0,At Risk,West Bengal,Kolkata,T30,36-45,Female,15.3,Verified
INV004679,2024-03-08,2025-05-22,5,129804,237.0,110.0,At Risk,Madhya Pradesh,Indore,T30,18-25,Female,4.0,Verified
INV004680,2024-07-07,2025-04-16,7,22796,155.0,47.17,At Risk,Punjab,Chandigarh,T30,36-45,Male,26.8,Verified
INV004681,2024-03-13,2024-03-20,2,9874,7.0,7.0,Continuous,Haryana,Faridabad,B30,26-35,Female,19.0,Verified
INV004682,2024-01-04,2024-12-07,9,189171,105.0,42.25,At Risk,Telangana,Hyderabad,T30,26-35,Female,8.7,Verified
INV004683,2024-01-28,2024-10-07,2,33711,253.0,253.0,At Risk,Madhya Pradesh,Indore,T30,26-35,Male,14.4,Verified
INV004684,2024-01-20,2025-02-25,3,47338,263.0,201.0,At Risk,Tamil Nadu,Chennai,T30,26-35,Male,22.0,Verified
INV004685,2025-04-22,2025-04-22,1,544,0.0,0.0,Continuous,Haryana,Faridabad,B30,56+,Female,24.5,Verified
INV004686,2025-04-09,2025-04-09,1,29197,0.0,0.0,Continuous,Punjab,Amritsar,B30,36-45,Female,37.2,Verified
INV004687,2024-06-28,2025-05-04,4,11184,175.0,103.33,At Risk,Madhya Pradesh,Bhopal,B30,36-45,Female,15.1,Verified
INV004688,2024-01-21,2025-02-12,6,25122,181.0,77.6,At Risk,West Bengal,Kolkata,T30,26-35,Male,20.7,Verified
INV004689,2024-06-24,2025-03-09,3,21188,216.0,129.0,At Risk,West Bengal,Kolkata,T30,26-35,Male,25.0,Verified
INV004690,2024-10-22,2024-10-22,1,2666,0.0,0.0,Continuous,Telangana,Hyderabad,T30,26-35,Female,16.2,Verified
INV004691,2024-10-15,2024-10-15,1,3484,0.0,0.0,Continuous,Delhi,Noida,T30,26-35,Male,14.5,Pending
INV004692,2024-01-22,2025-03-15,6,68610,190.0,83.6,At Risk,Madhya Pradesh,Bhopal,B30,26-35,Male,11.6,Verified
INV004693,2024-04-29,2024-12-21,5,25293,161.0,59.0,At Risk,Maharashtra,Nashik,B30,36-45,Male,44.9,Verified
INV004694,2024-02-13,2025-04-27,5,44924,300.0,109.75,At Risk,Gujarat,Surat,T30,26-35,Male,9.9,Verified
INV004695,2024-02-11,2025-05-28,5,39951,287.0,118.0,At Risk,Gujarat,Ahmedabad,T30,26-35,Female,14.3,Verified
INV004696,2024-02-19,2024-03-26,4,51328,20.0,12.0,Continuous,Tamil Nadu,Coimbatore,B30,46-55,Female,70.2,Verified
INV004697,2025-05-28,2025-05-28,1,8313,0.0,0.0,Continuous,Uttar Pradesh,Lucknow,T30,18-25,Female,5.7,Verified
INV004698,2024-04-10,2025-05-19,3,34245,365.0,202.0,At Risk,Gujarat,Surat,T30,36-45,Female,39.2,Verified
INV004699,2024-04-26,2025-03-24,4,53666,213.0,110.67,At Risk,Delhi,Gurugram,T30,46-55,Female,69.7,Verified
INV004700,2024-05-28,2025-01-16,3,29874,231.0,116.5,At Risk,Gujarat,Ahmedabad,T30,26-35,Male,15.9,Verified
INV004701,2024-01-31,2024-05-30,7,40757,82.0,20.0,At Risk,Haryana,Gurugram,T30,26-35,Male,7.3,Verified
INV004702,2024-04-29,2024-11-25,3,66422,170.0,105.0,At Risk,Maharashtra,Nashik,B30,26-35,Male,23.3,Verified
INV004703,2024-02-07,2024-09-22,2,5827,228.0,228.0,At Risk,Gujarat,Ahmedabad,T30,56+,Female,45.6,Verified
INV004704,2024-01-17,2025-04-30,6,86091,141.0,93.8,At Risk,Delhi,New Delhi,T30,26-35,Male,23.1,Verified
INV004705,2024-12-17,2024-12-17,1,2668,0.0,0.0,Continuous,West Bengal,Kolkata,T30,26-35,Male,21.5,Verified
INV004707,2025-03-07,2025-03-07,1,2783,0.0,0.0,Continuous,Tamil Nadu,Coimbatore,B30,36-45,Female,55.6,Verified
INV004709,2024-05-15,2024-12-19,4,20584,164.0,72.67,At Risk,Haryana,Gurugram,T30,36-45,Male,59.1,Verified
INV004710,2024-09-19,2024-09-19,1,24587,0.0,0.0,Continuous,Delhi,Gurugram,T30,36-45,Male,41.1,Verified
INV004711,2024-03-05,2025-01-23,5,19437,222.0,81.0,At Risk,Rajasthan,Udaipur,B30,56+,Male,70.9,Verified
INV004712,2024-03-18,2025-02-21,8,119402,84.0,48.57,At Risk,Uttar Pradesh,Kanpur,B30,36-45,Male,55.7,Verified
INV004713,2024-12-11,2024-12-11,1,8177,0.0,0.0,Continuous,West Bengal,Kolkata,T30,36-45,Female,50.6,Verified
INV004715,2024-06-22,2025-05-29,7,95968,169.0,56.83,At Risk,Tamil Nadu,Chennai,T30,46-55,Male,56.9,Verified
INV004716,2024-03-10,2025-05-28,7,67590,197.0,74.0,At Risk,Telangana,Hyderabad,T30,18-25,Male,5.4,Verified
INV004717,2025-02-19,2025-05-19,2,2718,89.0,89.0,At Risk,Maharashtra,Nashik,B30,36-45,Female,12.6,Verified
INV004718,2024-01-18,2024-06-12,2,25664,146.0,146.0,At Risk,Delhi,New Delhi,T30,56+,Male,52.4,Verified
INV004719,2024-01-11,2024-07-22,5,42334,90.0,48.25,At Risk,Haryana,Gurugram,T30,46-55,Male,86.8,Verified
INV004720,2024-05-06,2025-03-02,4,30168,164.0,100.0,At Risk,Gujarat,Surat,T30,46-55,Female,95.7,Pending
INV004721,2024-04-19,2025-05-03,2,10958,379.0,379.0,At Risk,Delhi,New Delhi,T30,26-35,Female,18.9,Verified
INV004722,2024-02-20,2025-03-26,3,6651,214.0,200.0,At Risk,Haryana,Faridabad,B30,36-45,Female,29.7,Verified
INV004723,2024-04-02,2024-10-17,2,13215,198.0,198.0,At Risk,Gujarat,Surat,T30,26-35,Male,23.0,Verified
INV004724,2024-08-01,2024-11-07,3,11900,85.0,49.0,At Risk,Telangana,Hyderabad,T30,26-35,Male,24.1,Verified
INV004725,2024-01-19,2024-09-17,3,18338,122.0,121.0,At Risk,Gujarat,Ahmedabad,T30,18-25,Male,4.7,Verified
INV004727,2024-04-22,2024-11-11,2,11936,203.0,203.0,At Risk,Madhya Pradesh,Indore,T30,36-45,Male,58.8,Verified
INV004728,2024-07-17,2024-08-14,2,3649,28.0,28.0,Continuous,Maharashtra,Pune,T30,46-55,Female,22.0,Verified
INV004730,2024-07-20,2025-01-27,2,6876,191.0,191.0,At Risk,Maharashtra,Mumbai,T30,36-45,Male,32.6,Verified
INV004731,2024-05-11,2024-10-09,3,63349,135.0,75.5,At Risk,Punjab,Amritsar,B30,26-35,Male,17.6,Verified
INV004733,2024-01-03,2024-11-11,5,59210,191.0,78.25,At Risk,Telangana,Hyderabad,T30,18-25,Male,5.4,Pending
INV004734,2024-08-15,2025-05-01,4,76030,241.0,86.33,At Risk,Uttar Pradesh,Kanpur,B30,36-45,Male,32.4,Verified
INV004735,2024-02-01,2024-07-26,3,30803,98.0,88.0,At Risk,Uttar Pradesh,Kanpur,B30,36-45,Male,19.2,Verified
INV004736,2024-03-13,2024-08-10,3,33054,147.0,75.0,At Risk,Tamil Nadu,Chennai,T30,36-45,Male,19.7,Verified
INV004737,2024-01-20,2025-05-25,10,96021,120.0,54.56,At Risk,Madhya Pradesh,Indore,T30,46-55,Male,98.4,Pending
INV004738,2024-01-25,2025-05-05,6,47110,148.0,93.2,At Risk,Uttar Pradesh,Kanpur,B30,56+,Female,52.6,Verified
INV004739,2024-02-20,2025-05-06,5,112205,339.0,110.25,At Risk,Delhi,Gurugram,T30,18-25,Male,3.2,Verified
INV004740,2024-01-28,2024-10-30,3,7782,262.0,138.0,At Risk,Tamil Nadu,Chennai,T30,56+,Male,43.4,Verified
INV004741,2024-01-29,2025-04-07,7,75811,157.0,72.33,At Risk,Telangana,Hyderabad,T30,26-35,Female,24.9,Verified
INV004742,2024-03-19,2024-11-10,3,24926,209.0,118.0,At Risk,Punjab,Chandigarh,T30,26-35,Male,16.2,Verified
INV004743,2024-01-05,2024-01-05,1,15224,0.0,0.0,Continuous,Maharashtra,Nashik,B30,36-45,Male,18.7,Verified
INV004744,2024-07-01,2025-01-25,3,75272,192.0,104.0,At Risk,Telangana,Hyderabad,T30,26-35,Female,16.0,Verified
INV004745,2024-02-06,2024-11-11,2,2796,279.0,279.0,At Risk,West Bengal,Kolkata,T30,18-25,Male,5.2,Verified
INV004746,2024-02-14,2024-02-14,1,5760,0.0,0.0,Continuous,Telangana,Hyderabad,T30,18-25,Male,6.0,Verified
INV004747,2024-02-16,2025-05-25,5,58552,151.0,116.0,At Risk,Punjab,Amritsar,B30,36-45,Male,23.4,Verified
INV004748,2024-02-27,2024-11-30,5,47689,123.0,69.25,At Risk,Delhi,Noida,T30,26-35,Male,12.6,Verified
INV004749,2024-01-11,2024-03-31,2,5970,80.0,80.0,At Risk,Karnataka,Bangalore,T30,56+,Male,45.5,Verified
INV004750,2024-01-18,2025-02-26,3,10022,375.0,202.5,At Risk,Madhya Pradesh,Bhopal,B30,26-35,Female,13.9,Verified
INV004751,2024-02-17,2024-11-16,3,41599,155.0,136.5,At Risk,Maharashtra,Pune,T30,36-45,Female,15.6,Pending
INV004752,2024-11-25,2025-05-24,5,26676,137.0,45.0,At Risk,Delhi,Gurugram,T30,36-45,Female,14.9,Verified
INV004753,2024-07-01,2025-05-04,6,55874,87.0,61.4,At Risk,Karnataka,Mysore,B30,36-45,Female,18.4,Verified
INV004754,2024-01-07,2024-12-22,5,21417,195.0,87.5,At Risk,Telangana,Hyderabad,T30,36-45,Female,51.5,Verified
INV004755,2024-04-19,2025-04-21,7,46605,181.0,61.17,At Risk,Uttar Pradesh,Agra,B30,18-25,Female,6.5,Verified
INV004756,2024-01-26,2025-02-11,5,66167,149.0,95.5,At Risk,Gujarat,Surat,T30,46-55,Male,41.1,Verified
INV004757,2025-01-10,2025-01-10,1,1189,0.0,0.0,Continuous,Gujarat,Ahmedabad,T30,26-35,Female,18.5,Verified
INV004758,2024-05-07,2025-05-15,3,8847,369.0,186.5,At Risk,Punjab,Amritsar,B30,18-25,Female,4.4,Verified
INV004759,2024-01-22,2025-01-22,3,9642,196.0,183.0,At Risk,Gujarat,Ahmedabad,T30,36-45,Female,13.8,Verified
INV004760,2024-10-14,2025-02-17,2,3308,126.0,126.0,At Risk,Uttar Pradesh,Lucknow,T30,18-25,Male,4.8,Verified
INV004761,2024-01-13,2025-01-04,6,42001,139.0,71.4,At Risk,Madhya Pradesh,Indore,T30,26-35,Male,21.4,Verified
INV004762,2024-12-02,2024-12-02,1,1177,0.0,0.0,Continuous,Rajasthan,Jaipur,T30,46-55,Male,37.2,Verified
INV004763,2024-01-10,2025-05-25,7,49983,184.0,83.5,At Risk,Karnataka,Bangalore,T30,46-55,Female,19.6,Verified
INV004764,2024-03-13,2025-05-02,6,35426,144.0,83.0,At Risk,Punjab,Amritsar,B30,46-55,Female,79.4,Verified
INV004765,2024-09-22,2024-11-01,2,10820,40.0,40.0,At Risk,Haryana,Gurugram,T30,26-35,Male,10.4,Verified
INV004766,2024-01-28,2024-01-28,1,801,0.0,0.0,Continuous,Haryana,Gurugram,T30,56+,Male,29.3,Verified
INV004767,2024-01-31,2024-09-18,3,19763,158.0,115.5,At Risk,Uttar Pradesh,Kanpur,B30,26-35,Female,12.7,Verified
INV004768,2024-09-02,2024-09-02,1,2134,0.0,0.0,Continuous,Delhi,Noida,T30,46-55,Female,98.4,Verified
INV004769,2024-04-10,2025-05-18,5,19288,199.0,100.75,At Risk,Punjab,Amritsar,B30,46-55,Female,25.3,Verified
INV004770,2024-01-04,2025-05-28,8,133901,146.0,72.86,At Risk,Gujarat,Surat,T30,18-25,Female,5.2,Verified
INV004771,2024-02-18,2025-05-17,5,40891,304.0,113.5,At Risk,Tamil Nadu,Coimbatore,B30,18-25,Male,6.6,Verified
INV004772,2024-08-24,2025-02-17,2,23666,177.0,177.0,At Risk,Gujarat,Ahmedabad,T30,46-55,Male,26.1,Verified
INV004773,2024-04-19,2024-04-19,1,476,0.0,0.0,Continuous,Telangana,Hyderabad,T30,36-45,Male,46.0,Pending
INV004774,2024-08-07,2025-03-10,3,73256,147.0,107.5,At Risk,Tamil Nadu,Coimbatore,B30,36-45,Male,21.8,Verified
INV004775,2024-01-10,2025-05-03,3,31651,259.0,239.5,At Risk,Maharashtra,Mumbai,T30,18-25,Male,4.3,Verified
INV004776,2024-02-11,2025-05-15,9,81198,145.0,57.38,At Risk,Punjab,Chandigarh,T30,36-45,Male,22.9,Verified
INV004777,2025-05-09,2025-05-09,1,27951,0.0,0.0,Continuous,Karnataka,Bangalore,T30,18-25,Male,7.7,Verified
INV004778,2024-07-13,2024-07-13,1,11679,0.0,0.0,Continuous,Telangana,Hyderabad,T30,26-35,Female,14.4,Verified
INV004779,2024-03-21,2024-03-21,1,3025,0.0,0.0,Continuous,West Bengal,Kolkata,T30,36-45,Female,41.0,Verified
INV004780,2024-02-21,2025-04-13,7,69763,154.0,69.5,At Risk,Haryana,Gurugram,T30,36-45,Male,42.4,Verified
INV004781,2024-02-28,2024-09-03,3,43469,140.0,94.0,At Risk,Haryana,Faridabad,B30,18-25,Female,5.7,Verified
INV004782,2024-07-25,2024-07-25,1,6625,0.0,0.0,Continuous,Delhi,Gurugram,T30,26-35,Male,12.1,Verified
INV004783,2024-12-28,2024-12-28,1,2565,0.0,0.0,Continuous,Tamil Nadu,Coimbatore,B30,36-45,Male,39.0,Pending
INV004784,2024-05-11,2025-03-20,4,18687,202.0,104.33,At Risk,Uttar Pradesh,Lucknow,T30,26-35,Female,15.8,Verified
INV004785,2024-03-02,2025-04-03,7,54819,248.0,66.17,At Risk,Punjab,Amritsar,B30,26-35,Female,14.5,Verified
INV004786,2024-01-26,2025-05-17,5,20561,211.0,119.25,At Risk,Rajasthan,Udaipur,B30,26-35,Male,10.3,Verified
INV004787,2024-03-19,2025-05-27,7,59162,140.0,72.33,At Risk,Haryana,Faridabad,B30,26-35,Male,8.2,Verified
INV004788,2024-08-22,2024-11-29,2,20095,99.0,99.0,At Risk,Punjab,Amritsar,B30,18-25,Male,5.0,Verified
INV004790,2024-01-13,2024-10-21,4,16484,225.0,94.0,At Risk,Tamil Nadu,Coimbatore,B30,18-25,Male,3.4,Verified
INV004791,2024-02-02,2025-05-10,3,82222,316.0,231.5,At Risk,Telangana,Hyderabad,T30,18-25,Female,4.6,Verified
INV004792,2024-06-16,2024-12-26,2,49736,193.0,193.0,At Risk,Tamil Nadu,Chennai,T30,26-35,Male,20.5,Verified
INV004794,2024-09-17,2024-11-14,2,61521,58.0,58.0,At Risk,Rajasthan,Udaipur,B30,36-45,Female,46.0,Verified
INV004795,2024-07-31,2024-08-13,2,3219,13.0,13.0,Continuous,Uttar Pradesh,Kanpur,B30,36-45,Female,21.9,Verified
INV004796,2024-08-27,2024-10-10,4,12345,24.0,14.67,Continuous,Delhi,Noida,T30,18-25,Male,4.6,Verified
INV004797,2024-03-28,2024-10-21,4,58482,104.0,69.0,At Risk,Gujarat,Ahmedabad,T30,56+,Male,18.9,Verified
INV004798,2024-01-25,2024-12-12,7,63589,106.0,53.67,At Risk,Madhya Pradesh,Bhopal,B30,26-35,Male,8.4,Verified
INV004799,2024-04-22,2024-08-23,2,8337,123.0,123.0,At Risk,Madhya Pradesh,Indore,T30,26-35,Male,9.5,Verified
INV004801,2024-04-05,2025-05-17,3,9221,395.0,203.5,At Risk,Uttar Pradesh,Lucknow,T30,26-35,Male,13.2,Verified
INV004802,2024-02-05,2025-01-30,5,82010,228.0,90.0,At Risk,Uttar Pradesh,Kanpur,B30,26-35,Male,20.9,Verified
INV004803,2024-03-16,2025-05-06,4,30996,328.0,138.67,At Risk,Haryana,Gurugram,T30,18-25,Female,7.7,Verified
INV004804,2024-04-11,2025-05-12,6,105080,137.0,79.2,At Risk,Maharashtra,Mumbai,T30,36-45,Male,44.1,Verified
INV004805,2024-07-05,2025-03-30,7,90625,92.0,44.67,At Risk,Madhya Pradesh,Indore,T30,26-35,Female,7.6,Verified
INV004806,2024-07-08,2024-10-09,2,18923,93.0,93.0,At Risk,Madhya Pradesh,Indore,T30,18-25,Male,7.4,Verified
INV004807,2024-08-19,2025-05-04,8,33686,86.0,36.86,At Risk,Maharashtra,Mumbai,T30,36-45,Male,31.4,Pending
INV004808,2024-04-14,2024-11-09,3,60432,162.0,104.5,At Risk,Uttar Pradesh,Kanpur,B30,36-45,Male,47.0,Verified
INV004810,2024-06-27,2024-06-27,1,973,0.0,0.0,Continuous,Telangana,Hyderabad,T30,26-35,Female,14.5,Verified
INV004811,2024-08-07,2025-03-25,5,67056,82.0,57.5,At Risk,Punjab,Amritsar,B30,26-35,Female,9.4,Verified
INV004812,2024-11-12,2024-12-20,2,18983,38.0,38.0,At Risk,Punjab,Amritsar,B30,18-25,Male,4.4,Verified
INV004813,2024-01-31,2024-12-06,6,82203,253.0,62.0,At Risk,West Bengal,Kolkata,T30,26-35,Male,13.9,Verified
INV004814,2024-01-10,2024-11-03,4,22756,192.0,99.33,At Risk,Karnataka,Bangalore,T30,18-25,Female,7.8,Verified
INV004815,2024-01-30,2025-03-03,3,52927,376.0,199.0,At Risk,Tamil Nadu,Coimbatore,B30,36-45,Male,44.4,Pending
INV004816,2024-06-23,2024-12-31,2,25877,191.0,191.0,At Risk,Karnataka,Bangalore,T30,18-25,Male,4.1,Verified
INV004817,2024-01-10,2025-04-30,5,79597,216.0,119.0,At Risk,Haryana,Faridabad,B30,26-35,Male,20.4,Verified
INV004818,2024-10-12,2025-05-08,4,27587,112.0,69.33,At Risk,Maharashtra,Pune,T30,26-35,Male,23.5,Verified
INV004819,2024-03-09,2025-03-16,7,16931,120.0,62.0,At Risk,Telangana,Hyderabad,T30,26-35,Female,14.8,Verified
INV004820,2024-09-08,2025-01-04,2,42324,118.0,118.0,At Risk,Punjab,Chandigarh,T30,26-35,Male,10.4,Verified
INV004821,2024-08-12,2025-03-27,4,29051,110.0,75.67,At Risk,Tamil Nadu,Coimbatore,B30,26-35,Female,21.6,Verified
INV004822,2024-03-22,2025-04-01,5,18322,127.0,93.75,At Risk,Rajasthan,Udaipur,B30,26-35,Male,14.8,Verified
INV004823,2024-04-07,2025-05-26,5,39911,302.0,103.5,At Risk,Rajasthan,Jaipur,T30,36-45,Female,52.6,Verified
INV004825,2024-03-11,2025-05-05,7,49187,141.0,70.0,At Risk,Delhi,Noida,T30,56+,Male,15.3,Verified
INV004826,2024-06-18,2025-05-24,4,13930,172.0,113.33,At Risk,Tamil Nadu,Coimbatore,B30,26-35,Male,14.7,Pending
INV004827,2024-08-08,2025-02-03,2,18333,179.0,179.0,At Risk,Uttar Pradesh,Kanpur,B30,56+,Female,43.7,Verified
INV004828,2024-10-14,2024-12-10,4,70341,32.0,19.0,Continuous,Gujarat,Surat,T30,56+,Female,58.3,Verified
INV004829,2024-03-30,2025-01-11,5,76891,155.0,71.75,At Risk,Madhya Pradesh,Indore,T30,26-35,Male,21.8,Verified
INV004830,2024-02-19,2024-06-20,3,66599,79.0,61.0,At Risk,Gujarat,Ahmedabad,T30,26-35,Male,15.1,Verified
INV004831,2024-01-12,2024-10-31,2,14420,293.0,293.0,At Risk,Maharashtra,Mumbai,T30,18-25,Female,5.9,Verified
INV004832,2024-02-10,2025-01-27,2,101248,352.0,352.0,At Risk,Uttar Pradesh,Kanpur,B30,18-25,Male,3.8,Verified
INV004833,2024-05-27,2025-04-19,6,58795,171.0,65.4,At Risk,Madhya Pradesh,Bhopal,B30,26-35,Female,16.5,Verified
INV004834,2024-02-05,2024-12-10,9,172198,106.0,38.62,At Risk,Delhi,New Delhi,T30,26-35,Male,20.0,Verified
INV004835,2024-05-16,2025-05-20,5,32347,214.0,92.25,At Risk,Maharashtra,Nashik,B30,56+,Male,12.9,Verified
INV004836,2024-03-16,2025-04-13,4,55742,254.0,131.0,At Risk,West Bengal,Kolkata,T30,26-35,Male,8.3,Verified
INV004837,2024-02-27,2025-05-13,5,74453,145.0,110.25,At Risk,Punjab,Amritsar,B30,18-25,Male,5.7,Verified
INV004839,2024-09-16,2024-09-16,1,27959,0.0,0.0,Continuous,Karnataka,Mysore,B30,26-35,Male,19.1,Verified
INV004840,2024-05-22,2025-01-23,7,22257,103.0,41.0,At Risk,Maharashtra,Pune,T30,18-25,Male,6.5,Verified
INV004841,2024-01-07,2025-04-23,4,14366,351.0,157.33,At Risk,West Bengal,Kolkata,T30,26-35,Male,21.4,Verified
INV004842,2024-08-29,2024-08-29,1,6378,0.0,0.0,Continuous,Rajasthan,Udaipur,B30,46-55,Male,32.8,Verified
INV004843,2024-04-07,2025-03-29,8,74856,153.0,50.86,At Risk,Haryana,Faridabad,B30,56+,Male,49.8,Pending
INV004844,2024-04-24,2025-05-29,7,25433,118.0,66.67,At Risk,Maharashtra,Pune,T30,26-35,Male,15.7,Verified
INV004845,2024-01-25,2025-03-09,6,90582,197.0,81.8,At Risk,West Bengal,Kolkata,T30,18-25,Male,7.5,Verified
INV004846,2024-03-14,2025-03-06,4,75065,209.0,119.0,At Risk,Rajasthan,Udaipur,B30,26-35,Male,9.2,Verified
INV004847,2024-01-27,2025-04-12,7,51384,281.0,73.5,At Risk,Maharashtra,Pune,T30,26-35,Female,7.0,Verified
INV004848,2024-01-17,2025-03-25,9,116418,166.0,54.12,At Risk,Haryana,Gurugram,T30,26-35,Male,15.6,Verified
INV004849,2024-03-15,2025-01-27,4,60719,177.0,106.0,At Risk,Maharashtra,Pune,T30,46-55,Female,21.9,Verified
INV004850,2024-01-12,2025-02-28,5,150491,162.0,103.25,At Risk,Madhya Pradesh,Bhopal,B30,56+,Male,34.8,Verified
INV004851,2024-03-19,2024-10-05,2,2464,200.0,200.0,At Risk,Uttar Pradesh,Lucknow,T30,26-35,Male,9.3,Verified
INV004852,2024-01-09,2025-03-07,3,9933,221.0,211.5,At Risk,Gujarat,Ahmedabad,T30,36-45,Male,35.1,Verified
INV004853,2024-07-06,2025-05-06,4,37681,137.0,101.33,At Risk,Haryana,Gurugram,T30,26-35,Female,15.6,Verified
INV004854,2024-01-15,2025-05-09,5,34504,186.0,120.0,At Risk,Rajasthan,Udaipur,B30,18-25,Female,3.5,Verified
INV004855,2024-04-11,2024-09-07,4,18972,98.0,49.67,At Risk,Madhya Pradesh,Bhopal,B30,36-45,Female,49.4,Verified
INV004856,2024-04-05,2024-12-04,4,28904,132.0,81.0,At Risk,Maharashtra,Mumbai,T30,36-45,Male,54.3,Verified
INV004857,2024-06-04,2024-12-26,2,16955,205.0,205.0,At Risk,Delhi,Noida,T30,26-35,Male,15.3,Verified
INV004858,2024-02-21,2025-03-29,5,95946,243.0,100.5,At Risk,Uttar Pradesh,Kanpur,B30,36-45,Male,56.4,Verified
INV004860,2024-03-04,2025-03-31,6,42106,189.0,78.4,At Risk,Punjab,Amritsar,B30,46-55,Male,47.7,Verified
INV004861,2024-03-05,2024-11-21,2,1501,261.0,261.0,At Risk,Telangana,Hyderabad,T30,18-25,Male,3.6,Verified
INV004862,2024-07-21,2025-04-20,2,13573,273.0,273.0,At Risk,Telangana,Hyderabad,T30,26-35,Female,18.6,Verified
INV004863,2024-03-18,2025-04-30,7,35988,220.0,68.0,At Risk,Maharashtra,Mumbai,T30,26-35,Male,21.1,Verified
INV004864,2024-03-05,2025-01-02,8,85458,114.0,43.29,At Risk,Punjab,Amritsar,B30,26-35,Female,10.5,Verified
INV004865,2024-02-20,2025-05-23,7,103440,143.0,76.33,At Risk,Maharashtra,Nashik,B30,56+,Male,77.2,Verified
INV004866,2024-01-24,2024-12-21,4,23106,138.0,110.67,At Risk,Madhya Pradesh,Bhopal,B30,36-45,Male,14.6,Verified
INV004867,2024-01-03,2025-02-08,4,17336,181.0,134.0,At Risk,Karnataka,Bangalore,T30,18-25,Male,7.3,Verified
INV004868,2024-04-13,2025-05-10,8,125207,226.0,56.0,At Risk,Karnataka,Bangalore,T30,36-45,Male,49.4,Verified
INV004869,2024-02-25,2024-05-06,2,9015,71.0,71.0,At Risk,West Bengal,Kolkata,T30,26-35,Male,9.7,Verified
INV004870,2024-03-20,2024-06-30,2,6031,102.0,102.0,At Risk,Punjab,Amritsar,B30,46-55,Male,65.9,Verified
INV004871,2024-01-10,2025-05-08,8,163615,170.0,69.14,At Risk,Punjab,Chandigarh,T30,26-35,Male,9.2,Verified
INV004872,2024-03-02,2024-10-21,2,2865,233.0,233.0,At Risk,West Bengal,Kolkata,T30,26-35,Male,13.8,Verified
INV004874,2024-02-26,2025-03-15,3,14066,192.0,191.5,At Risk,Tamil Nadu,Coimbatore,B30,46-55,Male,35.2,Verified
INV004875,2024-05-18,2025-05-02,5,67725,211.0,87.25,At Risk,West Bengal,Kolkata,T30,26-35,Male,25.0,Verified
INV004876,2024-03-01,2025-04-15,5,36422,173.0,102.5,At Risk,Karnataka,Bangalore,T30,18-25,Male,7.1,Pending
INV004877,2024-01-14,2025-05-11,7,74162,276.0,80.5,At Risk,Karnataka,Mysore,B30,26-35,Male,18.0,Verified
INV004878,2025-02-10,2025-02-10,1,2870,0.0,0.0,Continuous,Delhi,Gurugram,T30,18-25,Male,5.8,Verified
INV004879,2025-05-25,2025-05-25,1,17890,0.0,0.0,Continuous,Madhya Pradesh,Bhopal,B30,46-55,Female,23.2,Verified
INV004880,2024-01-04,2024-10-21,5,60161,101.0,72.75,At Risk,Punjab,Chandigarh,T30,26-35,Male,6.3,Verified
INV004881,2024-04-07,2025-05-11,3,21919,223.0,199.5,At Risk,Delhi,New Delhi,T30,18-25,Male,3.8,Verified
INV004882,2024-06-25,2024-11-11,2,51183,139.0,139.0,At Risk,Madhya Pradesh,Bhopal,B30,26-35,Male,15.2,Verified
INV004883,2024-12-13,2025-04-08,3,21233,73.0,58.0,At Risk,West Bengal,Kolkata,T30,26-35,Male,9.7,Verified
INV004884,2024-05-05,2025-01-08,3,8024,158.0,124.0,At Risk,Karnataka,Bangalore,T30,18-25,Male,4.7,Verified
INV004885,2024-10-02,2025-05-22,4,30477,163.0,77.33,At Risk,Punjab,Amritsar,B30,26-35,Male,11.7,Verified
INV004886,2024-03-15,2024-07-27,2,54135,134.0,134.0,At Risk,Tamil Nadu,Chennai,T30,26-35,Male,18.1,Verified
INV004887,2024-06-17,2024-06-17,1,2825,0.0,0.0,Continuous,Gujarat,Surat,T30,56+,Female,79.4,Verified
INV004888,2024-09-23,2025-03-31,4,20867,91.0,63.0,At Risk,Delhi,Gurugram,T30,26-35,Female,6.7,Verified
INV004889,2024-01-28,2025-03-27,7,65286,159.0,70.67,At Risk,Rajasthan,Jaipur,T30,46-55,Male,34.5,Verified
INV004890,2024-03-25,2025-03-15,3,16888,253.0,177.5,At Risk,Telangana,Hyderabad,T30,18-25,Female,5.8,Verified
INV004891,2024-02-08,2025-03-05,8,122650,128.0,55.86,At Risk,Telangana,Hyderabad,T30,46-55,Female,83.5,Verified
INV004892,2024-02-25,2025-04-08,4,16938,258.0,136.0,At Risk,West Bengal,Kolkata,T30,26-35,Female,22.7,Verified
INV004893,2024-08-15,2024-08-31,2,10107,16.0,16.0,Continuous,Delhi,Gurugram,T30,36-45,Male,32.6,Verified
INV004894,2024-01-07,2024-08-17,4,54617,152.0,74.33,At Risk,Telangana,Hyderabad,T30,26-35,Female,21.0,Verified
INV004895,2024-06-26,2024-12-24,3,14525,157.0,90.5,At Risk,Delhi,Noida,T30,36-45,Male,43.2,Verified
INV004896,2024-02-13,2025-03-16,6,125806,252.0,79.4,At Risk,Uttar Pradesh,Agra,B30,18-25,Female,3.5,Verified
INV004897,2025-02-02,2025-02-02,1,25684,0.0,0.0,Continuous,Madhya Pradesh,Indore,T30,36-45,Male,38.1,Verified
INV004898,2024-06-10,2024-06-10,1,2777,0.0,0.0,Continuous,Haryana,Faridabad,B30,56+,Female,48.9,Verified
INV004899,2024-01-20,2024-10-26,5,53214,124.0,70.0,At Risk,Delhi,New Delhi,T30,36-45,Male,39.4,Verified
INV004900,2024-06-13,2025-01-14,4,47820,134.0,71.67,At Risk,Delhi,Noida,T30,36-45,Male,32.1,Verified
INV004901,2024-06-18,2025-03-18,6,148100,96.0,54.6,At Risk,Haryana,Gurugram,T30,26-35,Female,10.8,Verified
INV004903,2024-02-15,2025-04-21,5,17174,173.0,107.75,At Risk,Karnataka,Bangalore,T30,26-35,Male,11.4,Verified
INV004904,2024-07-14,2024-12-09,3,65663,104.0,74.0,At Risk,Tamil Nadu,Chennai,T30,26-35,Female,8.6,Verified
INV004905,2024-12-30,2024-12-30,1,8074,0.0,0.0,Continuous,Punjab,Amritsar,B30,56+,Male,40.4,Verified
INV004906,2024-05-14,2024-05-14,1,2320,0.0,0.0,Continuous,Madhya Pradesh,Indore,T30,26-35,Male,9.9,Verified
INV004907,2024-09-14,2025-01-10,4,16169,76.0,39.33,At Risk,Gujarat,Ahmedabad,T30,26-35,Male,20.7,Verified
INV004908,2024-03-05,2025-03-12,5,42113,238.0,93.0,At Risk,Rajasthan,Jaipur,T30,18-25,Male,6.1,Verified
INV004909,2024-02-20,2024-02-20,1,541,0.0,0.0,Continuous,Karnataka,Bangalore,T30,36-45,Male,20.3,Verified
INV004910,2024-05-21,2025-05-11,5,33526,242.0,88.75,At Risk,Karnataka,Mysore,B30,26-35,Female,22.7,Verified
INV004911,2024-01-20,2025-02-05,7,86745,97.0,63.67,At Risk,West Bengal,Kolkata,T30,26-35,Female,9.4,Verified
INV004912,2024-03-07,2025-04-23,4,30971,163.0,137.33,At Risk,West Bengal,Kolkata,T30,18-25,Male,6.4,Verified
INV004913,2024-03-12,2025-05-21,6,93099,156.0,87.0,At Risk,Rajasthan,Udaipur,B30,26-35,Male,8.6,Verified
INV004914,2024-01-10,2025-02-01,4,24009,263.0,129.33,At Risk,Karnataka,Mysore,B30,26-35,Female,13.4,Verified
INV004915,2024-01-01,2024-08-08,5,52015,86.0,55.0,At Risk,Uttar Pradesh,Kanpur,B30,26-35,Male,9.6,Verified
INV004916,2024-01-16,2025-04-13,7,93354,162.0,75.5,At Risk,Haryana,Faridabad,B30,26-35,Male,12.5,Verified
INV004917,2024-06-14,2025-04-16,7,108261,77.0,51.0,At Risk,Uttar Pradesh,Kanpur,B30,26-35,Male,18.3,Verified
INV004918,2024-05-22,2025-05-11,5,35405,206.0,88.5,At Risk,Punjab,Amritsar,B30,56+,Female,46.9,Verified
INV004919,2024-10-01,2025-05-24,3,35080,205.0,117.5,At Risk,Telangana,Hyderabad,T30,26-35,Male,6.6,Verified
INV004920,2024-07-12,2025-04-16,5,17285,159.0,69.5,At Risk,Rajasthan,Jaipur,T30,56+,Male,16.3,Verified
INV004921,2024-07-14,2024-07-14,1,489,0.0,0.0,Continuous,Karnataka,Bangalore,T30,18-25,Male,3.9,Verified
INV004922,2024-02-09,2025-04-13,3,20919,366.0,214.5,At Risk,Haryana,Gurugram,T30,56+,Male,28.2,Verified
INV004923,2024-06-22,2024-11-15,3,29801,134.0,73.0,At Risk,Karnataka,Mysore,B30,26-35,Male,19.3,Verified
INV004924,2024-01-10,2025-05-02,9,166708,116.0,59.75,At Risk,Telangana,Hyderabad,T30,36-45,Male,16.1,Verified
INV004925,2024-01-30,2025-03-30,7,51377,105.0,70.83,At Risk,Maharashtra,Pune,T30,18-25,Female,5.4,Verified
INV004926,2024-02-21,2025-05-30,8,93001,133.0,66.29,At Risk,Karnataka,Mysore,B30,36-45,Male,45.3,Verified
INV004927,2024-02-25,2024-09-17,7,95667,63.0,34.17,At Risk,Maharashtra,Nashik,B30,26-35,Male,19.5,Verified
INV004928,2024-11-17,2024-11-17,1,3046,0.0,0.0,Continuous,Maharashtra,Pune,T30,36-45,Male,17.1,Verified
INV004929,2024-02-28,2025-05-25,4,95827,386.0,150.67,At Risk,Telangana,Hyderabad,T30,36-45,Female,56.8,Verified
INV004930,2024-03-22,2024-05-02,2,1349,41.0,41.0,At Risk,West Bengal,Kolkata,T30,26-35,Male,15.5,Verified
INV004931,2024-04-12,2024-11-11,2,2155,213.0,213.0,At Risk,Punjab,Chandigarh,T30,26-35,Male,21.7,Verified
INV004932,2024-01-23,2025-03-02,4,19899,224.0,134.67,At Risk,Tamil Nadu,Chennai,T30,26-35,Female,21.1,Verified
INV004933,2024-07-20,2024-11-03,3,50501,86.0,53.0,At Risk,Karnataka,Bangalore,T30,46-55,Female,65.3,Verified
INV004934,2024-09-13,2025-04-27,5,18778,122.0,56.5,At Risk,West Bengal,Kolkata,T30,26-35,Female,22.0,Verified
INV004935,2024-10-30,2025-03-31,2,9444,152.0,152.0,At Risk,Telangana,Hyderabad,T30,56+,Female,44.7,Pending
INV004937,2024-07-19,2024-07-19,1,4433,0.0,0.0,Continuous,Tamil Nadu,Chennai,T30,46-55,Male,96.7,Verified
INV004938,2024-05-14,2025-04-29,5,107826,166.0,87.5,At Risk,Karnataka,Bangalore,T30,18-25,Male,6.3,Verified
INV004939,2024-01-04,2024-12-17,5,80724,190.0,87.0,At Risk,Punjab,Amritsar,B30,18-25,Male,4.7,Verified
INV004940,2024-12-20,2024-12-20,1,2377,0.0,0.0,Continuous,Karnataka,Bangalore,T30,36-45,Male,16.1,Verified
INV004942,2025-01-19,2025-05-27,4,58529,54.0,42.67,At Risk,Maharashtra,Mumbai,T30,26-35,Female,6.3,Verified
INV004943,2024-04-12,2025-05-14,4,82519,279.0,132.33,At Risk,Telangana,Hyderabad,T30,26-35,Male,8.8,Verified
INV004944,2024-06-30,2025-05-21,3,7374,166.0,162.5,At Risk,West Bengal,Kolkata,T30,18-25,Male,4.5,Verified
INV004945,2024-02-18,2025-05-25,5,63148,208.0,115.5,At Risk,West Bengal,Kolkata,T30,36-45,Female,56.8,Verified
INV004946,2024-09-08,2024-09-08,1,3293,0.0,0.0,Continuous,Gujarat,Surat,T30,26-35,Female,19.5,Verified
INV004947,2024-02-02,2024-09-14,6,52036,75.0,45.0,At Risk,Telangana,Hyderabad,T30,26-35,Female,19.7,Verified
INV004948,2024-06-13,2025-04-25,4,34809,229.0,105.33,At Risk,Madhya Pradesh,Indore,T30,56+,Male,54.1,Verified
INV004949,2024-12-04,2025-01-19,3,3614,25.0,23.0,Continuous,Delhi,Gurugram,T30,26-35,Male,11.3,Verified
INV004950,2024-03-07,2025-05-06,5,83064,169.0,106.25,At Risk,Madhya Pradesh,Indore,T30,26-35,Male,9.8,Verified
INV004951,2024-03-12,2025-02-22,4,39129,187.0,115.67,At Risk,Karnataka,Mysore,B30,26-35,Female,7.5,Verified
INV004952,2024-07-02,2025-03-17,2,17873,258.0,258.0,At Risk,Uttar Pradesh,Kanpur,B30,26-35,Male,15.9,Verified
INV004953,2024-02-15,2025-03-24,7,50981,138.0,67.17,At Risk,Haryana,Faridabad,B30,36-45,Male,36.3,Verified
INV004954,2024-03-23,2024-09-23,2,13959,184.0,184.0,At Risk,Haryana,Faridabad,B30,26-35,Female,6.6,Verified
INV004955,2024-09-06,2025-04-24,3,9136,185.0,115.0,At Risk,Madhya Pradesh,Bhopal,B30,46-55,Male,63.3,Verified
INV004956,2024-02-17,2025-04-06,8,51297,155.0,59.14,At Risk,Maharashtra,Mumbai,T30,46-55,Male,62.4,Verified
INV004957,2024-01-09,2024-04-24,3,33278,73.0,53.0,At Risk,Delhi,New Delhi,T30,36-45,Male,51.2,Verified
INV004958,2024-01-10,2025-03-24,7,146343,135.0,73.17,At Risk,Maharashtra,Mumbai,T30,36-45,Male,20.9,Verified
INV004959,2024-01-24,2025-01-01,6,32047,193.0,68.6,At Risk,Delhi,New Delhi,T30,18-25,Female,5.8,Verified
INV004960,2024-05-24,2024-10-08,3,13118,83.0,68.5,At Risk,Uttar Pradesh,Kanpur,B30,26-35,Male,20.1,Verified
INV004961,2024-01-14,2025-04-24,3,18109,280.0,233.0,At Risk,West Bengal,Kolkata,T30,36-45,Male,15.0,Verified
INV004962,2024-03-04,2025-01-08,5,45023,231.0,77.5,At Risk,Uttar Pradesh,Agra,B30,18-25,Male,6.7,Verified
INV004963,2024-03-03,2025-05-16,5,21017,120.0,109.75,At Risk,Delhi,Noida,T30,36-45,Female,59.6,Verified
INV004964,2024-06-08,2025-03-22,3,26925,175.0,143.5,At Risk,Rajasthan,Jaipur,T30,56+,Male,20.5,Pending
INV004966,2024-11-25,2024-11-25,1,4066,0.0,0.0,Continuous,Rajasthan,Jaipur,T30,26-35,Male,13.8,Verified
INV004967,2024-03-26,2025-02-05,6,35869,112.0,63.2,At Risk,Telangana,Hyderabad,T30,26-35,Male,14.3,Verified
INV004968,2024-03-01,2024-07-26,5,24988,49.0,36.75,At Risk,Delhi,Noida,T30,26-35,Male,22.2,Verified
INV004969,2024-04-09,2025-02-24,5,77999,188.0,80.25,At Risk,Karnataka,Bangalore,T30,36-45,Male,40.2,Pending
INV004970,2024-07-03,2025-03-06,5,41923,90.0,61.5,At Risk,Maharashtra,Nashik,B30,36-45,Female,27.6,Verified
INV004971,2024-01-15,2024-09-16,2,6164,245.0,245.0,At Risk,Telangana,Hyderabad,T30,26-35,Male,21.3,Verified
INV004972,2024-03-06,2025-02-12,3,22056,336.0,171.5,At Risk,Uttar Pradesh,Lucknow,T30,18-25,Male,4.0,Verified
INV004973,2024-02-14,2025-04-29,9,90235,99.0,55.0,At Risk,Tamil Nadu,Coimbatore,B30,26-35,Male,11.3,Verified
INV004974,2024-04-12,2025-04-14,8,87162,102.0,52.43,At Risk,Gujarat,Ahmedabad,T30,56+,Female,62.6,Verified
INV004977,2024-05-09,2025-02-28,2,18387,295.0,295.0,At Risk,Gujarat,Surat,T30,18-25,Male,5.4,Verified
INV004978,2024-03-31,2025-04-18,7,88463,157.0,63.83,At Risk,Uttar Pradesh,Lucknow,T30,46-55,Male,34.3,Verified
INV004979,2024-05-17,2025-01-19,3,57390,199.0,123.5,At Risk,Punjab,Chandigarh,T30,26-35,Male,21.5,Verified
INV004980,2024-03-19,2024-12-22,3,61224,143.0,139.0,At Risk,Punjab,Amritsar,B30,36-45,Female,36.6,Verified
INV004981,2024-01-05,2024-12-14,8,53117,115.0,49.14,At Risk,Haryana,Faridabad,B30,18-25,Male,3.5,Verified
INV004982,2024-02-07,2025-02-11,4,20213,248.0,123.33,At Risk,Haryana,Faridabad,B30,18-25,Female,7.9,Verified
INV004983,2024-01-16,2024-12-27,7,172616,128.0,57.67,At Risk,Madhya Pradesh,Bhopal,B30,26-35,Male,20.6,Verified
INV004984,2024-01-31,2025-04-27,7,94301,177.0,75.33,At Risk,Uttar Pradesh,Agra,B30,46-55,Female,78.8,Verified
INV004985,2024-01-24,2025-03-17,4,71075,220.0,139.33,At Risk,Madhya Pradesh,Indore,T30,56+,Female,79.4,Verified
INV004986,2024-01-27,2025-05-29,7,68422,185.0,81.33,At Risk,Madhya Pradesh,Bhopal,B30,26-35,Male,12.3,Verified
INV004987,2024-02-04,2024-12-03,4,52783,208.0,101.0,At Risk,Telangana,Hyderabad,T30,46-55,Male,37.1,Verified
INV004988,2024-01-23,2025-04-10,2,27084,443.0,443.0,At Risk,Delhi,Noida,T30,56+,Male,69.6,Verified
INV004989,2024-03-31,2025-05-05,5,64258,149.0,100.0,At Risk,Karnataka,Bangalore,T30,26-35,Male,6.4,Verified
INV004990,2024-05-06,2025-01-03,4,22919,168.0,80.67,At Risk,Maharashtra,Nashik,B30,26-35,Female,9.5,Verified
INV004991,2024-04-30,2024-04-30,1,7132,0.0,0.0,Continuous,Telangana,Hyderabad,T30,26-35,Female,17.3,Verified
INV004992,2024-01-05,2025-05-08,7,71260,176.0,81.5,At Risk,Rajasthan,Udaipur,B30,26-35,Male,11.1,Verified
INV004993,2024-07-07,2025-01-11,2,3479,188.0,188.0,At Risk,Karnataka,Bangalore,T30,36-45,Female,55.6,Verified
INV004994,2024-06-23,2025-01-10,4,64515,129.0,67.0,At Risk,Delhi,New Delhi,T30,36-45,Male,31.9,Verified
INV004995,2024-05-24,2025-01-05,4,20428,122.0,75.33,At Risk,West Bengal,Kolkata,T30,36-45,Male,53.0,Verified
INV004996,2024-03-04,2025-04-25,10,84912,104.0,46.33,At Risk,Delhi,New Delhi,T30,46-55,Male,87.8,Verified
INV004997,2024-02-27,2025-04-28,7,128346,248.0,71.0,At Risk,Tamil Nadu,Coimbatore,B30,36-45,Female,54.3,Verified
INV004998,2024-06-30,2025-02-09,3,41272,182.0,112.0,At Risk,Gujarat,Ahmedabad,T30,36-45,Male,24.2,Verified
INV004999,2024-05-26,2024-09-11,2,36172,108.0,108.0,At Risk,Telangana,Hyderabad,T30,26-35,Male,24.8,Verified
